"taxon_name","accepted_wcvp_name","accepted_wcvp_name_binomial"
"Abelmoschus esculentus (L.) Moench","Abelmoschus esculentus (L.) Moench","Abelmoschus esculentus"
"Abelmoschus sp.","Abelmoschus sp.","Abelmoschus sp."
"Abies amabilis (Douglas ex Loudon) Douglas ex Forbes","Abies amabilis Douglas ex J.Forbes","Abies amabilis"
"Abies balsamea (L.) Mill.","Abies balsamea (L.) Mill.","Abies balsamea"
"Abies balsamea (L.) Mill. var. phanerolepis Fernald","Abies balsamea var. phanerolepis Fernald","Abies balsamea"
"Abies lowiana (Gordon & Glend.) A. Murray bis","Abies concolor (Gordon & Glend.) Lindl. ex Hildebr.","Abies concolor"
"Abies concolor (Gord. & Glend.) Lindl. ex Hildebr.","Abies concolor (Gordon & Glend.) Lindl. ex Hildebr.","Abies concolor"
"Abies fraseri (Pursh) Poir.","Abies fraseri (Pursh) Poir.","Abies fraseri"
"Abies grandis (Douglas ex D. Don) Lindl.","Abies grandis (Douglas ex D.Don) Lindl.","Abies grandis"
"Abies lasiocarpa (Hook.) Nutt.","Abies lasiocarpa (Hook.) Nutt.","Abies lasiocarpa"
"Abies lasiocarpa (Hook.) Nutt. var. lasiocarpa","Abies lasiocarpa var. lasiocarpa","Abies lasiocarpa"
"Abies magnifica A. Murray bis","Abies magnifica A.Murray bis","Abies magnifica"
"Abies procera Rehder","Abies procera Rehder","Abies procera"
"Abies sp.","Abies sp.","Abies sp."
"Abies spp.","Abies spp.","Abies sp."
"Abronia elliptica A. Nelson","Abronia elliptica A.Nelson","Abronia elliptica"
"Abronia fragrans Nutt. ex Hook.","Abronia fragrans Nutt. ex Hook.","Abronia fragrans"
"Abronia spp.","Abronia spp.","Abronia sp."
"Abronia sp.","Abronia sp.","Abronia sp."
"Abrus precatorius L.","Abrus precatorius L.","Abrus precatorius"
"Abutilon abutiloides (Jacq.) Garcke ex Hochr.","Abutilon abutiloides (Jacq.) Garcke ex Hochr.","Abutilon abutiloides"
"Abutilon grandifolium (Willd.) Sweet","Abutilon grandifolium (Willd.) Sweet","Abutilon grandifolium"
"Abutilon hirtum (Lam.) Sweet","Abutilon hirtum (Lam.) Sweet","Abutilon hirtum"
"Abutilon incanum (Link) Sweet","Abutilon incanum (Link) Sweet","Abutilon incanum"
"Abutilon palmeri A. Gray","Abutilon palmeri A.Gray","Abutilon palmeri"
"Abutilon parvulum A. Gray","Abutilon parvulum A.Gray","Abutilon parvulum"
"Abutilon sp.","Abutilon sp.","Abutilon sp."
"Abutilon spp.","Abutilon spp.","Abutilon sp."
"Abutilon theophrasti Medik.","Abutilon theophrasti Medik.","Abutilon theophrasti"
"Bastardia viscosa (L.) Kunth","Abutilon viscosum (L.) Dorr","Abutilon viscosum"
"Acacia koa A. Gray","Acacia koa A.Gray","Acacia koa"
"Acacia sp.","Acacia sp.","Acacia sp."
"Acacia angustissima (Mill.) Kuntze","Acaciella angustissima (Mill.) Britton & Rose","Acaciella angustissima"
"Acalypha gracilens A. Gray","Acalypha gracilens A.Gray","Acalypha gracilens"
"Acalypha monococca (Engelm. ex A. Gray) Lill. W. Mill. & Gandhi","Acalypha monococca (Engelm. ex A.Gray) Lill.W.Mill. & Gandhi","Acalypha monococca"
"Acalypha neomexicana Müll. Arg.","Acalypha neomexicana Müll.Arg.","Acalypha neomexicana"
"Acalypha ostryifolia Riddell","Acalypha persimilis Müll.Arg.","Acalypha persimilis"
"Acalypha rhomboidea Raf.","Acalypha rhomboidea Raf.","Acalypha rhomboidea"
"Acalypha sp.","Acalypha sp.","Acalypha sp."
"Acalypha spp.","Acalypha spp.","Acalypha sp."
"Acalypha virginica L.","Acalypha virginica L.","Acalypha virginica"
"Acanthospermum hispidum DC.","Acanthospermum hispidum DC.","Acanthospermum hispidum"
"Acer circinatum Pursh","Acer circinatum Pursh","Acer circinatum"
"Acer glabrum Torr.","Acer glabrum Torr.","Acer glabrum"
"Acer glabrum Torr. var. douglasii (Hook.) Dippel","Acer glabrum var. douglasii (Hook.) Dippel","Acer glabrum"
"Acer grandidentatum Nutt. var. sinuosum (Rehder) Little","Acer grandidentatum var. sinuosum (Rehder) Little","Acer grandidentatum"
"Acer macrophyllum Pursh","Acer macrophyllum Pursh","Acer macrophyllum"
"Acer negundo L.","Acer negundo L.","Acer negundo"
"Acer negundo L. var. negundo","Acer negundo L. var. negundo","Acer negundo"
"Acer palmatum Thunb.","Acer palmatum Thunb.","Acer palmatum"
"Acer pensylvanicum L.","Acer pensylvanicum L.","Acer pensylvanicum"
"Acer platanoides L.","Acer platanoides L.","Acer platanoides"
"Acer rubrum L.","Acer rubrum L.","Acer rubrum"
"Acer rubrum L. var. trilobum Torr. & A. Gray ex K. Koch","Acer rubrum L.","Acer rubrum"
"Acer rubrum L. var. rubrum","Acer rubrum L.","Acer rubrum"
"Acer saccharinum L.","Acer saccharinum L.","Acer saccharinum"
"Acer saccharum Marshall","Acer saccharum Marshall","Acer saccharum"
"Acer saccharum Marshall var. saccharum","Acer saccharum Marshall var. saccharum","Acer saccharum"
"Acer nigrum Michx. f.","Acer saccharum subsp. nigrum (F.Michx.) Desmarais","Acer saccharum"
"Acer barbatum Michx.","Acer saccharum subsp. floridanum (Chapm.) Desmarais","Acer saccharum"
"Acer leucoderme Small","Acer saccharum subsp. leucoderme (Small) Desmarais","Acer saccharum"
"Acer sp.","Acer sp.","Acer sp."
"Acer spp.","Acer spp.","Acer sp."
"Acer spicatum Lam.","Acer spicatum Lam.","Acer spicatum"
"Acer ×freemanii A.E. Murray","Acer × freemanii A.E.Murray","Acer × freemanii"
"Achillea millefolium L.","Achillea millefolium L.","Achillea millefolium"
"Achillea millefolium L. var. alpicola (Rydb.) Garrett","Achillea millefolium subsp. millefolium","Achillea millefolium"
"Achillea millefolium L. var. borealis (Bong.) Farw.","Achillea millefolium subsp. millefolium","Achillea millefolium"
"Achillea millefolium L. var. occidentalis DC.","Achillea millefolium subsp. millefolium","Achillea millefolium"
"Achillea sp.","Achillea sp.","Achillea sp."
"Achlys triphylla (Sm.) DC.","Achlys triphylla DC.","Achlys triphylla"
"Achnatherum nelsonii (Scribn.) Barkworth ssp. nelsonii","Achnatherum nelsonii (Scribn.) Barkworth ssp. nelsonii","Achnatherum nelsonii"
"Achnatherum occidentale (Thurb.) Barkworth ssp. occidentale","Achnatherum occidentale (Thurb.) Barkworth ssp. occidentale","Achnatherum occidentale"
"Achnatherum sp.","Achnatherum sp.","Achnatherum sp."
"Achnatherum spp.","Achnatherum spp.","Achnatherum sp."
"Achyranthes aspera L.","Achyranthes aspera L.","Achyranthes aspera"
"Ammocodon chenopodioides (A. Gray) Standl.","Acleisanthes chenopodioides (A.Gray) R.A.Levin","Acleisanthes chenopodioides"
"Selinocarpus parvifolius (Torr.) Standl.","Acleisanthes parvifolia (Torr.) R.A.Levin","Acleisanthes parvifolia"
"Acmella oppositifolia (Lam.) R.K. Jansen var. repens (Walter) R.K. Jansen","Acmella repens (Walter) Rich.","Acmella repens"
"Lotus unifoliolatus (Hook.) Benth.","Acmispon americanus var. americanus","Acmispon americanus"
"Lotus argophyllus (A. Gray) Greene","Acmispon argophyllus (A.Gray) Brouillet","Acmispon argophyllus"
"Lotus humistratus Greene","Acmispon brachycarpus (Benth.) D.D.Sokoloff","Acmispon brachycarpus"
"Lotus greenei Ottley ex Kearney & Peebles","Acmispon neomexicanus (Greene) Brouillet","Acmispon neomexicanus"
"Lotus micranthus Benth.","Acmispon parviflorus (Benth.) D.D.Sokoloff","Acmispon parviflorus"
"Lotus plebeius (Brandegee) Barneby","Acmispon plebeius (Brandegee) Allred","Acmispon plebeius"
"Lotus nuttallianus Greene","Acmispon prostratus (Nutt.) Brouillet","Acmispon prostratus"
"Lotus strigosus (Nutt.) Greene","Acmispon strigosus (Nutt.) Brouillet","Acmispon strigosus"
"Lotus wrangelianus Fisch. & C.A. Mey.","Acmispon wrangelianus (Fisch. & C.A.Mey.) Sokoloff","Acmispon wrangelianus"
"Lotus wrightii (A. Gray) Greene","Acmispon wrightii (A.Gray) Brouillet","Acmispon wrightii"
"Aconitum columbianum Nutt.","Aconitum columbianum Nutt.","Aconitum columbianum"
"Aconitum delphiniifolium DC.","Aconitum delphiniifolium DC.","Aconitum delphiniifolium"
"Acorus americanus (Raf.) Raf.","Acorus calamus var. americanus Raf.","Acorus calamus"
"Acourtia nana (A. Gray) Reveal & R.M. King","Acourtia nana (A.Gray) Reveal & R.M.King","Acourtia nana"
"Acourtia runcinata (Lag. ex D. Don) B.L. Turner","Acourtia runcinata (D.Don) B.L.Turner","Acourtia runcinata"
"Acourtia sp.","Acourtia sp.","Acourtia sp."
"Actaea pachypoda Elliott","Actaea pachypoda Elliott","Actaea pachypoda"
"Actaea racemosa L.","Actaea racemosa L.","Actaea racemosa"
"Actaea rubra (Aiton) Willd.","Actaea rubra (Aiton) Willd.","Actaea rubra"
"Actaea sp.","Actaea sp.","Actaea sp."
"Actaea spp.","Actaea spp.","Actaea sp."
"Adelia ricinella L.","Adelia ricinella L.","Adelia ricinella"
"Adenocaulon bicolor Hook.","Adenocaulon bicolor Hook.","Adenocaulon bicolor"
"Adenophorus hymenophylloides (Kaulf.) Hook. & Grev.","Adenophorus hymenophylloides (Kaulf.) Hook. & Grev.","Adenophorus hymenophylloides"
"Adenophorus sp.","Adenophorus sp.","Adenophorus sp."
"Adenophorus tamariscinus (Kaulf.) Hook. & Grev.","Adenophorus tamariscinus (Kaulf.) Hook. & Grev.","Adenophorus tamariscinus"
"Adenophorus tripinnatifidus Gaudich.","Adenophorus tripinnatifidus Gaudich.","Adenophorus tripinnatifidus"
"Adiantum aleuticum (Rupr.) Paris","Adiantum aleuticum (Rupr.) C.A.Paris","Adiantum aleuticum"
"Adiantum capillus-veneris L.","Adiantum capillus-veneris L.","Adiantum capillus-veneris"
"Adiantum pedatum L.","Adiantum pedatum L.","Adiantum pedatum"
"Adoxa moschatellina L.","Adoxa moschatellina L.","Adoxa moschatellina"
"Aegilops cylindrica Host","Aegilops cylindrica Host","Aegilops cylindrica"
"Aeschynomene americana L.","Aeschynomene americana L.","Aeschynomene americana"
"Aeschynomene sensitiva Sw.","Aeschynomene sensitiva Sw.","Aeschynomene sensitiva"
"Aeschynomene sp.","Aeschynomene sp.","Aeschynomene sp."
"Aesculus californica (Spach) Nutt.","Aesculus californica (Spach) Nutt.","Aesculus californica"
"Aesculus flava Aiton","Aesculus flava Sol.","Aesculus flava"
"Aesculus parviflora Walter","Aesculus parviflora Walter","Aesculus parviflora"
"Aesculus pavia L.","Aesculus pavia L.","Aesculus pavia"
"Aesculus pavia L. var. pavia","Aesculus pavia var. pavia","Aesculus pavia"
"Aesculus sp.","Aesculus sp.","Aesculus sp."
"Aesculus ×marylandica J.R. Booth ex G. Kirchn.","Aesculus × marylandica J.R.Booth ex Dippel","Aesculus × marylandica"
"Agalinis aspera (Douglas ex Benth.) Britton","Agalinis aspera (Douglas ex Benth.) Britton","Agalinis aspera"
"Agalinis densiflora (Benth.) S.F. Blake","Agalinis densiflora (Benth.) S.F.Blake","Agalinis densiflora"
"Agalinis fasciculata (Elliott) Raf.","Agalinis fasciculata (Elliott) Raf.","Agalinis fasciculata"
"Agalinis gattingeri (Small) Small","Agalinis gattingeri (Small) Small ex Britton & A.Br.","Agalinis gattingeri"
"Agalinis heterophylla (Nutt.) Small ex Britton","Agalinis heterophylla (Nutt.) Small ex Britton","Agalinis heterophylla"
"Agalinis homalantha Pennell","Agalinis homalantha Pennell","Agalinis homalantha"
"Agalinis purpurea (L.) Pennell","Agalinis purpurea (L.) Pennell","Agalinis purpurea"
"Agalinis setacea (J.F. Gmel.) Raf.","Agalinis setacea (J.F.Gmel.) Raf.","Agalinis setacea"
"Agalinis sp.","Agalinis sp.","Agalinis sp."
"Agalinis spp.","Agalinis spp.","Agalinis sp."
"Agalinis tenuifolia (Vahl) Raf.","Agalinis tenuifolia (Vahl) Raf.","Agalinis tenuifolia"
"Agalinis tenuifolia (Vahl) Raf. var. macrophylla (Benth.) S.F. Blake","Agalinis tenuifolia (Vahl) Raf.","Agalinis tenuifolia"
"Agarista sp.","Agarista sp.","Agarista sp."
"Agastache nepetoides (L.) Kuntze","Agastache nepetoides (L.) Kuntze","Agastache nepetoides"
"Manfreda virginica (L.) Salisb. ex Rose","Agave virginica L.","Agave virginica"
"Ageratina altissima (L.) R.M. King & H. Rob. var. altissima","Ageratina altissima var. altissima","Ageratina altissima"
"Ageratina altissima (L.) R.M. King & H. Rob.","Ageratina altissima (L.) R.M.King & H.Rob.","Ageratina altissima"
"Ageratina aromatica (L.) Spach","Ageratina aromatica (L.) Spach","Ageratina aromatica"
"Ageratina aromatica (L.) Spach var. incisa (A. Gray) C.F. Reed","Ageratina aromatica var. incisa (A.Gray) C.F.Reed","Ageratina aromatica"
"Ageratina jucunda (Greene) Clewell & Woot.","Ageratina jucunda (Greene) Clewell & Wooten","Ageratina jucunda"
"Ageratina occidentalis (Hook.) R.M. King & H. Rob.","Ageratina occidentalis (Hook.) R.M.King & H.Rob.","Ageratina occidentalis"
"Ageratina sp.","Ageratina sp.","Ageratina sp."
"Ageratum houstonianum Mill.","Ageratum houstonianum Mill.","Ageratum houstonianum"
"Agoseris aurantiaca (Hook.) Greene","Agoseris aurantiaca (Hook.) Greene","Agoseris aurantiaca"
"Agoseris glauca (Pursh) Raf.","Agoseris glauca (Pursh) Raf.","Agoseris glauca"
"Agoseris glauca (Pursh) Raf. var. dasycephala (Torr. & A. Gray) Jeps.","Agoseris glauca var. dasycephala (Torr. & A.Gray) Jeps.","Agoseris glauca"
"Agoseris grandiflora (Nutt.) Greene","Agoseris grandiflora (Nutt.) Greene","Agoseris grandiflora"
"Agoseris heterophylla (Nutt.) Greene","Agoseris heterophylla (Nutt.) Greene","Agoseris heterophylla"
"Agoseris heterophylla (Nutt.) Greene var. heterophylla","Agoseris heterophylla var. heterophylla","Agoseris heterophylla"
"Agoseris retrorsa (Benth.) Greene","Agoseris retrorsa Greene","Agoseris retrorsa"
"Agoseris sp.","Agoseris sp.","Agoseris sp."
"Agoseris spp.","Agoseris spp.","Agoseris sp."
"Agrimonia gryposepala Wallr.","Agrimonia gryposepala Wallr.","Agrimonia gryposepala"
"Agrimonia incisa Torr. & A. Gray","Agrimonia incisa Torr. & A.Gray","Agrimonia incisa"
"Agrimonia microcarpa Wallr.","Agrimonia microcarpa Wallr.","Agrimonia microcarpa"
"Agrimonia parviflora Aiton","Agrimonia parviflora Aiton","Agrimonia parviflora"
"Agrimonia pubescens Wallr.","Agrimonia pubescens Wallr.","Agrimonia pubescens"
"Agrimonia rostellata Wallr.","Agrimonia rostellata Wallr.","Agrimonia rostellata"
"Agrimonia sp.","Agrimonia sp.","Agrimonia sp."
"Agrimonia striata Michx.","Agrimonia striata Michx.","Agrimonia striata"
"Agropyron cristatum (L.) Gaertn.","Agropyron cristatum (L.) Gaertn.","Agropyron cristatum"
"Agropyron sp.","Agropyron sp.","Agropyron sp."
"Agropyron spp.","Agropyron spp.","Agropyron sp."
"Agrostis capillaris L.","Agrostis capillaris L.","Agrostis capillaris"
"Agrostis elliottiana Schult.","Agrostis elliottiana Schult.","Agrostis elliottiana"
"Agrostis exarata Trin.","Agrostis exarata Trin.","Agrostis exarata"
"Agrostis gigantea Roth","Agrostis gigantea Roth","Agrostis gigantea"
"Agrostis hyemalis (Walter) Britton, Sterns & Poggenb.","Agrostis hyemalis (Walter) Britton, Sterns & Poggenb.","Agrostis hyemalis"
"Agrostis mertensii Trin.","Agrostis mertensii Trin.","Agrostis mertensii"
"Agrostis perennans (Walter) Tuck.","Agrostis perennans (Walter) Tuck.","Agrostis perennans"
"Agrostis scabra Willd.","Agrostis scabra Willd.","Agrostis scabra"
"Agrostis sp.","Agrostis sp.","Agrostis sp."
"Agrostis spp.","Agrostis spp.","Agrostis sp."
"Agrostis stolonifera L.","Agrostis stolonifera L.","Agrostis stolonifera"
"Ailanthus altissima (Mill.) Swingle","Ailanthus altissima (Mill.) Swingle","Ailanthus altissima"
"Aira caryophyllea L.","Aira caryophyllea L.","Aira caryophyllea"
"Aira caryophyllea L. var. caryophyllea","Aira caryophyllea L. var. caryophyllea","Aira caryophyllea"
"Aira sp.","Aira sp.","Aira sp."
"Albizia julibrissin Durazz.","Albizia julibrissin Durazz.","Albizia julibrissin"
"Albizia lebbeck (L.) Benth.","Albizia lebbeck (L.) Benth.","Albizia lebbeck"
"Albizia procera (Roxb.) Benth.","Albizia procera (Roxb.) Benth.","Albizia procera"
"Albizia sp.","Albizia sp.","Albizia sp."
"Albizia spp.","Albizia spp.","Albizia sp."
"Aphanes arvensis L.","Alchemilla arvensis (L.) Scop.","Alchemilla arvensis"
"Aletris farinosa L.","Aletris farinosa L.","Aletris farinosa"
"Aletris lutea Small","Aletris lutea Small","Aletris lutea"
"Aletris obovata Nash","Aletris obovata Nash","Aletris obovata"
"Aletris sp.","Aletris sp.","Aletris sp."
"Aliciella hutchinsifolia (Rydb.) J.M. Porter","Aliciella hutchinsifolia (Rydb.) J.M.Porter","Aliciella hutchinsifolia"
"Aliciella pinnatifida (Nutt. ex A. Gray) J.M. Porter","Aliciella pinnatifida (Nutt. ex A.Gray) J.M.Porter","Aliciella pinnatifida"
"Alisma gramineum Lej.","Alisma gramineum Lej.","Alisma gramineum"
"Alisma sp.","Alisma sp.","Alisma sp."
"Alisma subcordatum Raf.","Alisma subcordatum Raf.","Alisma subcordatum"
"Alisma triviale Pursh","Alisma triviale Pursh","Alisma triviale"
"Alliaria petiolata (M. Bieb.) Cavara & Grande","Alliaria petiolata (M.Bieb.) Cavara & Grande","Alliaria petiolata"
"Alliaria sp.","Alliaria sp.","Alliaria sp."
"Allionia choisyi Standl.","Allionia choisyi Standl.","Allionia choisyi"
"Allionia incarnata L.","Allionia incarnata L.","Allionia incarnata"
"Allionia incarnata L. var. incarnata","Allionia incarnata var. incarnata","Allionia incarnata"
"Allionia sp.","Allionia sp.","Allionia sp."
"Allionia spp.","Allionia spp.","Allionia sp."
"Allium abramsii (Ownbey & Aase) McNeal","Allium abramsii (Ownbey & Aase ex Traub) McNeal","Allium abramsii"
"Allium acuminatum Hook.","Allium acuminatum Hook.","Allium acuminatum"
"Allium brevistylum S. Watson","Allium brevistylum S.Watson","Allium brevistylum"
"Allium campanulatum S. Watson","Allium campanulatum S.Watson","Allium campanulatum"
"Allium canadense L.","Allium canadense L.","Allium canadense"
"Allium canadense L. var. canadense","Allium canadense var. canadense","Allium canadense"
"Allium cernuum Roth","Allium cernuum Roth","Allium cernuum"
"Allium drummondii Regel","Allium drummondii Regel","Allium drummondii"
"Allium canadense L. var. fraseri Ownbey","Allium fraseri (Ownbey) Shinners","Allium fraseri"
"Allium geyeri S. Watson","Allium geyeri S.Watson","Allium geyeri"
"Allium hyalinum Curran","Allium hyalinum Curran","Allium hyalinum"
"Allium nevadense S. Watson","Allium nevadense S.Watson","Allium nevadense"
"Allium obtusum Lemmon","Allium obtusum Lemmon","Allium obtusum"
"Allium sativum L.","Allium sativum L.","Allium sativum"
"Allium sp.","Allium sp.","Allium sp."
"Allium spp.","Allium spp.","Allium sp."
"Allium stellatum Fraser ex Ker Gawl.","Allium stellatum Nutt. ex Ker Gawl.","Allium stellatum"
"Allium textile A. Nelson & J.F. Macbr.","Allium textile A.Nelson & J.F.Macbr.","Allium textile"
"Allium tricoccum Aiton","Allium tricoccum Aiton","Allium tricoccum"
"Allium vineale L.","Allium vineale L.","Allium vineale"
"Allophyllum gilioides (Benth.) A.D. Grant & V.E. Grant ssp. violaceum (A. Heller) Day","Allophyllum gilioides subsp. violaceum (A.Heller) A.G.Day","Allophyllum gilioides"
"Allophyllum integrifolium (Brand) A.D. Grant & V.E. Grant","Allophyllum integrifolium (Brand) A.D.Grant & V.E.Grant","Allophyllum integrifolium"
"Allophyllum sp.","Allophyllum sp.","Allophyllum sp."
"Allotropa virgata Torr. & A. Gray ex A. Gray","Allotropa virgata Torr. & A.Gray","Allotropa virgata"
"Alnus viridis (Chaix) DC.","Alnus alnobetula subsp. alnobetula","Alnus alnobetula"
"Alnus viridis (Chaix) DC. ssp. sinuata (Regel) Á. Löve & D. Löve","Alnus alnobetula subsp. sinuata (Regel) Raus","Alnus alnobetula"
"Alnus incana (L.) Moench ssp. rugosa (Du Roi) R.T. Clausen","Alnus incana subsp. rugosa (Du Roi) R.T.Clausen","Alnus incana"
"Alnus incana (L.) Moench ssp. tenuifolia (Nutt.) Breitung","Alnus incana subsp. tenuifolia (Nutt.) Breitung","Alnus incana"
"Alnus incana (L.) Moench","Alnus incana (L.) Moench","Alnus incana"
"Alnus rubra Bong.","Alnus rubra Bong.","Alnus rubra"
"Alnus serrulata (Aiton) Willd.","Alnus serrulata (Aiton) Willd.","Alnus serrulata"
"Alnus sp.","Alnus sp.","Alnus sp."
"Alopecurus aequalis Sobol.","Alopecurus aequalis Sobol.","Alopecurus aequalis"
"Alopecurus arundinaceus Poir.","Alopecurus arundinaceus Poir.","Alopecurus arundinaceus"
"Alopecurus carolinianus Walter","Alopecurus carolinianus Walter","Alopecurus carolinianus"
"Alopecurus magellanicus Lam.","Alopecurus magellanicus Lam.","Alopecurus magellanicus"
"Alopecurus myosuroides Huds.","Alopecurus myosuroides Huds.","Alopecurus myosuroides"
"Alopecurus pratensis L.","Alopecurus pratensis L.","Alopecurus pratensis"
"Alopecurus sp.","Alopecurus sp.","Alopecurus sp."
"Aloysia gratissima (Gillies & Hook.) Troncoso","Aloysia gratissima (Gillies & Hook.) Tronc.","Aloysia gratissima"
"Alternanthera caracasana Kunth","Alternanthera caracasana Kunth","Alternanthera caracasana"
"Alternanthera crucis (Moq.) Boldingh","Alternanthera halimifolia (Lam.) Standl. ex Pittier","Alternanthera halimifolia"
"Alternanthera philoxeroides (Mart.) Griseb.","Alternanthera philoxeroides (Mart.) Griseb.","Alternanthera philoxeroides"
"Alternanthera pungens Kunth","Alternanthera pungens Kunth","Alternanthera pungens"
"Alternanthera sessilis (L.) R. Br. ex DC.","Alternanthera sessilis (L.) DC.","Alternanthera sessilis"
"Alternanthera sp.","Alternanthera sp.","Alternanthera sp."
"Alysicarpus vaginalis (L.) DC.","Alysicarpus vaginalis (L.) DC.","Alysicarpus vaginalis"
"Alyssum alyssoides (L.) L.","Alyssum alyssoides (L.) L.","Alyssum alyssoides"
"Alyssum desertorum Stapf","Alyssum desertorum Stapf","Alyssum desertorum"
"Alyssum spp.","Alyssum spp.","Alyssum sp."
"Alyssum sp.","Alyssum sp.","Alyssum sp."
"Alyxia stellata (J.R. Forst. & G. Forst.) Roem. & Schult.","Alyxia stellata (J.R.Forst. & G.Forst.) Roem. & Schult.","Alyxia stellata"
"Amaranthus acanthochiton Sauer","Amaranthus acanthochiton J.D.Sauer","Amaranthus acanthochiton"
"Amaranthus albus L.","Amaranthus albus L.","Amaranthus albus"
"Amaranthus arenicola I.M. Johnst.","Amaranthus arenicola I.M.Johnst.","Amaranthus arenicola"
"Amaranthus blitoides S. Watson","Amaranthus blitoides S.Watson","Amaranthus blitoides"
"Amaranthus crassipes Schltdl.","Amaranthus crassipes Schltdl.","Amaranthus crassipes"
"Amaranthus fimbriatus (Torr.) Benth. ex S. Watson","Amaranthus fimbriatus (Torr.) Benth.","Amaranthus fimbriatus"
"Amaranthus greggii S. Watson","Amaranthus greggii S.Watson","Amaranthus greggii"
"Amaranthus hybridus L.","Amaranthus hybridus L.","Amaranthus hybridus"
"Amaranthus palmeri S. Watson","Amaranthus palmeri S.Watson","Amaranthus palmeri"
"Amaranthus polygonoides L.","Amaranthus polygonoides L.","Amaranthus polygonoides"
"Amaranthus powellii S. Watson","Amaranthus powellii S.Watson","Amaranthus powellii"
"Amaranthus retroflexus L.","Amaranthus retroflexus L.","Amaranthus retroflexus"
"Amaranthus sp.","Amaranthus sp.","Amaranthus sp."
"Amaranthus spp.","Amaranthus spp.","Amaranthus sp."
"Amaranthus spinosus L.","Amaranthus spinosus L.","Amaranthus spinosus"
"Amaranthus dubius Mart. ex Thell.","Amaranthus tortuosus Hornem.","Amaranthus tortuosus"
"Amaranthus tuberculatus (Moq.) Sauer","Amaranthus tuberculatus (Moq.) J.D.Sauer","Amaranthus tuberculatus"
"Amaranthus wrightii S. Watson","Amaranthus wrightii S.Watson","Amaranthus wrightii"
"Amaryllis sp.","Amaryllis sp.","Amaryllis sp."
"Ambrosia acanthicarpa Hook.","Ambrosia acanthicarpa Hook.","Ambrosia acanthicarpa"
"Ambrosia artemisiifolia L.","Ambrosia artemisiifolia L.","Ambrosia artemisiifolia"
"Ambrosia artemisiifolia L. var. paniculata (Michx.) Blank.","Ambrosia artemisiifolia L.","Ambrosia artemisiifolia"
"Ambrosia confertiflora DC.","Ambrosia confertiflora DC.","Ambrosia confertiflora"
"Ambrosia grayi (A. Nelson) Shinners","Ambrosia grayi (A.Nelson) Shinners","Ambrosia grayi"
"Ambrosia psilostachya DC.","Ambrosia psilostachya DC.","Ambrosia psilostachya"
"Ambrosia sp.","Ambrosia sp.","Ambrosia sp."
"Ambrosia spp.","Ambrosia spp.","Ambrosia sp."
"Ambrosia tomentosa Nutt.","Ambrosia tomentosa Nutt.","Ambrosia tomentosa"
"Ambrosia trifida L.","Ambrosia trifida L.","Ambrosia trifida"
"Ambrosia ×intergradiens W.H. Wagner","Ambrosia × intergradiens W.H.Wagner","Ambrosia × intergradiens"
"Amelanchier alnifolia (Nutt.) Nutt. ex M. Roem.","Amelanchier alnifolia (Nutt.) Nutt. ex M.Roem.","Amelanchier alnifolia"
"Amelanchier alnifolia (Nutt.) Nutt. ex M. Roem. var. alnifolia","Amelanchier alnifolia var. alnifolia","Amelanchier alnifolia"
"Amelanchier arborea (Michx. f.) Fernald","Amelanchier arborea (F.Michx.) Fernald","Amelanchier arborea"
"Amelanchier bartramiana (Tausch) M. Roem.","Amelanchier bartramiana (Tausch) M.Roem.","Amelanchier bartramiana"
"Amelanchier canadensis (L.) Medik.","Amelanchier canadensis (L.) Medik.","Amelanchier canadensis"
"Amelanchier interior E.L. Nielsen","Amelanchier interior E.L.Nielsen","Amelanchier interior"
"Amelanchier laevis Wiegand","Amelanchier laevis Wiegand","Amelanchier laevis"
"Amelanchier sanguinea (Pursh) DC.","Amelanchier sanguinea (Pursh) DC.","Amelanchier sanguinea"
"Amelanchier sp.","Amelanchier sp.","Amelanchier sp."
"Amelanchier spp.","Amelanchier spp.","Amelanchier sp."
"Amelanchier stolonifera Wiegand","Amelanchier stolonifera Wiegand","Amelanchier stolonifera"
"Amelanchier utahensis Koehne var. utahensis","Amelanchier utahensis Koehne var. utahensis","Amelanchier utahensis"
"Amianthium muscitoxicum (Walter) A. Gray","Amianthium muscitoxicum (Walter) A.Gray","Amianthium muscitoxicum"
"Ammannia coccinea Rottb.","Ammannia coccinea Rottb.","Ammannia coccinea"
"Ammi majus L.","Ammi majus L.","Ammi majus"
"Ammoselinum popei Torr. & A. Gray","Ammoselinum popei Torr. & A.Gray","Ammoselinum popei"
"Amorpha canescens Pursh","Amorpha canescens Pursh","Amorpha canescens"
"Amorpha fruticosa L.","Amorpha fruticosa L.","Amorpha fruticosa"
"Amorpha nana Nutt.","Amorpha nana Nutt.","Amorpha nana"
"Amorpha sp.","Amorpha sp.","Amorpha sp."
"Amorpha spp.","Amorpha spp.","Amorpha sp."
"Ampelopsis cordata Michx.","Ampelopsis cordata Michx.","Ampelopsis cordata"
"Amphiachyris dracunculoides (DC.) Nutt.","Amphiachyris dracunculoides (DC.) Nutt.","Amphiachyris dracunculoides"
"Amphicarpaea bracteata (L.) Fernald","Amphicarpaea bracteata (L.) Fernald","Amphicarpaea bracteata"
"Amphicarpaea bracteata (L.) Fernald var. comosa (L.) Fernald","Amphicarpaea bracteata (L.) Fernald","Amphicarpaea bracteata"
"Amphicarpaea bracteata (L.) Fernald var. bracteata","Amphicarpaea bracteata (L.) Fernald var. bracteata","Amphicarpaea bracteata"
"Amphicarpaea sp.","Amphicarpaea sp.","Amphicarpaea sp."
"Amphicarpum muehlenbergianum (Schult.) Hitchc.","Amphicarpum muehlenbergianum (Schult.) Hitchc.","Amphicarpum muehlenbergianum"
"Amphicarpum sp.","Amphicarpum sp.","Amphicarpum sp."
"Distictis lactiflora (Vahl) DC.","Amphilophium lactiflorum (Vahl) L.G.Lohmann","Amphilophium lactiflorum"
"Amsinckia douglasiana A. DC.","Amsinckia douglasiana A.DC.","Amsinckia douglasiana"
"Amsinckia eastwoodiae J.F. Macbr.","Amsinckia eastwoodiae J.F.Macbr.","Amsinckia eastwoodiae"
"Amsinckia menziesii (Lehm.) A. Nelson & J.F. Macbr.","Amsinckia menziesii (Lehm.) A.Nelson & J.F.Macbr.","Amsinckia menziesii"
"Amsinckia menziesii (Lehm.) A. Nelson & J.F. Macbr. var. intermedia (Fisch. & C.A. Mey.) Ganders","Amsinckia menziesii var. intermedia (Fisch. & C.A.Mey.) ined.","Amsinckia menziesii"
"Amsinckia sp.","Amsinckia sp.","Amsinckia sp."
"Amsinckia spp.","Amsinckia spp.","Amsinckia sp."
"Amsinckia tessellata A. Gray","Amsinckia tessellata A.Gray","Amsinckia tessellata"
"Amsonia ciliata Walter","Amsonia ciliata Walter","Amsonia ciliata"
"Amsonia ciliata Walter var. texana (A. Gray) J.M. Coult.","Amsonia ciliata var. texana (A.Gray) J.M.Coult.","Amsonia ciliata"
"Amsonia sp.","Amsonia sp.","Amsonia sp."
"Amsonia tabernaemontana Walter var. tabernaemontana","Amsonia tabernaemontana var. tabernaemontana","Amsonia tabernaemontana"
"Amsonia tabernaemontana Walter","Amsonia tabernaemontana Walter","Amsonia tabernaemontana"
"Amsonia tabernaemontana Walter var. gattingeri Woodson","Amsonia tabernaemontana var. salicifolia (Pursh) Woodson","Amsonia tabernaemontana"
"Amsonia tomentosa Torr. & Frém. var. stenophylla Kearney & Peebles","Amsonia tomentosa var. stenophylla Kearney & Peebles","Amsonia tomentosa"
"Amyris elemifera L.","Amyris elemifera L.","Amyris elemifera"
"Anaphalis margaritacea (L.) Benth.","Anaphalis margaritacea (L.) Benth. & Hook.f.","Anaphalis margaritacea"
"Anaphalis sp.","Anaphalis sp.","Anaphalis sp."
"Anastrophyllum tenue H. Williams","Anastrophyllum tenue H. Williams","Anastrophyllum tenue"
"Cynoglossum virginianum L.","Andersonglossum virginianum (L.) J.I.Cohen","Andersonglossum virginianum"
"Andira inermis (W. Wright) Kunth ex DC.","Andira inermis (W.Wright) Kunth ex DC.","Andira inermis"
"Andromeda polifolia L.","Andromeda polifolia L.","Andromeda polifolia"
"Andromeda polifolia L. var. glaucophylla (Link) DC.","Andromeda polifolia var. latifolia Aiton","Andromeda polifolia"
"Andromeda polifolia L. var. polifolia","Andromeda polifolia var. latifolia Aiton","Andromeda polifolia"
"Andromeda sp.","Andromeda sp.","Andromeda sp."
"Andropogon brachystachyus Chapm.","Andropogon brachystachyus Chapm.","Andropogon brachystachyus"
"Andropogon virginicus L. var. decipiens C.S. Campbell","Andropogon campbellii U.B.Deshmukh, M.B.Shende & E.S.Reddy","Andropogon campbellii"
"Andropogon capillipes Nash","Andropogon capillipes Nash","Andropogon capillipes"
"Andropogon glaucopsis Elliott","Andropogon cretaceus Weakley & Schori","Andropogon cretaceus"
"Andropogon floridanus Scribn.","Andropogon floridanus Scribn.","Andropogon floridanus"
"Andropogon gerardii Vitman","Andropogon gerardi Vitman","Andropogon gerardi"
"Andropogon glomeratus (Walter) Britton, Sterns & Poggenb.","Andropogon glomeratus (Walter) Britton, Sterns & Poggenb.","Andropogon glomeratus"
"Andropogon gyrans Ashe","Andropogon gyrans Ashe","Andropogon gyrans"
"Andropogon glomeratus (Walter) Britton, Sterns & Poggenb. var. hirsutior (Hack.) C. Mohr","Andropogon hirsutior (Hack.) Weakley & LeBlond","Andropogon hirsutior"
"Andropogon sp.","Andropogon sp.","Andropogon sp."
"Andropogon spp.","Andropogon spp.","Andropogon sp."
"Schizachyrium scoparium (Michx.) Nash var. stoloniferum (Nash) Wipff","Andropogon stolonifer (Nash) Hitchc.","Andropogon stolonifer"
"Schizachyrium tenerum Nees","Andropogon tener (Nees) Kunth","Andropogon tener"
"Andropogon ternarius Michx.","Andropogon ternarius Michx.","Andropogon ternarius"
"Andropogon ternarius Michx. var. ternarius","Andropogon ternarius Michx. var. ternarius","Andropogon ternarius"
"Andropogon virginicus L.","Andropogon virginicus L.","Andropogon virginicus"
"Andropogon virginicus L. var. virginicus","Andropogon virginicus L. var. virginicus","Andropogon virginicus"
"Androsace chamaejasme Wulfen ssp. lehmanniana (Spreng.) Hultén","Androsace lehmanniana Spreng.","Androsace lehmanniana"
"Androsace occidentalis Pursh","Androsace occidentalis Pursh","Androsace occidentalis"
"Androsace septentrionalis L.","Androsace septentrionalis L.","Androsace septentrionalis"
"Androsace sp.","Androsace sp.","Androsace sp."
"Androstephium breviflorum S. Watson","Androstephium breviflorum S.Watson","Androstephium breviflorum"
"Androstephium sp.","Androstephium sp.","Androstephium sp."
"Anemone canadensis L.","Anemonastrum canadense (L.) Mosyakin","Anemonastrum canadense"
"Anemone deltoidea Hook.","Anemonastrum deltoideum (Douglas) Mosyakin","Anemonastrum deltoideum"
"Anemone narcissiflora L.","Anemonastrum narcissiflorum (L.) Holub","Anemonastrum narcissiflorum"
"Anemone richardsonii Hook.","Anemonastrum richardsonii (Hook.) Mosyakin","Anemonastrum richardsonii"
"Anemone berlandieri Pritz.","Anemone berlandieri Pritz.","Anemone berlandieri"
"Anemone canadensis/cylindrica","Anemone canadensis","Anemone canadensis"
"Anemone caroliniana Walter","Anemone caroliniana Walter","Anemone caroliniana"
"Anemone cylindrica A. Gray","Anemone cylindrica A.Gray","Anemone cylindrica"
"Anemone multifida Poir. var. multifida","Anemone multifida var. multifida","Anemone multifida"
"Anemone multifida Poir.","Anemone multifida Poir.","Anemone multifida"
"Anemone multifida Poir. var. tetonensis (Porter ex Britton) C.L. Hitchc.","Anemone multifida var. tetonensis (Porter ex Britton) C.L.Hitchc.","Anemone multifida"
"Anemone parviflora Michx.","Anemone parviflora Michx.","Anemone parviflora"
"Anemone quinquefolia L. var. quinquefolia","Anemone quinquefolia L. var. quinquefolia","Anemone quinquefolia"
"Anemone sp.","Anemone sp.","Anemone sp."
"Anemone spp.","Anemone spp.","Anemone sp."
"Anemone tuberosa Rydb.","Anemone tuberosa Rydb.","Anemone tuberosa"
"Anemone virginiana L.","Anemone virginiana L.","Anemone virginiana"
"Anemone virginiana L. var. virginiana","Anemone virginiana var. virginiana","Anemone virginiana"
"Thalictrum thalictroides (L.) Eames & B. Boivin","Anemonella thalictroides (L.) Spach","Anemonella thalictroides"
"Anemone lyallii Britton","Anemonoides grayi (Behr & Kellogg) Starod.","Anemonoides grayi"
"Anemone lancifolia Pursh","Anemonoides lancifolia (Pursh) Holub","Anemonoides lancifolia"
"Anemone oregana A. Gray","Anemonoides oregana (A.Gray) Holub","Anemonoides oregana"
"Anemone quinquefolia L.","Anemonoides quinquefolia (L.) Holub","Anemonoides quinquefolia"
"Angelica genuflexa Nutt.","Angelica genuflexa Nutt.","Angelica genuflexa"
"Angelica grayi (J.M. Coult. & Rose) J.M. Coult. & Rose","Angelica grayi (J.M.Coult. & Rose) J.M.Coult. & Rose","Angelica grayi"
"Angelica sp.","Angelica sp.","Angelica sp."
"Angelica triquinata Michx.","Angelica triquinata Michx.","Angelica triquinata"
"Angelica venenosa (Greenway) Fernald","Angelica venenosa (Greenway) Fernald","Angelica venenosa"
"Anisacanthus thurberi (Torr.) A. Gray","Anisacanthus thurberi (Torr.) A.Gray","Anisacanthus thurberi"
"Anredera cordifolia (Ten.) Steenis","Anredera cordifolia (Ten.) Steenis","Anredera cordifolia"
"Antennaria anaphaloides Rydb.","Antennaria anaphaloides Rydb.","Antennaria anaphaloides"
"Antennaria corymbosa E.E. Nelson","Antennaria corymbosa E.E.Nelson","Antennaria corymbosa"
"Antennaria dimorpha (Nutt.) Torr. & A. Gray","Antennaria dimorpha Torr. & A.Gray","Antennaria dimorpha"
"Antennaria friesiana (Trautv.) Ekman","Antennaria friesiana (Trautv.) Ekman","Antennaria friesiana"
"Antennaria media Greene","Antennaria media Greene","Antennaria media"
"Antennaria microphylla Rydb.","Antennaria microphylla Rydb.","Antennaria microphylla"
"Antennaria neglecta Greene","Antennaria neglecta Greene","Antennaria neglecta"
"Antennaria parlinii Fernald","Antennaria parlinii Fernald","Antennaria parlinii"
"Antennaria parvifolia Nutt.","Antennaria parvifolia Nutt.","Antennaria parvifolia"
"Antennaria plantaginifolia (L.) Richardson","Antennaria plantaginifolia (L.) Hook.","Antennaria plantaginifolia"
"Antennaria racemosa Hook.","Antennaria racemosa Hook.","Antennaria racemosa"
"Antennaria rosea Greene ssp. rosea","Antennaria rosea subsp. rosea","Antennaria rosea"
"Antennaria rosea Greene","Antennaria rosea Greene","Antennaria rosea"
"Antennaria rosea Greene ssp. pulvinata (Greene) Bayer","Antennaria rosea subsp. pulvinata (Greene) R.J.Bayer","Antennaria rosea"
"Antennaria sp.","Antennaria sp.","Antennaria sp."
"Antennaria spp.","Antennaria spp.","Antennaria sp."
"Antennaria umbrinella Rydb.","Antennaria umbrinella Rydb.","Antennaria umbrinella"
"Anthaenantia sp.","Anthaenantia sp.","Anthaenantia sp."
"Anthemis arvensis L.","Anthemis arvensis L.","Anthemis arvensis"
"Anthemis cotula L.","Anthemis cotula L.","Anthemis cotula"
"Anthaenantia villosa (Michx.) P. Beauv.","Anthenantia villosa (Michx.) P.Beauv.","Anthenantia villosa"
"Hierochloe pauciflora R. Br.","Anthoxanthum arcticum Veldkamp","Anthoxanthum arcticum"
"Anthoxanthum monticola (Bigelow) Veldkamp ssp. alpinum (Sw. ex Willd.) Soreng","Anthoxanthum monticola (Bigelow) Veldkamp","Anthoxanthum monticola"
"Anthoxanthum monticola (Bigelow) Veldkamp","Anthoxanthum monticola (Bigelow) Veldkamp","Anthoxanthum monticola"
"Hierochloe hirta (Schrank) Borbás ssp. arctica (J. Presl) G. Weim.","Anthoxanthum nitens (Weber) Y.Schouten & Veldkamp","Anthoxanthum nitens"
"Hierochloe hirta (Schrank) Borbás","Anthoxanthum nitens (Weber) Y.Schouten & Veldkamp","Anthoxanthum nitens"
"Anthoxanthum odoratum L.","Anthoxanthum odoratum L.","Anthoxanthum odoratum"
"Anthoxanthum odoratum L. ssp. odoratum","Anthoxanthum ovatum Lag.","Anthoxanthum ovatum"
"Anthoxanthum sp.","Anthoxanthum sp.","Anthoxanthum sp."
"Anthriscus cerefolium (L.) Hoffm.","Anthriscus cerefolium (L.) Hoffm.","Anthriscus cerefolium"
"Anthurium crenatum (L.) Kunth","Anthurium crenatum (L.) Kunth","Anthurium crenatum"
"Zigadenus elegans Pursh","Anticlea elegans (Pursh) Rydb.","Anticlea elegans"
"Anulocaulis leiosolenus (Torr.) Standl. var. gypsogenus (Waterf.) Spellenb. & T. Wooten","Anulocaulis leiosolenus var. gypsogenus (Waterf.) Spellenb. & Wootten","Anulocaulis leiosolenus"
"Aphanostephus ramosissimus DC.","Aphanostephus ramosissimus DC.","Aphanostephus ramosissimus"
"Aphanostephus skirrhobasis (DC.) Trel.","Aphanostephus skirrhobasis Trel.","Aphanostephus skirrhobasis"
"Apiastrum angustifolium Nutt.","Apiastrum angustifolium Nutt.","Apiastrum angustifolium"
"Apios americana Medik.","Apios americana Medik.","Apios americana"
"Aplectrum hyemale (Muhl. ex Willd.) Torr.","Aplectrum hyemale (Muhl. ex Willd.) Torr.","Aplectrum hyemale"
"Apocynum androsaemifolium L.","Apocynum androsaemifolium L.","Apocynum androsaemifolium"
"Apocynum cannabinum L.","Apocynum cannabinum L.","Apocynum cannabinum"
"Apocynum sp.","Apocynum sp.","Apocynum sp."
"Apodanthera undulata A. Gray","Apodanthera undulata A.Gray","Apodanthera undulata"
"Echinodorus cordifolius (L.) Griseb.","Aquarius cordifolius (L.) Christenh. & Byng","Aquarius cordifolius"
"Aquilegia canadensis L.","Aquilegia canadensis L.","Aquilegia canadensis"
"Aquilegia coerulea James","Aquilegia coerulea E.James","Aquilegia coerulea"
"Aquilegia formosa Fisch. ex DC.","Aquilegia formosa Fisch. ex DC.","Aquilegia formosa"
"Aquilegia sp.","Aquilegia sp.","Aquilegia sp."
"Arabis fendleri (S. Watson) Greene var. fendleri","Arabis fendleri (S. Watson) Greene var. fendleri","Arabis fendleri"
"Arabis georgiana Harper","Arabis georgiana R.M.Harper","Arabis georgiana"
"Arabis hirsuta (L.) Scop.","Arabis hirsuta (L.) Scop.","Arabis hirsuta"
"Arabis nuttallii B.L. Rob.","Arabis nuttallii (Kuntze) B.L.Rob.","Arabis nuttallii"
"Arabis oregana Rollins","Arabis oregana Rollins","Arabis oregana"
"Arabis hirsuta (L.) Scop. var. pycnocarpa (M. Hopkins) Rollins","Arabis pycnocarpa M.Hopkins","Arabis pycnocarpa"
"Arabis sp.","Arabis sp.","Arabis sp."
"Arabis spp.","Arabis spp.","Arabis sp."
"Arachis hypogaea L.","Arachis hypogaea L.","Arachis hypogaea"
"Aralia hispida Vent.","Aralia hispida Vent.","Aralia hispida"
"Aralia nudicaulis L.","Aralia nudicaulis L.","Aralia nudicaulis"
"Aralia sp.","Aralia sp.","Aralia sp."
"Aralia spinosa L.","Aralia spinosa L.","Aralia spinosa"
"Arbutus xalapensis Kunth","Arbutus xalapensis Kunth","Arbutus xalapensis"
"Arceuthobium abietinum (Engelm.) Hawksw. & Wiens","Arceuthobium abietinum (Engelm.) Munz","Arceuthobium abietinum"
"Arceuthobium americanum Nutt. ex Engelm.","Arceuthobium americanum Nutt. ex Engelm.","Arceuthobium americanum"
"Arceuthobium campylopodum Engelm.","Arceuthobium campylopodum Engelm.","Arceuthobium campylopodum"
"Arceuthobium cyanocarpum (A. Nelson ex Rydb.) A. Nelson","Arceuthobium cyanocarpum (A.Nelson ex Rydb.) J.M.Coult. & A.Nelson","Arceuthobium cyanocarpum"
"Arceuthobium divaricatum Engelm.","Arceuthobium divaricatum Engelm.","Arceuthobium divaricatum"
"Arceuthobium douglasii Engelm.","Arceuthobium douglasii Engelm.","Arceuthobium douglasii"
"Arceuthobium pusillum Peck","Arceuthobium pusillum Peck","Arceuthobium pusillum"
"Arceuthobium sp.","Arceuthobium sp.","Arceuthobium sp."
"Arceuthobium tsugense (Rosend.) G.N. Jones","Arceuthobium tsugense (Rosend.) G.N.Jones","Arceuthobium tsugense"
"Arceuthobium vaginatum (Willd.) J. Presl","Arceuthobium vaginatum (Humb. & Bonpl. ex Willd.) J.Presl","Arceuthobium vaginatum"
"Arctagrostis latifolia (R. Br.) Griseb.","Arctagrostis latifolia (R.Br.) Griseb.","Arctagrostis latifolia"
"Arctagrostis latifolia (R. Br.) Griseb. ssp. latifolia","Arctagrostis latifolia (R. Br.) Griseb. ssp. latifolia","Arctagrostis latifolia"
"Arctagrostis sp.","Arctagrostis sp.","Arctagrostis sp."
"Arctium minus Bernh.","Arctium minus (Hill) Bernh.","Arctium minus"
"Arctium sp.","Arctium sp.","Arctium sp."
"Arctostaphylos alpina (L.) Spreng. var. alpina","Arctostaphylos alpina (L.) Spreng. var. alpina","Arctostaphylos alpina"
"Arctostaphylos manzanita Parry","Arctostaphylos manzanita Parry","Arctostaphylos manzanita"
"Arctostaphylos nevadensis A. Gray","Arctostaphylos nevadensis A.Gray","Arctostaphylos nevadensis"
"Arctostaphylos nissenana Merriam","Arctostaphylos nissenana Merriam","Arctostaphylos nissenana"
"Arctostaphylos patula Greene","Arctostaphylos patula Greene","Arctostaphylos patula"
"Arctostaphylos spp.","Arctostaphylos spp.","Arctostaphylos sp."
"Arctostaphylos sp.","Arctostaphylos sp.","Arctostaphylos sp."
"Arctostaphylos uva-ursi (L.) Spreng.","Arctostaphylos uva-ursi (L.) Spreng.","Arctostaphylos uva-ursi"
"Arctostaphylos viscida Parry ssp. mariposa (Dudley) P.V. Wells","Arctostaphylos viscida subsp. mariposa (Dudley) P.V.Wells","Arctostaphylos viscida"
"Arctostaphylos alpina (L.) Spreng.","Arctous alpina (L.) Nied.","Arctous alpina"
"Arctostaphylos rubra (Rehder & Wilson) Fernald","Arctous rubra (Rehder & E.H.Wilson) Nakai","Arctous rubra"
"Arenaria fendleri A. Gray var. fendleri","Arenaria fendleri A. Gray var. fendleri","Arenaria fendleri"
"Cerastium arvense L. ssp. strictum (L.) Ugborogho","Arenaria grandiflora subsp. grandiflora","Arenaria grandiflora"
"Arenaria hookeri Nutt. ssp. hookeri","Arenaria hookeri Nutt. ssp. hookeri","Arenaria hookeri"
"Arenaria paludicola B.L. Rob.","Arenaria paludicola B.L.Rob.","Arenaria paludicola"
"Arenaria serpyllifolia L.","Arenaria serpyllifolia L.","Arenaria serpyllifolia"
"Arenaria sp.","Arenaria sp.","Arenaria sp."
"Arenaria spp.","Arenaria spp.","Arenaria sp."
"Argemone polyanthemos (Fedde) G.B. Ownbey","Argemone polyanthemos (Fedde) Ownbey","Argemone polyanthemos"
"Argemone sp.","Argemone sp.","Argemone sp."
"Argentina anserina (L.) Rydb.","Argentina anserina (L.) Rydb.","Argentina anserina"
"Argythamnia candicans Sw.","Argythamnia candicans Sw.","Argythamnia candicans"
"Argythamnia claryana Jeps.","Argythamnia claryana Jeps.","Argythamnia claryana"
"Argythamnia fasciculata (Vahl ex A. Juss.) Müll. Arg.","Argythamnia fasciculata (Vahl ex A.Juss.) Müll.Arg.","Argythamnia fasciculata"
"Argythamnia lanceolata (Benth.) Müll. Arg.","Argythamnia lanceolata (Benth.) Müll.Arg.","Argythamnia lanceolata"
"Argythamnia neomexicana Müll. Arg.","Argythamnia serrata (Torr.) Müll.Arg.","Argythamnia serrata"
"Argythamnia serrata (Torr.) Müll. Arg.","Argythamnia serrata (Torr.) Müll.Arg.","Argythamnia serrata"
"Argythamnia sp.","Argythamnia sp.","Argythamnia sp."
"Arisaema dracontium (L.) Schott","Arisaema dracontium (L.) Schott","Arisaema dracontium"
"Arisaema triphyllum (L.) Schott","Arisaema triphyllum (L.) Schott","Arisaema triphyllum"
"Arisaema triphyllum (L.) Schott ssp. triphyllum","Arisaema triphyllum (L.) Schott ssp. triphyllum","Arisaema triphyllum"
"Aristida adscensionis L.","Aristida adscensionis L.","Aristida adscensionis"
"Aristida beyrichiana Trin. & Rupr.","Aristida beyrichiana Trin. & Rupr.","Aristida beyrichiana"
"Aristida californica Thurb. ex S. Watson","Aristida californica Thurb.","Aristida californica"
"Aristida condensata Chapm.","Aristida condensata Chapm.","Aristida condensata"
"Aristida divaricata Humb. & Bonpl. ex Willd.","Aristida divaricata Humb. & Bonpl. ex Willd.","Aristida divaricata"
"Aristida floridana (Chapm.) Vasey","Aristida floridana (Chapm.) Vasey","Aristida floridana"
"Aristida californica Thurb. ex S. Watson var. glabrata Vasey","Aristida glabrata (Vasey) Hitchc.","Aristida glabrata"
"Aristida gyrans Chapm.","Aristida gyrans Chapm.","Aristida gyrans"
"Aristida ternipes Cav. var. gentilis (Henr.) Allred","Aristida hamulosa Henrard","Aristida hamulosa"
"Aristida lanosa Muhl. ex Elliott","Aristida lanosa Muhl. ex Elliott","Aristida lanosa"
"Aristida longespica Poir.","Aristida longespica Poir.","Aristida longespica"
"Aristida longespica Poir. var. geniculata (Raf.) Fernald","Aristida longespica Poir.","Aristida longespica"
"Aristida mohrii Nash","Aristida mohrii Nash","Aristida mohrii"
"Aristida oligantha Michx.","Aristida oligantha Michx.","Aristida oligantha"
"Aristida palustris (Chapm.) Vasey","Aristida palustris (Chapm.) Vasey","Aristida palustris"
"Aristida pansa Woot. & Standl.","Aristida pansa Wooton & Standl.","Aristida pansa"
"Aristida purpurascens Poir.","Aristida purpurascens Poir.","Aristida purpurascens"
"Aristida purpurascens Poir. var. purpurascens","Aristida purpurascens Poir. var. purpurascens","Aristida purpurascens"
"Aristida purpurascens Poir. var. tenuispica (Hitchc.) Allred","Aristida purpurascens Poir.","Aristida purpurascens"
"Aristida purpurea Nutt.","Aristida purpurea Nutt.","Aristida purpurea"
"Aristida purpurea Nutt. var. perplexa Allred & Valdés-Reyna","Aristida purpurea Nutt.","Aristida purpurea"
"Aristida purpurea Nutt. var. purpurea","Aristida purpurea Nutt. var. purpurea","Aristida purpurea"
"Aristida simpliciflora Chapm.","Aristida simpliciflora Chapm.","Aristida simpliciflora"
"Aristida sp.","Aristida sp.","Aristida sp."
"Aristida spp.","Aristida spp.","Aristida sp."
"Aristida spiciformis Elliott","Aristida spiciformis Elliott","Aristida spiciformis"
"Aristida ternipes Cav.","Aristida ternipes Cav.","Aristida ternipes"
"Aristida ternipes Cav. var. ternipes","Aristida ternipes Cav. var. ternipes","Aristida ternipes"
"Aristida purpurea Nutt. var. wrightii (Nash) Allred","Aristida wrightii Nash","Aristida wrightii"
"Aristolochia macrophylla Lam.","Aristolochia macrophylla Lam.","Aristolochia macrophylla"
"Aristolochia serpentaria L.","Aristolochia serpentaria L.","Aristolochia serpentaria"
"Aristolochia sp.","Aristolochia sp.","Aristolochia sp."
"Aristolochia tomentosa Sims","Aristolochia tomentosa Sims","Aristolochia tomentosa"
"Aristolochia watsonii Woot. & Standl.","Aristolochia watsonii Wooton & Standl.","Aristolochia watsonii"
"Armeria maritima (Mill.) Willd. ssp. sibirica (Turcz. ex Boiss.) Nyman","Armeria maritima subsp. sibirica (Turcz. ex Boiss.) Nyman","Armeria maritima"
"Armoracia rusticana G. Gaertn., B. Mey. & Scherb.","Armoracia rusticana G.Gaertn., B.Mey. & Scherb.","Armoracia rusticana"
"Arnica cordifolia Hook.","Arnica cordifolia Hook.","Arnica cordifolia"
"Arnica frigida C.A. Mey. ex Iljin ssp. frigida","Arnica frigida C.A. Mey. ex Iljin ssp. frigida","Arnica frigida"
"Arnica frigida C.A. Mey. ex Iljin ssp. griscomii (Fernald) S.R. Downie","Arnica griscomii Fernald","Arnica griscomii"
"Arnica frigida C.A. Mey. ex Iljin","Arnica griscomii subsp. frigida (Iljin) S.J.Wolf","Arnica griscomii"
"Arnica latifolia Bong.","Arnica latifolia Bong.","Arnica latifolia"
"Arnica lessingii Greene","Arnica lessingii Greene","Arnica lessingii"
"Arnica longifolia D.C. Eaton","Arnica longifolia D.C.Eaton","Arnica longifolia"
"Arnica mollis Hook.","Arnica mollis Hook.","Arnica mollis"
"Arnica nevadensis A. Gray","Arnica nevadensis A.Gray","Arnica nevadensis"
"Arnica parryi A. Gray","Arnica parryi A.Gray","Arnica parryi"
"Arnica rydbergii Greene","Arnica rydbergii Greene","Arnica rydbergii"
"Arnica sororia Greene","Arnica sororia Greene","Arnica sororia"
"Arnica spp.","Arnica spp.","Arnica sp."
"Arnica sp.","Arnica sp.","Arnica sp."
"Arnoglossum atriplicifolium (L.) H. Rob.","Arnoglossum atriplicifolium (L.) H.Rob.","Arnoglossum atriplicifolium"
"Arnoglossum floridanum (A. Gray) H. Rob.","Arnoglossum floridanum (A.Gray) H.Rob.","Arnoglossum floridanum"
"Arnoglossum plantagineum Raf.","Arnoglossum plantagineum Raf.","Arnoglossum plantagineum"
"Arnoglossum reniforme (Hook.) H. Rob.","Arnoglossum reniforme (Hook.) H.Rob.","Arnoglossum reniforme"
"Arnoglossum sp.","Arnoglossum sp.","Arnoglossum sp."
"Photinia pyrifolia (Lam.) K.R. Robertson & Phipps","Aronia arbutifolia (L.) Pers.","Aronia arbutifolia"
"Photinia melanocarpa (Michx.) K.R. Robertson & Phipps","Aronia melanocarpa (Michx.) Elliott","Aronia melanocarpa"
"Photinia floribunda (Lindl.) K.R. Robertson & Phipps","Aronia × prunifolia (Marshall) Rehder","Aronia × prunifolia"
"Arrhenatherum elatius (L.) P. Beauv. ex J. Presl & C. Presl","Arrhenatherum elatius (L.) P.Beauv. ex J.Presl & C.Presl","Arrhenatherum elatius"
"Artemisia absinthium L.","Artemisia absinthium L.","Artemisia absinthium"
"Artemisia campestris L. ssp. borealis (Pall.) H.M. Hall & Clem. var. scouleriana (Hook.) Cronquist","Artemisia alba subsp. alba","Artemisia alba"
"Artemisia annua L.","Artemisia annua L.","Artemisia annua"
"Artemisia arctica Less. ssp. arctica","Artemisia arctica Less. ssp. arctica","Artemisia arctica"
"Artemisia biennis Willd.","Artemisia biennis Willd.","Artemisia biennis"
"Artemisia campestris L.","Artemisia campestris L.","Artemisia campestris"
"Artemisia cana Pursh","Artemisia cana Pursh","Artemisia cana"
"Artemisia douglasiana Besser","Artemisia douglasiana Besser","Artemisia douglasiana"
"Artemisia dracunculus L.","Artemisia dracunculus L.","Artemisia dracunculus"
"Artemisia filifolia Torr.","Artemisia filifolia Torr.","Artemisia filifolia"
"Artemisia franserioides Greene","Artemisia franserioides Greene","Artemisia franserioides"
"Artemisia frigida Willd.","Artemisia frigida Willd.","Artemisia frigida"
"Artemisia alaskana Rydb.","Artemisia kruhsiana subsp. alaskana (Rydb.) D.F.Murray & Elven","Artemisia kruhsiana"
"Artemisia ludoviciana Nutt.","Artemisia ludoviciana Nutt.","Artemisia ludoviciana"
"Artemisia lindleyana Besser","Artemisia ludoviciana subsp. lindleyana (Besser) Lesica","Artemisia ludoviciana"
"Artemisia ludoviciana Nutt. ssp. candicans (Rydb.) D.D. Keck","Artemisia ludoviciana subsp. candicans (Rydb.) D.D.Keck","Artemisia ludoviciana"
"Artemisia arctica Less.","Artemisia norvegica subsp. saxatilis (Besser) H.M.Hall & Clem.","Artemisia norvegica"
"Artemisia nova A. Nelson","Artemisia nova A.Nelson","Artemisia nova"
"Artemisia scopulorum A. Gray","Artemisia scopulorum A.Gray","Artemisia scopulorum"
"Artemisia sp.","Artemisia sp.","Artemisia sp."
"Artemisia spp.","Artemisia spp.","Artemisia sp."
"Artemisia tilesii Ledeb.","Artemisia tilesii Ledeb.","Artemisia tilesii"
"Artemisia tridentata Nutt.","Artemisia tridentata Nutt.","Artemisia tridentata"
"Artemisia tridentata Nutt. ssp. tridentata","Artemisia tridentata subsp. tridentata","Artemisia tridentata"
"Artemisia vulgaris L.","Artemisia vulgaris L.","Artemisia vulgaris"
"Arthonia fuliginosa (Schaer) Flotow","Arthonia fuliginosa (Schaer) Flotow","Arthonia fuliginosa"
"Arthonia viridicans Willey","Arthonia viridicans Willey","Arthonia viridicans"
"Arthraxon hispidus (Thunb.) Makino","Arthraxon hispidus (Thunb.) Makino","Arthraxon hispidus"
"Arthrorhaphis alpina (Schaerer) R. Sant.","Arthrorhaphis alpina (Schaerer) R. Sant.","Arthrorhaphis alpina"
"Arundina graminifolia (D. Don) Hochr.","Arundina graminifolia (D.Don) Hochr.","Arundina graminifolia"
"Arundinaria appalachiana Triplett, Weakley, & L.G. Clark","Arundinaria appalachiana Triplett, Weakley & L.G.Clark","Arundinaria appalachiana"
"Arundinaria gigantea (Walter) Muhl.","Arundinaria gigantea (Walter) Muhl.","Arundinaria gigantea"
"Arundinaria sp.","Arundinaria sp.","Arundinaria sp."
"Arundinaria tecta (Walter) Muhl.","Arundinaria tecta (Walter) Muhl.","Arundinaria tecta"
"Hexastylis arifolia (Michx.) Small","Asarum arifolium Michx.","Asarum arifolium"
"Asarum canadense L.","Asarum canadense L.","Asarum canadense"
"Asarum caudatum Lindl.","Asarum caudatum Lindl.","Asarum caudatum"
"Hexastylis shuttleworthii (Britten & Baker f.) Small var. harperi Gaddy","Asarum harperi (Gaddy) Diamond","Asarum harperi"
"Asarum hartwegii S. Watson","Asarum hartwegii S.Watson","Asarum hartwegii"
"Asarum lemmonii S. Watson","Asarum lemmonii S.Watson","Asarum lemmonii"
"Hexastylis shuttleworthii (Britten & Baker f.) Small","Asarum shuttleworthii Britten & Baker f.","Asarum shuttleworthii"
"Asarum sp.","Asarum sp.","Asarum sp."
"Hexastylis virginica (L.) Small","Asarum virginicum L.","Asarum virginicum"
"Asclepias amplexicaulis Sm.","Asclepias amplexicaulis Sm.","Asclepias amplexicaulis"
"Asclepias arenaria Torr.","Asclepias arenaria Torr.","Asclepias arenaria"
"Asclepias asperula (Decne.) Woodson","Asclepias asperula (Decne.) Woodson","Asclepias asperula"
"Asclepias brachystephana Engelm. ex Torr.","Asclepias brachystephana Engelm. ex Torr.","Asclepias brachystephana"
"Asclepias cinerea Walter","Asclepias cinerea Walter","Asclepias cinerea"
"Asclepias cryptoceras S. Watson","Asclepias cryptoceras S.Watson","Asclepias cryptoceras"
"Asclepias engelmanniana Woodson","Asclepias engelmanniana Woodson","Asclepias engelmanniana"
"Asclepias exaltata L.","Asclepias exaltata L.","Asclepias exaltata"
"Asclepias feayi Chapm. ex A. Gray","Asclepias feayi Chapm. ex A.Gray","Asclepias feayi"
"Asclepias humistrata Walter","Asclepias humistrata Walter","Asclepias humistrata"
"Asclepias incarnata L.","Asclepias incarnata L.","Asclepias incarnata"
"Asclepias linearis Scheele","Asclepias linearis Scheele","Asclepias linearis"
"Asclepias longifolia Michx.","Asclepias longifolia Michx.","Asclepias longifolia"
"Asclepias michauxii Decne.","Asclepias michauxii Decne.","Asclepias michauxii"
"Asclepias nummularia Torr.","Asclepias nummularia Torr.","Asclepias nummularia"
"Asclepias nyctaginifolia A. Gray","Asclepias nyctaginifolia A.Gray","Asclepias nyctaginifolia"
"Asclepias ovalifolia Decne.","Asclepias ovalifolia Decne.","Asclepias ovalifolia"
"Asclepias pedicellata Walter","Asclepias pedicellata Walter","Asclepias pedicellata"
"Asclepias perennis Walter","Asclepias perennis Walter","Asclepias perennis"
"Asclepias pumila (A. Gray) Vail","Asclepias pumila (A.Gray) Vail","Asclepias pumila"
"Asclepias purpurascens L.","Asclepias purpurascens L.","Asclepias purpurascens"
"Asclepias quadrifolia Jacq.","Asclepias quadrifolia Jacq.","Asclepias quadrifolia"
"Asclepias sp.","Asclepias sp.","Asclepias sp."
"Asclepias spp.","Asclepias spp.","Asclepias sp."
"Asclepias speciosa Torr.","Asclepias speciosa Torr.","Asclepias speciosa"
"Asclepias stenophylla A. Gray","Asclepias stenophylla A.Gray","Asclepias stenophylla"
"Asclepias sullivantii Engelm. ex A. Gray","Asclepias sullivantii Engelm. ex A.Gray","Asclepias sullivantii"
"Asclepias syriaca L.","Asclepias syriaca L.","Asclepias syriaca"
"Asclepias tomentosa Elliott","Asclepias tomentosa Elliott","Asclepias tomentosa"
"Asclepias tuberosa L.","Asclepias tuberosa L.","Asclepias tuberosa"
"Asclepias tuberosa L. ssp. interior Woodson","Asclepias tuberosa subsp. interior Woodson","Asclepias tuberosa"
"Asclepias variegata L.","Asclepias variegata L.","Asclepias variegata"
"Asclepias verticillata L.","Asclepias verticillata L.","Asclepias verticillata"
"Asclepias viridiflora Raf.","Asclepias viridiflora Raf.","Asclepias viridiflora"
"Asclepias viridis Walter","Asclepias viridis Walter","Asclepias viridis"
"Polygala grandiflora Walter","Asemeia grandiflora (Walter) Small","Asemeia grandiflora"
"Asimina angustifolia Raf.","Asimina angustifolia Raf.","Asimina angustifolia"
"Asimina incana (W. Bartram) Exell","Asimina incana (W.Bartram) Exell","Asimina incana"
"Asimina obovata (Willd.) Nash","Asimina obovata (Willd.) Nash","Asimina obovata"
"Asimina parviflora (Michx.) Dunal","Asimina parviflora (Michx.) Dunal","Asimina parviflora"
"Asimina pygmea (W. Bartram) Dunal","Asimina pygmaea (W.Bartram) Dunal","Asimina pygmaea"
"Asimina reticulata Shuttlw. ex Chapm.","Asimina reticulata Shuttlew. ex Chapm.","Asimina reticulata"
"Asimina sp.","Asimina sp.","Asimina sp."
"Asimina triloba (L.) Dunal","Asimina triloba (L.) Dunal","Asimina triloba"
"Crepis nana Richardson","Askellia pygmaea var. pygmaea","Askellia pygmaea"
"Asparagus officinalis L.","Asparagus officinalis L.","Asparagus officinalis"
"Asperugo procumbens L.","Asperugo procumbens L.","Asperugo procumbens"
"Galium tinctorium (L.) Scop.","Asperula tinctoria L.","Asperula tinctoria"
"Asplenium aethiopicum (N.L. Burm.) Bech.","Asplenium aethiopicum (Burm.f.) Becherer","Asplenium aethiopicum"
"Asplenium contiguum Kaulf.","Asplenium contiguum Kaulf.","Asplenium contiguum"
"Asplenium macraei Hook. & Grev.","Asplenium macraei Hook. & Grev.","Asplenium macraei"
"Asplenium montanum Willd.","Asplenium montanum Willd.","Asplenium montanum"
"Asplenium pinnatifidum Nutt.","Asplenium pinnatifidum Nutt.","Asplenium pinnatifidum"
"Asplenium platyneuron (L.) Britton, Sterns & Poggenb.","Asplenium platyneuron (L.) Britton, Sterns & Poggenb.","Asplenium platyneuron"
"Asplenium polyodon G. Forst.","Asplenium polyodon G.Forst.","Asplenium polyodon"
"Asplenium sp.","Asplenium sp.","Asplenium sp."
"Asplenium spp.","Asplenium spp.","Asplenium sp."
"Asplenium trichomanes-ramosum L.","Asplenium viride Huds.","Asplenium viride"
"Asplenium ×herb-wagneri W.C. Taylor & Mohlenbr.","Asplenium × herb-wagneri W.C.Taylor & Mohlenbr.","Asplenium × herb-wagneri"
"Astelia menziesiana Sm.","Astelia menziesiana Sm.","Astelia menziesiana"
"Aster sp.","Aster sp.","Aster sp."
"Aster spp.","Aster spp.","Aster sp."
"Astilbe biternata (Vent.) Britton","Astilbe biternata (Vent.) Britton","Astilbe biternata"
"Astragalus agnicidus Barneby","Astragalus agnicidus Barneby","Astragalus agnicidus"
"Astragalus agrestis Douglas ex G. Don","Astragalus agrestis Douglas ex G.Don","Astragalus agrestis"
"Astragalus allochrous A. Gray","Astragalus allochrous A.Gray","Astragalus allochrous"
"Astragalus calycosus Torr. ex S. Watson","Astragalus calycosus Torr. ex S.Watson","Astragalus calycosus"
"Astragalus canadensis L.","Astragalus canadensis L.","Astragalus canadensis"
"Astragalus cicer L.","Astragalus cicer L.","Astragalus cicer"
"Astragalus coltonii M.E. Jones","Astragalus coltonii M.E.Jones","Astragalus coltonii"
"Astragalus convallarius Greene","Astragalus convallarius Greene","Astragalus convallarius"
"Astragalus crassicarpus Nutt.","Astragalus crassicarpus Nutt.","Astragalus crassicarpus"
"Astragalus distortus Torr. & A. Gray","Astragalus distortus Torr. & A.Gray","Astragalus distortus"
"Astragalus drummondii Douglas ex Hook.","Astragalus drummondii Douglas ex Hook.","Astragalus drummondii"
"Astragalus flavus Nutt.","Astragalus flavus Nutt.","Astragalus flavus"
"Astragalus flexuosus Douglas ex G. Don","Astragalus flexuosus (Hook.) Douglas ex G.Don","Astragalus flexuosus"
"Astragalus gracilis Nutt.","Astragalus gracilis Fraser ex Nutt.","Astragalus gracilis"
"Astragalus laxmannii Jacq. var. robustior (Hook.) Barneby & S.L. Welsh","Astragalus laxmannii subsp. robustior (Hook.) Podlech","Astragalus laxmannii"
"Astragalus laxmannii Jacq.","Astragalus laxmannii Jacq.","Astragalus laxmannii"
"Astragalus lotiflorus Hook.","Astragalus lotiflorus Hook.","Astragalus lotiflorus"
"Astragalus michauxii (Kuntze) F.J. Herm.","Astragalus michauxii (Kuntze) F.J.Herm.","Astragalus michauxii"
"Astragalus miser Douglas ex Hook.","Astragalus miser Douglas ex Hook.","Astragalus miser"
"Astragalus missouriensis Nutt.","Astragalus missouriensis Nutt.","Astragalus missouriensis"
"Astragalus mollissimus Torr.","Astragalus mollissimus Torr.","Astragalus mollissimus"
"Astragalus nuttallianus DC.","Astragalus nuttallianus DC.","Astragalus nuttallianus"
"Astragalus nuttallianus DC. var. austrinus (Small) Barneby","Astragalus nuttallianus var. austrinus (Small) Barneby","Astragalus nuttallianus"
"Astragalus parryi A. Gray","Astragalus parryi A.Gray","Astragalus parryi"
"Astragalus pectinatus (Douglas ex Hook.) Douglas ex G. Don","Astragalus pectinatus (Hook.) Douglas ex G.Don","Astragalus pectinatus"
"Astragalus plattensis Nutt.","Astragalus plattensis Nutt.","Astragalus plattensis"
"Astragalus purshii Douglas ex Hook.","Astragalus purshii Douglas ex G.Don","Astragalus purshii"
"Astragalus racemosus Pursh","Astragalus racemosus Pursh","Astragalus racemosus"
"Astragalus reflexus Torr. & A. Gray","Astragalus reflexus Torr. & A.Gray","Astragalus reflexus"
"Astragalus sp.","Astragalus sp.","Astragalus sp."
"Astragalus spp.","Astragalus spp.","Astragalus sp."
"Astragalus tenellus Pursh","Astragalus tenellus Bunge","Astragalus tenellus"
"Astragalus tephrodes A. Gray","Astragalus tephrodes A.Gray","Astragalus tephrodes"
"Astragalus umbellatus Bunge","Astragalus umbellatus Bunge","Astragalus umbellatus"
"Astragalus vexilliflexus Sheldon","Astragalus vexilliflexus E.Sheld.","Astragalus vexilliflexus"
"Astranthium integrifolium (Michx.) Nutt. ssp. ciliatum (Raf.) DeJong","Astranthium ciliatum (Raf.) G.L.Nesom","Astranthium ciliatum"
"Astranthium integrifolium (Michx.) Nutt. ssp. integrifolium","Astranthium integrifolium (Michx.) Nutt. ssp. integrifolium","Astranthium integrifolium"
"Astranthium integrifolium (Michx.) Nutt.","Astranthium integrifolium Nutt.","Astranthium integrifolium"
"Asystasia gangetica (L.) T. Anderson","Asystasia gangetica (L.) T.Anderson","Asystasia gangetica"
"Athyrium filix-femina (L.) Roth ssp. angustum (Willd.) R.T. Clausen","Athyrium angustum (Willd.) C.Presl","Athyrium angustum"
"Athyrium filix-femina (L.) Roth ssp. asplenioides (Michx.) Hultén","Athyrium asplenioides (Michx.) Desv.","Athyrium asplenioides"
"Athyrium filix-femina (L.) Roth","Athyrium filix-femina (L.) Roth","Athyrium filix-femina"
"Athyrium microphyllum (J. Sm.) Alston","Athyrium microphyllum (Sm.) Alston","Athyrium microphyllum"
"Athyrium sp.","Athyrium sp.","Athyrium sp."
"Athysanus pusillus (Hook.) Greene","Athysanus pusillus (Hook.) Greene","Athysanus pusillus"
"Atriplex argentea Nutt.","Atriplex argentea Nutt.","Atriplex argentea"
"Atriplex canescens (Pursh) Nutt.","Atriplex canescens (Pursh) Nutt.","Atriplex canescens"
"Atriplex confertifolia (Torr. & Frém.) S. Watson","Atriplex confertifolia (Torr. & Frém.) S.Watson","Atriplex confertifolia"
"Atriplex subspicata (Nutt.) Rydb.","Atriplex dioica Raf.","Atriplex dioica"
"Atriplex gardneri (Moq.) D. Dietr.","Atriplex gardneri (Moq.) D.Dietr.","Atriplex gardneri"
"Atriplex sp.","Atriplex sp.","Atriplex sp."
"Atriplex spp.","Atriplex spp.","Atriplex sp."
"Aureolaria flava (L.) Farw.","Aureolaria flava (L.) Farw.","Aureolaria flava"
"Aureolaria flava (L.) Farw. var. flava","Aureolaria flava (L.) Farw. var. flava","Aureolaria flava"
"Aureolaria laevigata (Raf.) Raf.","Aureolaria levigata (Raf.) Raf.","Aureolaria levigata"
"Aureolaria pectinata (Nutt.) Pennell","Aureolaria pectinata (Nutt.) Pennell","Aureolaria pectinata"
"Aureolaria virginica (L.) Pennell","Aureolaria virginica (L.) Pennell","Aureolaria virginica"
"Avena barbata Pott ex Link","Avena barbata Pott ex Link","Avena barbata"
"Avena fatua L.","Avena fatua L.","Avena fatua"
"Avena sativa L.","Avena sativa L.","Avena sativa"
"Avena sp.","Avena sp.","Avena sp."
"Axonopus compressus (Sw.) P. Beauv.","Axonopus compressus (Sw.) P.Beauv.","Axonopus compressus"
"Axonopus fissifolius (Raddi) Kuhlm.","Axonopus fissifolius (Raddi) Kuhlm.","Axonopus fissifolius"
"Axonopus furcatus (Flueggé) Hitchc.","Axonopus furcatus (Flüggé) Hitchc.","Axonopus furcatus"
"Axonopus spp.","Axonopus spp.","Axonopus sp."
"Axonopus sp.","Axonopus sp.","Axonopus sp."
"Ayenia filiformis S. Watson","Ayenia filiformis S.Watson","Ayenia filiformis"
"Ayenia insulicola Cristobal","Ayenia insulicola Cristóbal","Ayenia insulicola"
"Ayenia microphylla A. Gray","Ayenia microphylla A.Gray","Ayenia microphylla"
"Ayenia sp.","Ayenia sp.","Ayenia sp."
"Azadirachta indica A. Juss.","Azadirachta indica A.Juss.","Azadirachta indica"
"Azolla caroliniana Willd.","Azolla caroliniana Willd.","Azolla caroliniana"
"Baccharis brachyphylla A. Gray","Baccharis brachyphylla A.Gray","Baccharis brachyphylla"
"Baccharis glomeruliflora Pers.","Baccharis glomeruliflora Pers.","Baccharis glomeruliflora"
"Baccharis halimifolia L.","Baccharis halimifolia L.","Baccharis halimifolia"
"Baccharis pteronioides DC.","Baccharis pteronioides DC.","Baccharis pteronioides"
"Baccharis sarothroides A. Gray","Baccharis sarothroides A.Gray","Baccharis sarothroides"
"Baccharis sp.","Baccharis sp.","Baccharis sp."
"Bacopa caroliniana (Walter) B.L. Rob.","Bacopa caroliniana (Walter) B.L.Rob.","Bacopa caroliniana"
"Bacopa monnieri (L.) Pennell","Bacopa monnieri (L.) Wettst.","Bacopa monnieri"
"Bacopa sp.","Bacopa sp.","Bacopa sp."
"Polygala penaea L.","Badiera penaea (L.) DC.","Badiera penaea"
"Baileya multiradiata Harv. & A. Gray ex A. Gray","Baileya multiradiata Harv. & A.Gray","Baileya multiradiata"
"Balduina angustifolia (Pursh) B.L. Rob.","Balduina angustifolia B.L.Rob.","Balduina angustifolia"
"Balduina sp.","Balduina sp.","Balduina sp."
"Balduina uniflora Nutt.","Balduina uniflora Nutt.","Balduina uniflora"
"Balsamorhiza spp.","Balsamorhiza spp.","Balsamorhiza sp."
"Baptisia alba (L.) Vent.","Baptisia alba (L.) R.Br.","Baptisia alba"
"Baptisia australis (L.) R. Br.","Baptisia australis (L.) R.Br.","Baptisia australis"
"Baptisia australis (L.) R. Br. var. australis","Baptisia australis var. australis","Baptisia australis"
"Baptisia bracteata Muhl. ex Elliott","Baptisia bracteata Muhl. ex Elliott","Baptisia bracteata"
"Baptisia sp.","Baptisia sp.","Baptisia sp."
"Barbarea orthoceras Ledeb.","Barbarea orthoceras Ledeb.","Barbarea orthoceras"
"Barbarea sp.","Barbarea sp.","Barbarea sp."
"Barbarea vulgaris W.T. Aiton","Barbarea vulgaris W.T.Aiton","Barbarea vulgaris"
"Bartonia virginica (L.) Britton, Sterns & Poggenb.","Bartonia virginica (L.) Britton, Sterns & Poggenb.","Bartonia virginica"
"Bassia hyssopifolia (Pall.) Kuntz","Bassia hyssopifolia (Pall.) Kuntze","Bassia hyssopifolia"
"Bassia scoparia (L.) A.J. Scott","Bassia scoparia (L.) Beck","Bassia scoparia"
"Bassia sp.","Bassia sp.","Bassia sp."
"Bassia spp.","Bassia spp.","Bassia sp."
"Beckmannia syzigachne (Steud.) Fernald","Beckmannia syzigachne (Steud.) Fernald","Beckmannia syzigachne"
"Bejaria racemosa Vent.","Bejaria racemosa Vent.","Bejaria racemosa"
"Bejaria sp.","Bejaria sp.","Bejaria sp."
"Bellemerea diamarta (Ach.) Hafellner & Roux","Bellemerea diamarta (Ach.) Hafellner & Roux","Bellemerea diamarta"
"Mahonia bealei (Fortune) Carrière","Berberis bealei Fortune","Berberis bealei"
"Mahonia fremontii (Torr.) Fedde","Berberis fremontii Torr.","Berberis fremontii"
"Mahonia nervosa (Pursh) Nutt.","Berberis nervosa Pursh","Berberis nervosa"
"Mahonia repens (Lindl.) G. Don","Berberis repens Lindl.","Berberis repens"
"Berberis thunbergii DC.","Berberis thunbergii DC.","Berberis thunbergii"
"Berchemia scandens (Hill) K. Koch","Berchemia scandens (Hill) K.Koch","Berchemia scandens"
"Berlandiera betonicifolia (Hook.) Small","Berlandiera betonicifolia (Hook.) Small","Berlandiera betonicifolia"
"Berlandiera subacaulis (Nutt.) Nutt.","Berlandiera subacaulis (Nutt.) Nutt.","Berlandiera subacaulis"
"Bernardia dichotoma (Willd.) Müll. Arg.","Bernardia dichotoma (Willd.) Müll.Arg.","Bernardia dichotoma"
"Berteroa incana (L.) DC.","Berteroa incana (L.) DC.","Berteroa incana"
"Betula alleghaniensis Britton","Betula alleghaniensis Britton","Betula alleghaniensis"
"Betula alleghaniensis Britton var. alleghaniensis","Betula alleghaniensis Britton var. alleghaniensis","Betula alleghaniensis"
"Betula papyrifera Marshall var. cordifolia (Regel) Fernald","Betula cordifolia Regel","Betula cordifolia"
"Betula glandulosa/nana","Betula glandulosa","Betula glandulosa"
"Betula glandulosa Michx.","Betula glandulosa Michx.","Betula glandulosa"
"Betula lenta L.","Betula lenta L.","Betula lenta"
"Betula nana L.","Betula nana L.","Betula nana"
"Betula nigra L.","Betula nigra L.","Betula nigra"
"Betula occidentalis Hook.","Betula occidentalis Hook.","Betula occidentalis"
"Betula papyrifera Marshall","Betula papyrifera Marshall","Betula papyrifera"
"Betula papyrifera Marshall var. papyrifera","Betula papyrifera Marshall var. papyrifera","Betula papyrifera"
"Betula neoalaskana Sarg.","Betula pendula subsp. mandshurica (Regel) Ashburner & McAll.","Betula pendula"
"Betula populifolia Marshall","Betula populifolia Marshall","Betula populifolia"
"Betula pumila L.","Betula pumila L.","Betula pumila"
"Betula sp.","Betula sp.","Betula sp."
"Betula spp.","Betula spp.","Betula sp."
"Betula ×eastwoodiae Sarg. (pro sp.)","Betula × eastwoodiae Sarg.","Betula × eastwoodiae"
"Bidens alba (L.) DC.","Bidens alba (L.) DC.","Bidens alba"
"Bidens aristosa (Michx.) Britton","Bidens aristosa (Michx.) Britton","Bidens aristosa"
"Bidens bipinnata L.","Bidens bipinnata L.","Bidens bipinnata"
"Bidens cernua L.","Bidens cernua L.","Bidens cernua"
"Bidens connata Muhl. ex Willd.","Bidens connata Muhl. ex Willd.","Bidens connata"
"Bidens discoidea (Torr. & A. Gray) Britton","Bidens discoidea Britton","Bidens discoidea"
"Bidens frondosa L.","Bidens frondosa L.","Bidens frondosa"
"Bidens laevis (L.) Britton, Sterns & Poggenb.","Bidens laevis (L.) Britton, Sterns & Poggenb.","Bidens laevis"
"Bidens leptocephala Sherff","Bidens leptocephala Sherff","Bidens leptocephala"
"Bidens mitis (Michx.) Sherff","Bidens mitis Sherff","Bidens mitis"
"Bidens pilosa L.","Bidens pilosa L.","Bidens pilosa"
"Bidens sp.","Bidens sp.","Bidens sp."
"Bidens coronata (L.) Britton","Bidens trichosperma (Michx.) Britton","Bidens trichosperma"
"Bidens vulgata Greene","Bidens vulgata Greene","Bidens vulgata"
"Bifora americana Benth. & Hook. f. ex S. Watson","Bifora americana (DC.) A.Gray","Bifora americana"
"Bigelowia sp.","Bigelowia sp.","Bigelowia sp."
"Cydista aequinoctialis (L.) Miers","Bignonia aequinoctialis L.","Bignonia aequinoctialis"
"Bignonia capreolata L.","Bignonia capreolata L.","Bignonia capreolata"
"Bignonia sp.","Bignonia sp.","Bignonia sp."
"Polygonum bistortoides Pursh","Bistorta bistortoides (Pursh) Small","Bistorta bistortoides"
"Polygonum bistorta L.","Bistorta officinalis Delarbre","Bistorta officinalis"
"Polygonum bistorta L. var. plumosum (Small) B. Boivin","Bistorta plumosa (Small) Greene","Bistorta plumosa"
"Polygonum viviparum L.","Bistorta vivipara (L.) Delarbre","Bistorta vivipara"
"Sadleria cyatheoides Kaulf.","Blechnum cyatheoides (Kaulf.) Christenh.","Blechnum cyatheoides"
"Sadleria pallida Hook. & Arn.","Blechnum pallidum (Hook. & Arn.) Brack.","Blechnum pallidum"
"Sadleria souleyetiana (Gaudich.) T. Moore","Blechnum souleytianum Gaudich.","Blechnum souleytianum"
"Blechnum spicant (L.) Sm.","Blechnum spicant (L.) Roth","Blechnum spicant"
"Hexalectris arizonica (S.Watson) A.H. Kenn. & L.E. Watson","Bletia arizonica (S.Watson) Sosa & M.W.Chase","Bletia arizonica"
"Chenopodium capitatum (L.) Asch.","Blitum capitatum L.","Blitum capitatum"
"Monolepis nuttalliana (Schult.) Greene","Blitum nuttallianum Schult.","Blitum nuttallianum"
"Chenopodium foliosum (Moench) Asch.","Blitum virgatum L.","Blitum virgatum"
"Arabis cobrensis M.E. Jones","Boechera cobrensis (M.E.Jones) Dorn","Boechera cobrensis"
"Arabis crandallii B.L. Rob.","Boechera crandallii (B.L.Rob.) W.A.Weber","Boechera crandallii"
"Arabis ×divaricarpa A. Nelson (pro sp.)","Boechera divaricarpa (A.Nelson) Á.Löve & D.Löve","Boechera divaricarpa"
"Arabis drummondii A. Gray","Boechera drummondii (A.Gray) Á.Löve & D.Löve","Boechera drummondii"
"Arabis pulchra M.E. Jones ex S. Watson var. pallens M.E. Jones","Boechera formosa (Greene) Windham & Al-Shehbaz","Boechera formosa"
"Arabis holboellii Hornem.","Boechera holboellii (Hornem.) Á.Löve & D.Löve","Boechera holboellii"
"Arabis pendulina Greene","Boechera pendulina (Greene) W.A.Weber","Boechera pendulina"
"Arabis fendleri (S. Watson) Greene","Boechera perennans subsp. fendleri (S.Watson) Windham","Boechera perennans"
"Arabis fendleri (S. Watson) Greene var. spatifolia (Rydb.) Rollins","Boechera perennans subsp. spatifolia (Rydb.) Windham","Boechera perennans"
"Arabis platysperma A. Gray","Boechera platysperma (A.Gray) Al-Shehbaz","Boechera platysperma"
"Arabis puberula Nutt.","Boechera puberula (Nutt.) Dorn","Boechera puberula"
"Arabis beckwithii S. Watson","Boechera puberula (Nutt.) Dorn","Boechera puberula"
"Arabis pulchra M.E. Jones ex S. Watson","Boechera pulchra (M.E.Jones ex S.Watson) W.A.Weber","Boechera pulchra"
"Arabis holboellii Hornem. var. retrofracta (Graham) Rydb.","Boechera retrofracta (Graham) Á.Löve & D.Löve","Boechera retrofracta"
"Boehmeria cylindrica (L.) Sw.","Boehmeria cylindrica (L.) Sw.","Boehmeria cylindrica"
"Boehmeria sp.","Boehmeria sp.","Boehmeria sp."
"Boerhavia coccinea Mill.","Boerhavia coccinea Mill.","Boerhavia coccinea"
"Boerhavia coulteri (Hook. f.) S. Watson","Boerhavia coulteri (Hook.f.) S.Watson","Boerhavia coulteri"
"Boerhavia diffusa L.","Boerhavia diffusa L.","Boerhavia diffusa"
"Boerhavia erecta L.","Boerhavia erecta L.","Boerhavia erecta"
"Boerhavia gracillima Heimerl","Boerhavia gracillima Heimerl","Boerhavia gracillima"
"Boerhavia sp.","Boerhavia sp.","Boerhavia sp."
"Boerhavia spp.","Boerhavia spp.","Boerhavia sp."
"Boerhavia spicata Choisy","Boerhavia spicata Choisy","Boerhavia spicata"
"Boerhavia intermedia M.E. Jones","Boerhavia triquetra var. intermedia (M.E.Jones) Spellenb.","Boerhavia triquetra"
"Boerhavia wrightii A. Gray","Boerhavia wrightii A.Gray","Boerhavia wrightii"
"Schoenoplectus maritimus (L.) Lye","Bolboschoenus maritimus (L.) Palla","Bolboschoenus maritimus"
"Boltonia diffusa Elliott","Boltonia diffusa Elliott","Boltonia diffusa"
"Arabis canadensis L.","Borodinia canadensis (L.) P.J.Alexander & Windham","Borodinia canadensis"
"Arabis laevigata (Muhl. ex Willd.) Poir.","Borodinia laevigata (Muhl. ex Willd.) P.J.Alexander & Windham","Borodinia laevigata"
"Boschniakia rossica (Cham. & Schltdl.) Fedtsch.","Boschniakia rossica (Cham. & Schltdl.) B.Fedtsch.","Boschniakia rossica"
"Boschniakia sp.","Boschniakia sp.","Boschniakia sp."
"Bothriochloa barbinodis (Lag.) Herter","Bothriochloa barbinodis (Lag.) Herter","Bothriochloa barbinodis"
"Bothriochloa bladhii (Retz.) S.T. Blake","Bothriochloa bladhii (Retz.) S.T.Blake","Bothriochloa bladhii"
"Bothriochloa ischaemum (L.) Keng var. songarica (Rupr. ex Fisch. & C.A. Mey.) Celarier & Harlan","Bothriochloa ischaemum (L.) Keng","Bothriochloa ischaemum"
"Bothriochloa ischaemum (L.) Keng var. ischaemum","Bothriochloa ischaemum (L.) Keng var. ischaemum","Bothriochloa ischaemum"
"Bothriochloa ischaemum (L.) Keng","Bothriochloa ischaemum (L.) Keng","Bothriochloa ischaemum"
"Bothriochloa laguroides (DC.) Herter","Bothriochloa laguroides (DC.) Herter","Bothriochloa laguroides"
"Bothriochloa pertusa (L.) A. Camus","Bothriochloa pertusa (L.) A.Camus","Bothriochloa pertusa"
"Bothriochloa sp.","Bothriochloa sp.","Bothriochloa sp."
"Bothriochloa spp.","Bothriochloa spp.","Bothriochloa sp."
"Bothriochloa laguroides (DC.) Herter ssp. torreyana (Steud.) Allred & Gould","Bothriochloa torreyana (Steud.) Scrivanti & Anton","Bothriochloa torreyana"
"Botrychium acuminatum W.H. Wagner","Botrychium acuminatum W.H.Wagner","Botrychium acuminatum"
"Botrychium lanceolatum (S.G. Gmel.) Angstr. var. angustisegmentum Pease & A.H. Moore","Botrychium angustisegmentum (Pease & A.H.Moore) Fernald","Botrychium angustisegmentum"
"Botrychium biternatum (Sav.) Underw.","Botrychium biternatum Underw.","Botrychium biternatum"
"Botrychium dissectum Spreng.","Botrychium dissectum Spreng.","Botrychium dissectum"
"Botrychium lanceolatum (S.G. Gmel.) Angstr.","Botrychium lanceolatum (S.G.Gmel.) Ångstr.","Botrychium lanceolatum"
"Botrychium lunaria (L.) Sw.","Botrychium lunaria (L.) Sw.","Botrychium lunaria"
"Botrychium lunarioides (Michx.) Sw.","Botrychium lunarioides (Michx.) Sw.","Botrychium lunarioides"
"Botrychium matricariifolium (A. Braun ex Dowell) A. Braun ex W.D.J. Koch","Botrychium matricariifolium (Retz.) A.Braun ex W.D.J.Koch","Botrychium matricariifolium"
"Botrychium multifidum (S.G. Gmel.) Trevis.","Botrychium multifidum (S.G.Gmel.) Rupr.","Botrychium multifidum"
"Botrychium oneidense (Gilbert) House","Botrychium oneidense (Gilbert) House","Botrychium oneidense"
"Botrychium simplex E. Hitchc.","Botrychium simplex E.Hitchc.","Botrychium simplex"
"Botrychium sp.","Botrychium sp.","Botrychium sp."
"Botrychium spp.","Botrychium spp.","Botrychium sp."
"Botrychium spathulatum W.H. Wagner","Botrychium spathulatum W.H.Wagner","Botrychium spathulatum"
"Botrychium virginianum (L.) Sw.","Botrychium virginianum (L.) Sw.","Botrychium virginianum"
"Bourreria sp.","Bourreria sp.","Bourreria sp."
"Bourreria spp.","Bourreria spp.","Bourreria sp."
"Bourreria succulenta Jacq.","Bourreria succulenta Jacq.","Bourreria succulenta"
"Bourreria virgata (Sw.) G. Don","Bourreria virgata (Sw.) G.Don","Bourreria virgata"
"Bouteloua aristidoides (Kunth) Griseb.","Bouteloua aristidoides (Kunth) Griseb.","Bouteloua aristidoides"
"Bouteloua aristidoides (Kunth) Griseb. var. aristidoides","Bouteloua aristidoides (Kunth) Griseb. var. aristidoides","Bouteloua aristidoides"
"Bouteloua aristidoides (Kunth) Griseb. var. arizonica M.E. Jones","Bouteloua arizonica (M.E.Jones) Cuellar & Columbus","Bouteloua arizonica"
"Bouteloua barbata Lag.","Bouteloua barbata Lag.","Bouteloua barbata"
"Bouteloua rothrockii Vasey","Bouteloua barbata Lag.","Bouteloua barbata"
"Bouteloua chondrosioides (Kunth) Benth. ex S. Watson","Bouteloua chondrosioides (Kunth) Benth. ex S.Watson","Bouteloua chondrosioides"
"Bouteloua curtipendula (Michx.) Torr.","Bouteloua curtipendula (Michx.) Torr.","Bouteloua curtipendula"
"Bouteloua curtipendula (Michx.) Torr. var. curtipendula","Bouteloua curtipendula var. curtipendula","Bouteloua curtipendula"
"Bouteloua dactyloides (Nutt.) J.T. Columbus","Bouteloua dactyloides (Nutt.) Columbus","Bouteloua dactyloides"
"Bouteloua eludens Griffiths","Bouteloua eludens Griffiths","Bouteloua eludens"
"Cathestecum erectum Vasey & Hack.","Bouteloua erecta (Vasey & Hack.) Columbus","Bouteloua erecta"
"Bouteloua eriopoda (Torr.) Torr.","Bouteloua eriopoda (Torr.) Torr.","Bouteloua eriopoda"
"Bouteloua gracilis (Willd. ex Kunth) Lag. ex Griffiths","Bouteloua gracilis (Kunth) Lag. ex Griffiths","Bouteloua gracilis"
"Bouteloua hirsuta Lag.","Bouteloua hirsuta Lag.","Bouteloua hirsuta"
"Bouteloua repens (Kunth) Scribn. & Merr.","Bouteloua repens (Kunth) Scribn. & Merr.","Bouteloua repens"
"Bouteloua rigidiseta (Steud.) Hitchc.","Bouteloua rigidiseta (Steud.) Hitchc.","Bouteloua rigidiseta"
"Bouteloua sp.","Bouteloua sp.","Bouteloua sp."
"Bouteloua spp.","Bouteloua spp.","Bouteloua sp."
"Bouteloua trifida Thurb.","Bouteloua trifida Thurb. ex S.Watson","Bouteloua trifida"
"Bowlesia incana Ruiz & Pav.","Bowlesia incana Ruiz & Pav.","Bowlesia incana"
"Brachyelytrum aristosum (Michx.) Trel.","Brachyelytrum aristosum (Michx.) Trel., Branner & Coville","Brachyelytrum aristosum"
"Brachyelytrum erectum (Schreb. ex Spreng.) P. Beauv.","Brachyelytrum erectum (Schreb.) P.Beauv.","Brachyelytrum erectum"
"Brachyelytrum sp.","Brachyelytrum sp.","Brachyelytrum sp."
"Brachymenium erectum (Hook.) Margad.","Brachymenium erectum (Hook.) Margad.","Brachymenium erectum"
"Chrysopsis pilosa Nutt.","Bradburia pilosa (Nutt.) Semple","Bradburia pilosa"
"Brasenia schreberi J.F. Gmel.","Brasenia schreberi J.F.Gmel.","Brasenia schreberi"
"Brasenia sp.","Brasenia sp.","Brasenia sp."
"Brassica juncea (L.) Czern.","Brassica juncea (L.) Czern.","Brassica juncea"
"Brassica sp.","Brassica sp.","Brassica sp."
"Brassica spp.","Brassica spp.","Brassica sp."
"Neotorularia humilis (C.A. Mey.) Hedge & J. Léonard","Braya humilis (C.A.Mey.) B.L.Rob.","Braya humilis"
"Brazoria arenaria Lundell","Brazoria arenaria Lundell","Brazoria arenaria"
"Mitella breweri A. Gray","Brewerimitella breweri (A.Gray) R.A.Folk & Y.Okuyama","Brewerimitella breweri"
"Brickellia californica (Torr. & A. Gray) A. Gray","Brickellia californica (Torr. & A.Gray) A.Gray","Brickellia californica"
"Brickellia coulteri A. Gray","Brickellia coulteri A.Gray","Brickellia coulteri"
"Brickellia eupatorioides (L.) Shinners","Brickellia eupatorioides (L.) Shinners","Brickellia eupatorioides"
"Brickellia sp.","Brickellia sp.","Brickellia sp."
"Brickellia eupatorioides (L.) Shinners var. corymbulosa (Torr. & A. Gray) Shinners","Brickellia suaveolens (Fresen.) G.L.Nesom","Brickellia suaveolens"
"Solidago discoidea Elliott","Brintonia discoidea (Elliott) Greene","Brintonia discoidea"
"Briza minor L.","Briza minor L.","Briza minor"
"Briza sp.","Briza sp.","Briza sp."
"Brodiaea coronaria (Salisb.) Engl.","Brodiaea coronaria (Salisb.) Jeps.","Brodiaea coronaria"
"Brodiaea elegans Hoover","Brodiaea elegans Hoover","Brodiaea elegans"
"Brodiaea elegans Hoover ssp. elegans","Brodiaea elegans subsp. elegans","Brodiaea elegans"
"Brodiaea sp.","Brodiaea sp.","Brodiaea sp."
"Brodiaea terrestris Kellogg ssp. kernensis (Hoover) Niehaus","Brodiaea terrestris subsp. kernensis (Hoover) Niehaus","Brodiaea terrestris"
"Bromelia sp.","Bromelia sp.","Bromelia sp."
"Bromidium spp.","Bromidium spp.","Bromidium sp."
"Bromus arenarius Labill.","Bromus arenarius Labill.","Bromus arenarius"
"Bromus arizonicus (Shear) Stebbins","Bromus arizonicus (Shear) Stebbins","Bromus arizonicus"
"Bromus arvensis L.","Bromus arvensis L.","Bromus arvensis"
"Bromus briziformis Fisch. & C.A. Mey.","Bromus briziformis Fisch. & C.A.Mey.","Bromus briziformis"
"Bromus carinatus Hook. & Arn.","Bromus carinatus Hook. & Arn.","Bromus carinatus"
"Bromus catharticus Vahl","Bromus catharticus Vahl","Bromus catharticus"
"Bromus ciliatus L.","Bromus ciliatus L.","Bromus ciliatus"
"Bromus ciliatus L. var. ciliatus","Bromus ciliatus L. var. ciliatus","Bromus ciliatus"
"Bromus diandrus Roth","Bromus diandrus Roth","Bromus diandrus"
"Bromus diandrus Roth ssp. diandrus","Bromus diandrus Roth ssp. diandrus","Bromus diandrus"
"Bromus erectus Huds.","Bromus erectus Huds.","Bromus erectus"
"Bromus grandis (Shear) Hitchc.","Bromus grandis (Shear) Hitchc.","Bromus grandis"
"Bromus hordeaceus L.","Bromus hordeaceus L.","Bromus hordeaceus"
"Bromus hordeaceus L. ssp. hordeaceus","Bromus hordeaceus subsp. hordeaceus","Bromus hordeaceus"
"Bromus inermis Leyss.","Bromus inermis Leyss.","Bromus inermis"
"Bromus kalmii A. Gray","Bromus kalmii A.Gray","Bromus kalmii"
"Bromus lanatipes (Shear) Rydb.","Bromus lanatipes (Shear) Rydb.","Bromus lanatipes"
"Bromus madritensis L.","Bromus madritensis L.","Bromus madritensis"
"Bromus marginatus Nees ex Steud.","Bromus marginatus Nees ex Steud.","Bromus marginatus"
"Bromus nottowayanus Fernald","Bromus nottowayanus Fernald","Bromus nottowayanus"
"Bromus porteri (J.M. Coult.) Nash","Bromus porteri (Coult.) Nash","Bromus porteri"
"Bromus pubescens Muhl. ex Willd.","Bromus pubescens Muhl. ex Willd.","Bromus pubescens"
"Bromus inermis Leyss. ssp. pumpellianus (Scribn.) Wagnon","Bromus pumpellianus Scribn.","Bromus pumpellianus"
"Bromus racemosus L.","Bromus racemosus L.","Bromus racemosus"
"Bromus rubens L.","Bromus rubens L.","Bromus rubens"
"Bromus sitchensis Trin.","Bromus sitchensis Trin.","Bromus sitchensis"
"Bromus sp.","Bromus sp.","Bromus sp."
"Bromus spp.","Bromus spp.","Bromus sp."
"Bromus sterilis L.","Bromus sterilis L.","Bromus sterilis"
"Bromus tectorum L.","Bromus tectorum L.","Bromus tectorum"
"Bromus texensis (Shear) Hitchc.","Bromus texensis (Shear) Hitchc.","Bromus texensis"
"Bromus vulgaris (Hook.) Shear","Bromus vulgaris (Hook.) Shear","Bromus vulgaris"
"Broussonetia papyrifera (L.) L'Hér. ex Vent.","Broussonetia papyrifera (L.) L'Hér. ex Vent.","Broussonetia papyrifera"
"Brunnichia ovata (Walter) Shinners","Brunnichia ovata (Walter) Shinners","Brunnichia ovata"
"Bryum dichotomum Hedw.","Bryum dichotomum Hedw.","Bryum dichotomum"
"Buchnera americana L.","Buchnera americana L.","Buchnera americana"
"Buchnera sp.","Buchnera sp.","Buchnera sp."
"Buellia silicicola de Lesd.","Buellia silicicola de Lesd.","Buellia silicicola"
"Buglossoides arvensis (L.) I.M. Johnst.","Buglossoides arvensis (L.) I.M.Johnst.","Buglossoides arvensis"
"Bulbostylis capillaris (L.) Kunth ex C.B. Clarke","Bulbostylis capillaris (L.) Kunth ex C.B.Clarke","Bulbostylis capillaris"
"Bulbostylis ciliatifolia (Elliott) Fernald","Bulbostylis ciliatifolia (Elliott) Fernald","Bulbostylis ciliatifolia"
"Bulbostylis ciliatifolia (Elliott) Fernald var. coarctata (Elliott) Kral","Bulbostylis ciliatifolia var. coarctata (Elliott) Kral","Bulbostylis ciliatifolia"
"Bulbostylis sp.","Bulbostylis sp.","Bulbostylis sp."
"Bulbostylis spp.","Bulbostylis spp.","Bulbostylis sp."
"Bulbostylis stenophylla (Elliott) C.B. Clarke","Bulbostylis stenophylla (Elliott) C.B.Clarke","Bulbostylis stenophylla"
"Bulbostylis warei (Torr.) C.B. Clarke","Bulbostylis warei (Torr.) C.B.Clarke","Bulbostylis warei"
"Bunchosia glandulosa (Cav.) DC.","Bunchosia glandulosa (Cav.) DC.","Bunchosia glandulosa"
"Bupleurum americanum J.M. Coult. & Rose","Bupleurum americanum J.M.Coult. & Rose","Bupleurum americanum"
"Burmannia biflora L.","Burmannia biflora L.","Burmannia biflora"
"Burmannia capitata (J.F. Gmel.) Mart.","Burmannia capitata (Walter ex J.F.Gmel.) Mart.","Burmannia capitata"
"Burmannia sp.","Burmannia sp.","Burmannia sp."
"Bursera simaruba (L.) Sarg.","Bursera simaruba (L.) Sarg.","Bursera simaruba"
"Butia capitata (Mart.) Becc.","Butia capitata (Mart.) Becc.","Butia capitata"
"Butia sp.","Butia sp.","Butia sp."
"Cabomba caroliniana A. Gray","Cabomba caroliniana A.Gray","Cabomba caroliniana"
"Cajanus cajan (L.) Millsp.","Cajanus cajan (L.) Huth","Cajanus cajan"
"Ammophila breviligulata Fernald","Calamagrostis breviligulata (Fernald) Saarela","Calamagrostis breviligulata"
"Calamagrostis canadensis (Michx.) P. Beauv.","Calamagrostis canadensis (Michx.) P.Beauv.","Calamagrostis canadensis"
"Calamagrostis deschampsioides Trin.","Calamagrostis deschampsioides Trin.","Calamagrostis deschampsioides"
"Calamagrostis holmii Lange","Calamagrostis holmii Lange","Calamagrostis holmii"
"Calamagrostis stricta (Timm) Koeler ssp. inexpansa (A. Gray) C.W. Greene","Calamagrostis inexpansa A.Gray","Calamagrostis inexpansa"
"Calamagrostis lapponica (Wahlenb.) Hartm.","Calamagrostis lapponica (Wahlenb.) Hartm.","Calamagrostis lapponica"
"Calamagrostis purpurascens R. Br.","Calamagrostis purpurascens R.Br.","Calamagrostis purpurascens"
"Calamagrostis canadensis (Michx.) P. Beauv. var. langsdorffii (Link) Inman","Calamagrostis purpurea (Trin.) Trin.","Calamagrostis purpurea"
"Calamagrostis rubescens Buckley","Calamagrostis rubescens Buckley","Calamagrostis rubescens"
"Calamagrostis sp.","Calamagrostis sp.","Calamagrostis sp."
"Calamagrostis spp.","Calamagrostis spp.","Calamagrostis sp."
"Calamagrostis stricta (Timm) Koeler","Calamagrostis stricta (Timm) Koeler","Calamagrostis stricta"
"Calamagrostis stricta (Timm) Koeler ssp. stricta","Calamagrostis stricta (Timm) Koeler ssp. stricta","Calamagrostis stricta"
"Calamintha sp.","Calamintha sp.","Calamintha sp."
"Calandrinia ciliata (Ruiz & Pav.) DC.","Calandrinia ciliata (Ruiz & Pav.) DC.","Calandrinia ciliata"
"Calandrinia sp.","Calandrinia sp.","Calandrinia sp."
"Calla palustris L.","Calla palustris L.","Calla palustris"
"Calliandra eriophylla Benth.","Calliandra eriophylla Benth.","Calliandra eriophylla"
"Callicarpa americana L.","Callicarpa americana L.","Callicarpa americana"
"Callicarpa sp.","Callicarpa sp.","Callicarpa sp."
"Callirhoe involucrata (Torr. & A. Gray) A. Gray","Callirhoe involucrata (Torr. & A.Gray) A.Gray","Callirhoe involucrata"
"Callirhoe leiocarpa R.F. Martin","Callirhoe leiocarpa R.F.Martin","Callirhoe leiocarpa"
"Callirhoe pedata (Nutt. ex Hook.) A. Gray","Callirhoe pedata (Nutt. ex Hook.) A.Gray","Callirhoe pedata"
"Callirhoe sp.","Callirhoe sp.","Callirhoe sp."
"Callisia graminea (Small) G. Tucker","Callisia graminea (Small) G.C.Tucker","Callisia graminea"
"Callisia ornata (Small) G. Tucker","Callisia ornata (Small) G.C.Tucker","Callisia ornata"
"Callisia rosea (Vent.) D.R. Hunt","Callisia rosea (Vent.) D.R.Hunt","Callisia rosea"
"Callisia sp.","Callisia sp.","Callisia sp."
"Callisia spp.","Callisia spp.","Callisia sp."
"Callitriche heterophylla Pursh ssp. heterophylla","Callitriche heterophylla Pursh ssp. heterophylla","Callitriche heterophylla"
"Callitriche marginata Torr.","Callitriche marginata Torr.","Callitriche marginata"
"Callitriche stagnalis Scop.","Callitriche stagnalis Scop.","Callitriche stagnalis"
"Calluna vulgaris (L.) Hull","Calluna vulgaris (L.) Hull","Calluna vulgaris"
"Calocedrus decurrens (Torr.) Florin","Calocedrus decurrens (Torr.) Florin","Calocedrus decurrens"
"Calochortus amabilis Purdy","Calochortus amabilis Purdy","Calochortus amabilis"
"Calochortus amoenus Greene","Calochortus amoenus Greene","Calochortus amoenus"
"Calochortus catalinae S. Watson","Calochortus catalinae S.Watson","Calochortus catalinae"
"Calochortus greenei S. Watson","Calochortus greenei S.Watson","Calochortus greenei"
"Calochortus leichtlinii Hook. f.","Calochortus leichtlinii Hook.f.","Calochortus leichtlinii"
"Calochortus minimus Ownbey","Calochortus minimus Ownbey","Calochortus minimus"
"Calochortus nuttallii Torr. & A. Gray","Calochortus nuttallii Torr.","Calochortus nuttallii"
"Calochortus sp.","Calochortus sp.","Calochortus sp."
"Calochortus venustus Douglas ex Benth.","Calochortus venustus Douglas ex Benth.","Calochortus venustus"
"Caloplaca cerina (Ehrh. ex Hedwig) Th. Fr.","Caloplaca cerina (Ehrh. ex Hedwig) Th. Fr.","Caloplaca cerina"
"Caloplaca holocarpa (Hoffm. ex Ach.) M. Wade","Caloplaca holocarpa (Hoffm. ex Ach.) M. Wade","Caloplaca holocarpa"
"Calopogon multiflorus Lindl.","Calopogon multiflorus Lindl.","Calopogon multiflorus"
"Calopogon sp.","Calopogon sp.","Calopogon sp."
"Calopogon tuberosus (L.) Britton, Sterns & Poggenb. var. tuberosus","Calopogon tuberosus var. tuberosus","Calopogon tuberosus"
"Calopogon tuberosus (L.) Britton, Sterns & Poggenb.","Calopogon tuberosus (L.) Britton, Sterns & Poggenb.","Calopogon tuberosus"
"Calopogonium caeruleum (Benth.) Suav.","Calopogonium caeruleum (Benth.) C.Wright","Calopogonium caeruleum"
"Calopogonium mucunoides Desv.","Calopogonium mucunoides Desv.","Calopogonium mucunoides"
"Caltha leptosepala DC. ssp. leptosepala var. leptosepala","Caltha leptosepala DC.","Caltha leptosepala"
"Caltha leptosepala DC.","Caltha leptosepala DC.","Caltha leptosepala"
"Caltha palustris L.","Caltha palustris L.","Caltha palustris"
"Caltha palustris L. var. palustris","Caltha palustris var. palustris","Caltha palustris"
"Calycanthus floridus L.","Calycanthus floridus L.","Calycanthus floridus"
"Calycocarpum lyonii (Pursh) A. Gray","Calycocarpum lyonii (Pursh) Nutt. ex A.Gray","Calycocarpum lyonii"
"Calycoseris sp.","Calycoseris sp.","Calycoseris sp."
"Calycoseris wrightii A. Gray","Calycoseris wrightii A.Gray","Calycoseris wrightii"
"Calylophus sp.","Calylophus sp.","Calylophus sp."
"Calypso bulbosa (L.) Oakes","Calypso bulbosa (L.) Oakes","Calypso bulbosa"
"Cistanthe monandra (Nutt.) Hershkovitz","Calyptridium monandrum Nutt.","Calyptridium monandrum"
"Cistanthe monosperma (Greene) Hershkovitz","Calyptridium monospermum Greene","Calyptridium monospermum"
"Cistanthe pygmaea (Parish ex Rydb.) Hershkovitz","Calyptridium pygmaeum Parish ex Rydb.","Calyptridium pygmaeum"
"Calystegia catesbeiana Pursh","Calystegia catesbeiana Pursh","Calystegia catesbeiana"
"Calystegia macounii (Greene) Brummitt","Calystegia macounii (Greene) Brummitt","Calystegia macounii"
"Calystegia malacophylla (Greene) Munz","Calystegia malacophylla (Greene) Munz","Calystegia malacophylla"
"Calystegia occidentalis (A. Gray) Brummitt ssp. occidentalis","Calystegia occidentalis subsp. occidentalis","Calystegia occidentalis"
"Calystegia sepium (L.) R. Br.","Calystegia sepium (L.) R.Br.","Calystegia sepium"
"Calystegia silvatica (Kit.) Griseb.","Calystegia silvatica (Kit.) Griseb.","Calystegia silvatica"
"Calystegia silvatica (Kit.) Griseb. ssp. fraterniflora (Mack. & Bush) Brummitt","Calystegia silvatica subsp. fraterniflora (Mack. & Bush) Brummitt","Calystegia silvatica"
"Calystegia sp.","Calystegia sp.","Calystegia sp."
"Calystegia spithamaea (L.) Pursh","Calystegia spithamaea (L.) Pursh","Calystegia spithamaea"
"Calystegia spithamaea (L.) Pursh ssp. stans (Michx.) Brummitt","Calystegia spithamaea subsp. stans (Michx.) Brummitt","Calystegia spithamaea"
"Camassia angusta (Engelm. & A. Gray) Blank.","Camassia angusta (Engelm. & A.Gray) Blank.","Camassia angusta"
"Camassia quamash (Pursh) Greene","Camassia quamash (Pursh) Greene","Camassia quamash"
"Camelina microcarpa Andrz. ex DC.","Camelina microcarpa Andrz. ex DC.","Camelina microcarpa"
"Camissonia sp.","Camissonia sp.","Camissonia sp."
"Campanula divaricata Michx.","Campanula divaricata Michx.","Campanula divaricata"
"Campanula glomerata L.","Campanula glomerata L.","Campanula glomerata"
"Campanula lasiocarpa Cham.","Campanula lasiocarpa Cham.","Campanula lasiocarpa"
"Campanula parryi A. Gray","Campanula parryi A.Gray","Campanula parryi"
"Campanula rapunculoides L.","Campanula rapunculoides L.","Campanula rapunculoides"
"Campanula rotundifolia L.","Campanula rotundifolia L.","Campanula rotundifolia"
"Campanula scouleri Hook. ex A. DC.","Campanula scouleri Hook. ex A.DC.","Campanula scouleri"
"Campanula sp.","Campanula sp.","Campanula sp."
"Campanula spp.","Campanula spp.","Campanula sp."
"Campanulastrum americanum (L.) Small","Campanulastrum americanum (L.) Small","Campanulastrum americanum"
"Campsis radicans (L.) Seem. ex Bureau","Campsis radicans (L.) Bureau","Campsis radicans"
"Canella winterana (L.) Gaertn.","Canella winterana (L.) Gaertn.","Canella winterana"
"Canna glauca L.","Canna glauca L.","Canna glauca"
"Canna indica L.","Canna indica L.","Canna indica"
"Hyptis mutabilis (A. Rich.) Briq.","Cantinoa mutabilis (Rich.) Harley & J.F.B.Pastore","Cantinoa mutabilis"
"Caperonia palustris (L.) A. St.-Hil.","Caperonia palustris (L.) A.St.-Hil.","Caperonia palustris"
"Corydalis sempervirens (L.) Pers.","Capnoides sempervirens (L.) Borkh.","Capnoides sempervirens"
"Capparis sp.","Capparis sp.","Capparis sp."
"Capsella bursa-pastoris (L.) Medik.","Capsella bursa-pastoris (L.) Medik.","Capsella bursa-pastoris"
"Capsicum annuum L.","Capsicum annuum L.","Capsicum annuum"
"Cardamine angustata O.E. Schulz","Cardamine angustata O.E.Schulz","Cardamine angustata"
"Cardamine bellidifolia L.","Cardamine bellidifolia L.","Cardamine bellidifolia"
"Cardamine breweri S. Watson","Cardamine breweri S.Watson","Cardamine breweri"
"Cardamine breweri S. Watson var. breweri","Cardamine breweri S. Watson var. breweri","Cardamine breweri"
"Cardamine bulbosa (Schreb. ex Muhl.) Britton, Sterns & Poggenb.","Cardamine bulbosa (Schreb. ex Muhl.) Britton, Sterns & Poggenb.","Cardamine bulbosa"
"Cardamine concatenata (Michx.) Sw.","Cardamine concatenata (Michx.) O.Schwarz","Cardamine concatenata"
"Cardamine digitata Richardson","Cardamine digitata Richardson","Cardamine digitata"
"Cardamine diphylla (Michx.) Alph. Wood","Cardamine diphylla (Michx.) Alph.Wood","Cardamine diphylla"
"Cardamine hirsuta L.","Cardamine hirsuta L.","Cardamine hirsuta"
"Cardamine nuttallii Greene","Cardamine nuttallii Greene","Cardamine nuttallii"
"Cardamine oligosperma Nutt.","Cardamine oligosperma Nutt.","Cardamine oligosperma"
"Cardamine parviflora L.","Cardamine parviflora L.","Cardamine parviflora"
"Cardamine parviflora L. var. arenicola (Britton) O.E. Schulz","Cardamine parviflora L.","Cardamine parviflora"
"Cardamine pensylvanica Muhl. ex Willd.","Cardamine pensylvanica Muhl. ex Willd.","Cardamine pensylvanica"
"Cardamine pratensis L. var. angustifolia Hook.","Cardamine polemonioides (Rouy) T.Durand & B.D.Jacks.","Cardamine polemonioides"
"Cardamine pratensis L.","Cardamine pratensis L.","Cardamine pratensis"
"Cardamine pratensis L. var. pratensis","Cardamine pratensis L. var. pratensis","Cardamine pratensis"
"Cardamine sp.","Cardamine sp.","Cardamine sp."
"Cardiospermum halicacabum L.","Cardiospermum halicacabum L.","Cardiospermum halicacabum"
"Carduus acanthoides L.","Carduus acanthoides L.","Carduus acanthoides"
"Carduus nutans L.","Carduus nutans L.","Carduus nutans"
"Carduus pycnocephalus L.","Carduus pycnocephalus L.","Carduus pycnocephalus"
"Carduus sp.","Carduus sp.","Carduus sp."
"Carduus spp.","Carduus spp.","Carduus sp."
"Carex abscondita Mack.","Carex abscondita Mack.","Carex abscondita"
"Carex adelostoma Krecz.","Carex adelostoma V.I.Krecz.","Carex adelostoma"
"Carex aggregata Mack.","Carex aggregata Mack.","Carex aggregata"
"Carex albolutescens Schwein.","Carex albolutescens Schwein.","Carex albolutescens"
"Carex alligata Boott","Carex alligata Boott","Carex alligata"
"Carex amphibola Steud.","Carex amphibola Steud.","Carex amphibola"
"Carex annectens (E.P. Bicknell) E.P. Bicknell","Carex annectens (E.P.Bicknell) E.P.Bicknell","Carex annectens"
"Carex aquatilis Wahlenb.","Carex aquatilis Wahlenb.","Carex aquatilis"
"Carex aquatilis Wahlenb. var. stans (Drejer) Boott","Carex aquatilis var. minor Boott","Carex aquatilis"
"Carex arcta Boott","Carex arcta Boott","Carex arcta"
"Carex arctata Boott ex Hook.","Carex arctata Boott","Carex arctata"
"Carex assiniboinensis W. Boott","Carex assiniboinensis W.Boott","Carex assiniboinensis"
"Carex atherodes Spreng.","Carex atherodes Spreng.","Carex atherodes"
"Carex athrostachya Olney","Carex athrostachya Olney","Carex athrostachya"
"Carex atlantica L.H. Bailey","Carex atlantica L.H.Bailey","Carex atlantica"
"Carex atrofusca Schkuhr","Carex atrofusca Schkuhr","Carex atrofusca"
"Carex atrofusca Schkuhr var. atrofusca","Carex atrofusca Schkuhr var. atrofusca","Carex atrofusca"
"Carex aurea Nutt.","Carex aurea Nutt.","Carex aurea"
"Carex aureolensis Steud.","Carex aureolensis Steud.","Carex aureolensis"
"Carex austrina (Small) Mack.","Carex austrina Mack.","Carex austrina"
"Carex backii Boott","Carex backii Boott","Carex backii"
"Carex bebbii Olney ex Fernald","Carex bebbii (L.H.Bailey) Olney ex Fernald","Carex bebbii"
"Carex bicknellii Britton","Carex bicknellii Britton & A.Br.","Carex bicknellii"
"Carex bigelowii Torr. ex Schwein.","Carex bigelowii Torr. ex Schwein.","Carex bigelowii"
"Carex lugens T. Holm","Carex bigelowii subsp. lugens (Holm) T.V.Egorova","Carex bigelowii"
"Carex blanda Dewey","Carex blanda Dewey","Carex blanda"
"Carex bolanderi Olney","Carex bolanderi Olney","Carex bolanderi"
"Carex brevior (Dewey) Mack.","Carex brevior (Dewey) Mack. ex Lunell","Carex brevior"
"Carex bromoides Schkuhr ex Willd.","Carex bromoides Willd.","Carex bromoides"
"Carex brunnescens (Pers.) Poir.","Carex brunnescens (Pers.) Poir.","Carex brunnescens"
"Carex bushii Mack.","Carex bushii Mack.","Carex bushii"
"Carex canescens L.","Carex canescens L.","Carex canescens"
"Carex capillaris L.","Carex capillaris L.","Carex capillaris"
"Carex capitata L.","Carex capitata Sol.","Carex capitata"
"Carex caroliniana Schwein.","Carex caroliniana Schwein.","Carex caroliniana"
"Carex cephaloidea (Dewey) Dewey","Carex cephaloidea (Dewey) Dewey ex Boott","Carex cephaloidea"
"Carex cephalophora Muhl. ex Willd.","Carex cephalophora Muhl. ex Willd.","Carex cephalophora"
"Carex heteroneura W. Boott var. chalciolepis (T. Holm) F.J. Herm.","Carex chalciolepis Holm","Carex chalciolepis"
"Carex cherokeensis Schwein.","Carex cherokeensis Schwein.","Carex cherokeensis"
"Carex chordorrhiza Ehrh. ex L. f.","Carex chordorrhiza L.f.","Carex chordorrhiza"
"Carex communis L.H. Bailey","Carex communis L.H.Bailey","Carex communis"
"Carex conjuncta Boott","Carex conjuncta Boott","Carex conjuncta"
"Carex conoidea Schkuhr ex Willd.","Carex conoidea Willd.","Carex conoidea"
"Carex crawfordii Fernald","Carex crawfordii Fernald","Carex crawfordii"
"Carex crinita Lam.","Carex crinita Lam.","Carex crinita"
"Carex crus-corvi Shuttlw. ex Kunze","Carex crus-corvi Shuttlew. ex Kunze","Carex crus-corvi"
"Carex davisii Schwein. & Torr.","Carex davisii Schwein. & Torr.","Carex davisii"
"Carex debilis Michx.","Carex debilis Michx.","Carex debilis"
"Carex debilis Michx. var. rudgei L.H. Bailey","Carex debilis var. rudgei L.H.Bailey","Carex debilis"
"Carex debilis Michx. var. debilis","Carex debilis var. debilis","Carex debilis"
"Carex decomposita Muhl.","Carex decomposita Muhl.","Carex decomposita"
"Carex deflexa Hornem.","Carex deflexa Hornem.","Carex deflexa"
"Carex densa (L.H. Bailey) L.H. Bailey","Carex densa (L.H.Bailey) L.H.Bailey","Carex densa"
"Carex deweyana Schwein.","Carex deweyana Schwein.","Carex deweyana"
"Carex deweyana Schwein. var. deweyana","Carex deweyana var. deweyana","Carex deweyana"
"Carex diandra Schrank","Carex diandra Schrank","Carex diandra"
"Carex digitalis Willd. var. digitalis","Carex digitalis var. digitalis","Carex digitalis"
"Carex digitalis Willd. var. macropoda Fernald","Carex digitalis var. macropoda Fernald","Carex digitalis"
"Carex digitalis Willd.","Carex digitalis Willd.","Carex digitalis"
"Carex disperma Dewey","Carex disperma Dewey","Carex disperma"
"Carex duriuscula C.A. Mey.","Carex duriuscula C.A.Mey.","Carex duriuscula"
"Carex ebenea Rydb.","Carex ebenea Rydb.","Carex ebenea"
"Carex echinata Murray","Carex echinata Murray","Carex echinata"
"Carex echinata Murray ssp. echinata","Carex echinata subsp. echinata","Carex echinata"
"Carex elynoides/Kobresia myosuroides","Carex elynoides","Carex elynoides"
"Carex elynoides T. Holm","Carex elynoides Holm","Carex elynoides"
"Carex emoryi Dewey","Carex emoryi Dewey","Carex emoryi"
"Carex festucacea Schkuhr ex Willd.","Carex festucacea Willd.","Carex festucacea"
"Carex filifolia Nutt.","Carex filifolia Nutt.","Carex filifolia"
"Carex flaccosperma Dewey","Carex flaccosperma Dewey","Carex flaccosperma"
"Carex folliculata L.","Carex folliculata L.","Carex folliculata"
"Carex fracta Mack.","Carex fracta Mack.","Carex fracta"
"Carex frankii Kunth","Carex frankii Kunth","Carex frankii"
"Carex misandra R. Br.","Carex fuliginosa Schkuhr","Carex fuliginosa"
"Carex geyeri Boott","Carex geyeri Boott","Carex geyeri"
"Carex gigantea Rudge","Carex gigantea Rudge","Carex gigantea"
"Carex glacialis Mack.","Carex glacialis Mack.","Carex glacialis"
"Carex glaucescens Elliott","Carex glaucescens Elliott","Carex glaucescens"
"Carex glaucodea Tuck. ex Olney","Carex glaucodea Tuck. ex Olney","Carex glaucodea"
"Carex gracillima Schwein.","Carex gracillima Schwein.","Carex gracillima"
"Carex granularis Muhl. ex Willd.","Carex granularis Muhl. ex Willd.","Carex granularis"
"Carex gravida L.H. Bailey","Carex gravida L.H.Bailey","Carex gravida"
"Carex gravida L.H. Bailey var. gravida","Carex gravida L.H. Bailey var. gravida","Carex gravida"
"Carex grayi Carey","Carex grayi J.Carey","Carex grayi"
"Carex grisea Wahlenb.","Carex grisea Wahlenb.","Carex grisea"
"Carex gynandra Schwein.","Carex gynandra Schwein.","Carex gynandra"
"Carex hendersonii L.H. Bailey","Carex hendersonii L.H.Bailey","Carex hendersonii"
"Carex heteroneura W. Boott","Carex heteroneura S.Watson","Carex heteroneura"
"Carex hirsutella Mack.","Carex hirsutella Mack.","Carex hirsutella"
"Carex hirtifolia Mack.","Carex hirtifolia Mack.","Carex hirtifolia"
"Carex holostoma Drejer","Carex holostoma Drejer","Carex holostoma"
"Carex hoodii Boott","Carex hoodii Boott","Carex hoodii"
"Carex houghtoniana Torr. ex Dewey","Carex houghtoniana Torr. ex Dewey","Carex houghtoniana"
"Carex hystericina Muhl. ex Willd.","Carex hystericina Muhl. ex Willd.","Carex hystericina"
"Carex inops L.H. Bailey","Carex inops L.H.Bailey","Carex inops"
"Carex inops L.H. Bailey ssp. heliophila (Mack.) Crins","Carex inops subsp. heliophila (Mack.) Crins","Carex inops"
"Carex interior L.H. Bailey","Carex interior L.H.Bailey","Carex interior"
"Carex intumescens Rudge","Carex intumescens Rudge","Carex intumescens"
"Carex jamesii Schwein.","Carex jamesii Schwein.","Carex jamesii"
"Carex jonesii L.H. Bailey","Carex jonesii L.H.Bailey","Carex jonesii"
"Carex joorii L.H. Bailey","Carex joorii L.H.Bailey","Carex joorii"
"Carex kraliana Naczi & Bryson","Carex kraliana Naczi & Bryson","Carex kraliana"
"Carex lacustris Willd.","Carex lacustris Willd.","Carex lacustris"
"Carex laeviconica Dewey","Carex laeviconica Dewey","Carex laeviconica"
"Carex laevivaginata (Kük.) Mack.","Carex laevivaginata (Kük.) Mack.","Carex laevivaginata"
"Carex lapponica O.F. Lang","Carex lapponica O.Lang","Carex lapponica"
"Carex laxiflora Lam.","Carex laxiflora Lam.","Carex laxiflora"
"Carex gracilescens Steud.","Carex laxiflora var. gracillima Boott","Carex laxiflora"
"Carex leavenworthii Dewey","Carex leavenworthii Dewey","Carex leavenworthii"
"Carex lemmonii W. Boott","Carex lemmonii W.Boott","Carex lemmonii"
"Carex lenticularis Michx.","Carex lenticularis Michx.","Carex lenticularis"
"Carex ovalis Goodenough","Carex leporina L.","Carex leporina"
"Carex leptalea Wahlenb. ssp. leptalea","Carex leptalea subsp. leptalea","Carex leptalea"
"Carex leptalea Wahlenb.","Carex leptalea Wahlenb.","Carex leptalea"
"Carex leptonervia (Fernald) Fernald","Carex leptonervia (Fernald) Fernald","Carex leptonervia"
"Carex limosa L.","Carex limosa L.","Carex limosa"
"Carex livida (Wahlenb.) Willd.","Carex livida (Wahlenb.) Willd.","Carex livida"
"Carex loliacea L.","Carex loliacea L.","Carex loliacea"
"Carex longii Mack.","Carex longii Mack.","Carex longii"
"Carex louisianica L.H. Bailey","Carex louisianica L.H.Bailey","Carex louisianica"
"Carex lucorum Willd. ex Link","Carex lucorum Willd.","Carex lucorum"
"Carex lupulina Muhl. ex Willd.","Carex lupulina Muhl. ex Willd.","Carex lupulina"
"Carex lurida Wahlenb.","Carex lurida Wahlenb.","Carex lurida"
"Carex luzulina Olney","Carex luzulina Olney","Carex luzulina"
"Carex macrochaeta C.A. Mey.","Carex macrochaeta C.A.Mey.","Carex macrochaeta"
"Carex magellanica Lam.","Carex magellanica Lam.","Carex magellanica"
"Carex magellanica Lam. ssp. irrigua (Wahlenb.) Hultén","Carex magellanica subsp. irrigua (Wahlenb.) Hiitonen","Carex magellanica"
"Carex meadii Dewey","Carex meadii Dewey","Carex meadii"
"Carex norvegica Retz. ssp. inferalpina (Wahlenb.) Hultén","Carex media R.Br.","Carex media"
"Carex membranacea Hook.","Carex membranacea Hook.","Carex membranacea"
"Carex mertensii Prescott ex Bong.","Carex mertensii J.D.Prescott ex Bong.","Carex mertensii"
"Carex mesochorea Mack.","Carex mesochorea Mack.","Carex mesochorea"
"Carex michauxiana Boeckeler","Carex michauxiana Boeckeler","Carex michauxiana"
"Carex microchaeta T. Holm","Carex microchaeta Holm","Carex microchaeta"
"Carex microchaeta T. Holm ssp. microchaeta","Carex microchaeta subsp. microchaeta","Carex microchaeta"
"Carex microdonta Torr. & Hook.","Carex microdonta Torr.","Carex microdonta"
"Carex microrhyncha Mack.","Carex microrhyncha Mack.","Carex microrhyncha"
"Carex molesta Mack. ex Bright","Carex molesta Mack.","Carex molesta"
"Carex molestiformis Reznicek & P. Rothr.","Carex molestiformis Reznicek & Rothrock","Carex molestiformis"
"Carex muehlenbergii Schkuhr ex Willd.","Carex muehlenbergii Schkuhr ex Willd.","Carex muehlenbergii"
"Carex multicaulis L.H. Bailey","Carex multicaulis L.H.Bailey","Carex multicaulis"
"Kobresia myosuroides (Vill.) Fiori","Carex myosuroides Vill.","Carex myosuroides"
"Carex gynocrates Wormsk. ex Drejer","Carex nardina (Hornem.) Fr.","Carex nardina"
"Carex nebrascensis Dewey","Carex nebrascensis Dewey","Carex nebrascensis"
"Carex normalis Mack.","Carex normalis Mack.","Carex normalis"
"Carex nova L.H. Bailey","Carex nova L.H.Bailey","Carex nova"
"Carex oligocarpa Schkuhr ex Willd.","Carex oligocarpa Willd.","Carex oligocarpa"
"Carex oligosperma Michx.","Carex oligosperma Michx.","Carex oligosperma"
"Carex ormostachya Wiegand","Carex ormostachya Wiegand","Carex ormostachya"
"Carex ouachitana Kral, Manhart & Bryson","Carex ouachitana Kral, Manhart & Bryson","Carex ouachitana"
"Carex pachystachya Cham. ex Steud.","Carex pachystachya Cham. ex Steud.","Carex pachystachya"
"Carex pallescens L.","Carex pallescens L.","Carex pallescens"
"Carex pauciflora Lightf.","Carex pauciflora Lightf.","Carex pauciflora"
"Carex peckii Howe","Carex peckii Howe","Carex peckii"
"Carex pedunculata Muhl. ex Willd.","Carex pedunculata Muhl. ex Willd.","Carex pedunculata"
"Carex pellita Muhl. ex Willd.","Carex pellita Muhl. ex Willd.","Carex pellita"
"Carex pelocarpa F.J. Herm.","Carex pelocarpa F.J.Herm.","Carex pelocarpa"
"Carex pensylvanica Lam.","Carex pensylvanica Lam.","Carex pensylvanica"
"Carex petasata Dewey","Carex petasata Dewey","Carex petasata"
"Carex phaeocephala Piper","Carex phaeocephala Piper","Carex phaeocephala"
"Carex planostachys Kunze","Carex planostachys Kunze","Carex planostachys"
"Carex platyphylla Carey","Carex platyphylla J.Carey","Carex platyphylla"
"Carex praegracilis W. Boott","Carex praegracilis W.Boott","Carex praegracilis"
"Carex prairea Dewey ex Alph. Wood","Carex prairea Dewey ex Alph.Wood","Carex prairea"
"Carex praticola Rydb.","Carex praticola Rydb.","Carex praticola"
"Carex projecta Mack.","Carex projecta Mack.","Carex projecta"
"Carex pseudocyperus L.","Carex pseudocyperus L.","Carex pseudocyperus"
"Carex radiata (Wahlenb.) Small","Carex radiata (Wahlenb.) Small","Carex radiata"
"Carex ramenskii Kom.","Carex ramenskii Kom.","Carex ramenskii"
"Carex rariflora (Wahlenb.) Sm.","Carex rariflora (Wahlenb.) Sm.","Carex rariflora"
"Carex retroflexa Muhl. ex Willd.","Carex retroflexa Muhl. ex Willd.","Carex retroflexa"
"Carex retrorsa Schwein.","Carex retrorsa Schwein.","Carex retrorsa"
"Carex roanensis F.J. Herm.","Carex roanensis F.J.Herm.","Carex roanensis"
"Carex rosea Schkuhr ex Willd.","Carex rosea Willd.","Carex rosea"
"Carex rossii Boott","Carex rossii Boott","Carex rossii"
"Carex rotundata Wahlenb.","Carex rotundata Wahlenb.","Carex rotundata"
"Carex rupestris All. var. drummondiana (Dewey) L.H. Bailey","Carex rupestris subsp. rupestris","Carex rupestris"
"Carex rupestris All.","Carex rupestris All.","Carex rupestris"
"Carex saxatilis L.","Carex saxatilis L.","Carex saxatilis"
"Carex scirpoidea Michx.","Carex scirpoidea Michx.","Carex scirpoidea"
"Carex scirpoidea Michx. ssp. scirpoidea","Carex scirpoidea Michx. ssp. scirpoidea","Carex scirpoidea"
"Carex scoparia Schkuhr ex Willd.","Carex scoparia Schkuhr ex Willd.","Carex scoparia"
"Carex scoparia Schkuhr ex Willd. var. scoparia","Carex scoparia Schkuhr ex Willd. var. scoparia","Carex scoparia"
"Carex scopulorum T. Holm","Carex scopulorum Holm","Carex scopulorum"
"Carex siccata Dewey","Carex siccata Dewey","Carex siccata"
"Kobresia simpliciuscula (Wahlenb.) Mack.","Carex simpliciuscula Wahlenb.","Carex simpliciuscula"
"Carex sp.","Carex sp.","Carex sp."
"Carex spp.","Carex spp.","Carex sp."
"Carex sparganioides Muhl. ex Willd.","Carex sparganioides Muhl. ex Willd.","Carex sparganioides"
"Carex squarrosa L.","Carex squarrosa L.","Carex squarrosa"
"Carex stipata Muhl. ex Willd.","Carex stipata Muhl. ex Willd.","Carex stipata"
"Carex straminea Willd. ex Schkuhr","Carex straminea Willd. ex Schkuhr","Carex straminea"
"Carex stricta Lam.","Carex stricta Lam.","Carex stricta"
"Carex stylosa C.A. Mey.","Carex stylosa C.A.Mey.","Carex stylosa"
"Carex subfusca W. Boott","Carex subfusca W.Boott","Carex subfusca"
"Carex supina Willd. ex Wahlenb.","Carex supina Willd. ex Wahlenb.","Carex supina"
"Carex swanii (Fernald) Mack.","Carex swanii (Fernald) Mack.","Carex swanii"
"Carex tenera Dewey","Carex tenera Dewey","Carex tenera"
"Carex tenuiflora Wahlenb.","Carex tenuiflora Wahlenb.","Carex tenuiflora"
"Carex thunbergii Steud.","Carex thunbergii Steud.","Carex thunbergii"
"Carex tonsa (Fernald) E.P. Bicknell","Carex tonsa (Fernald) E.P.Bicknell","Carex tonsa"
"Carex tribuloides Wahlenb. var. tribuloides","Carex tribuloides var. tribuloides","Carex tribuloides"
"Carex tribuloides Wahlenb.","Carex tribuloides Wahlenb.","Carex tribuloides"
"Carex trisperma Dewey","Carex trisperma Dewey","Carex trisperma"
"Carex tuckermanii Dewey","Carex tuckermanii Boott","Carex tuckermanii"
"Carex typhina Michx.","Carex typhina Michx.","Carex typhina"
"Carex umbellata Schkuhr ex Willd.","Carex umbellata Willd.","Carex umbellata"
"Uncinia uncinata (L. f.) Kük.","Carex uncinata L.f.","Carex uncinata"
"Carex ursina Dewey","Carex ursina Dewey","Carex ursina"
"Carex utriculata Boott","Carex utriculata Boott","Carex utriculata"
"Carex vaginata Tausch","Carex vaginata Tausch","Carex vaginata"
"Carex vallicola Dewey","Carex vallicola Dewey","Carex vallicola"
"Carex vestita Willd.","Carex vestita Willd.","Carex vestita"
"Carex virescens Muhl. ex Willd.","Carex virescens Muhl. ex Willd.","Carex virescens"
"Carex vulpinoidea Michx.","Carex vulpinoidea Michx.","Carex vulpinoidea"
"Carex wahuensis C.A. Mey.","Carex wahuensis C.A.Mey.","Carex wahuensis"
"Carex wiegandii Mack.","Carex wiegandii Mack.","Carex wiegandii"
"Carex willdenowii Schkuhr ex Willd.","Carex willdenowii Willd.","Carex willdenowii"
"Carex williamsii Britton","Carex williamsii Britton","Carex williamsii"
"Carex woodii Dewey","Carex woodii Dewey","Carex woodii"
"Carex xerantica L.H. Bailey","Carex xerantica L.H.Bailey","Carex xerantica"
"Carlowrightia arizonica A. Gray","Carlowrightia arizonica A.Gray","Carlowrightia arizonica"
"Carnegiea gigantea (Engelm.) Britton & Rose","Carnegiea gigantea (Engelm.) Britton & Rose","Carnegiea gigantea"
"Carphephorus carnosus (Small) C.W. James","Carphephorus carnosus (Small) C.W.James","Carphephorus carnosus"
"Carphephorus corymbosus (Nutt.) Torr. & A. Gray","Carphephorus corymbosus (Nutt.) Torr. & A.Gray","Carphephorus corymbosus"
"Carphephorus sp.","Carphephorus sp.","Carphephorus sp."
"Carphephorus spp.","Carphephorus spp.","Carphephorus sp."
"Carpinus caroliniana Walter ssp. virginiana (Marshall) Furlow","Carpinus caroliniana subsp. virginiana (Marshall) Furlow","Carpinus caroliniana"
"Carpinus caroliniana Walter","Carpinus caroliniana Walter","Carpinus caroliniana"
"Carpinus sp.","Carpinus sp.","Carpinus sp."
"Osmanthus americanus (L.) Benth. & Hook. f. ex A. Gray","Cartrema americana (L.) G.L.Nesom","Cartrema americana"
"Carum carvi L.","Carum carvi L.","Carum carvi"
"Carya aquatica (Michx. f.) Nutt.","Carya aquatica (F.Michx.) Nutt. ex Elliott","Carya aquatica"
"Carya cordiformis (Wangenh.) K. Koch","Carya cordiformis (Wangenh.) K.Koch","Carya cordiformis"
"Carya glabra (Mill.) Sweet","Carya glabra (Mill.) Sweet","Carya glabra"
"Carya ovalis (Wangenh.) Sarg.","Carya glabra var. odorata (Marshall) Little","Carya glabra"
"Carya illinoinensis (Wangenh.) K. Koch","Carya illinoinensis (Wangenh.) K.Koch","Carya illinoinensis"
"Carya laciniosa (Michx. f.) G. Don","Carya laciniosa (F.Michx.) G.Don","Carya laciniosa"
"Carya myristiciformis (Michx. f.) Nutt.","Carya myristiciformis (F.Michx.) Nutt. ex Elliott","Carya myristiciformis"
"Carya ovata (Mill.) K. Koch","Carya ovata (Mill.) K.Koch","Carya ovata"
"Carya pallida (Ashe) Engl. & Graebn.","Carya pallida (Ashe) Engelm. & Graebn.","Carya pallida"
"Carya sp.","Carya sp.","Carya sp."
"Carya spp.","Carya spp.","Carya sp."
"Carya texana Buckley","Carya texana Buckley","Carya texana"
"Carya tomentosa (Lam.) Nutt.","Carya tomentosa (Lam.) Nutt.","Carya tomentosa"
"Casearia aculeata Jacq.","Casearia aculeata Jacq.","Casearia aculeata"
"Samyda dodecandra Jacq.","Casearia dodecandra (Jacq.) T.Samar. & M.H.Alford","Casearia dodecandra"
"Casearia spp.","Casearia spp.","Casearia sp."
"Casearia sp.","Casearia sp.","Casearia sp."
"Casearia sylvestris Sw.","Casearia sylvestris Sw.","Casearia sylvestris"
"Cassiope tetragona (L.) D. Don","Cassiope tetragona (L.) D.Don","Cassiope tetragona"
"Cassiope tetragona (L.) D. Don var. tetragona","Cassiope tetragona (L.) D. Don var. tetragona","Cassiope tetragona"
"Castanea dentata (Marshall) Borkh.","Castanea dentata (Marshall) Borkh.","Castanea dentata"
"Castanea pumila (L.) Mill.","Castanea pumila (L.) Mill.","Castanea pumila"
"Castilleja angustifolia (Nutt.) G. Don","Castilleja angustifolia (Nutt.) G.Don","Castilleja angustifolia"
"Castilleja applegatei Fernald","Castilleja applegatei Fernald","Castilleja applegatei"
"Castilleja attenuata (A. Gray) T.I. Chuang & Heckard","Castilleja attenuata (A.Gray) T.I.Chuang & Heckard","Castilleja attenuata"
"Castilleja purpurea (Nutt.) G. Don var. citrina (Pennell) Shinners","Castilleja citrina Pennell","Castilleja citrina"
"Castilleja exserta (A. Heller) T.I. Chuang & Heckard","Castilleja exserta (A.Heller) T.I.Chuang & Heckard","Castilleja exserta"
"Castilleja exserta (A. Heller) T.I. Chuang & Heckard ssp. exserta","Castilleja exserta (A. Heller) T.I. Chuang & Heckard ssp. exserta","Castilleja exserta"
"Castilleja indivisa Engelm.","Castilleja indivisa Engelm.","Castilleja indivisa"
"Castilleja lacera (Benth.) T.I. Chuang & Heckard","Castilleja lacera (Benth.) T.I.Chuang & Heckard","Castilleja lacera"
"Castilleja linariifolia Benth.","Castilleja linariifolia Benth.","Castilleja linariifolia"
"Castilleja lineariiloba (Benth.) T.I. Chuang & Heckard","Castilleja lineariloba (Benth.) T.I.Chuang & Heckard","Castilleja lineariloba"
"Castilleja miniata Douglas ex Hook.","Castilleja miniata Douglas ex Benth.","Castilleja miniata"
"Castilleja minor (A. Gray) A. Gray ssp. minor","Castilleja minor (A. Gray) A. Gray ssp. minor","Castilleja minor"
"Castilleja occidentalis Torr.","Castilleja occidentalis Torr.","Castilleja occidentalis"
"Castilleja pallescens (A. Gray) Greenm.","Castilleja pallescens (A.Gray) Greenm.","Castilleja pallescens"
"Castilleja caudata (Pennell) Rebr.","Castilleja pallida var. caudata (Pennell) B.Boivin","Castilleja pallida"
"Castilleja pilosa (S. Watson) Rydb. var. longispica (A. Nelson) N.H. Holmgren","Castilleja pilosa var. longispica (A.Nelson) N.H.Holmgren","Castilleja pilosa"
"Castilleja puberula Rydb.","Castilleja puberula Rydb.","Castilleja puberula"
"Castilleja purpurea (Nutt.) G. Don","Castilleja purpurea (Nutt.) G.Don","Castilleja purpurea"
"Castilleja rhexiifolia Rydb.","Castilleja rhexiifolia Rydb.","Castilleja rhexiifolia"
"Castilleja sulphurea Rydb.","Castilleja septentrionalis Lindl.","Castilleja septentrionalis"
"Castilleja sp.","Castilleja sp.","Castilleja sp."
"Castilleja spp.","Castilleja spp.","Castilleja sp."
"Catananche caerulea L.","Catananche caerulea L.","Catananche caerulea"
"Catapodium sp.","Catapodium sp.","Catapodium sp."
"Catesbaea parviflora Sw.","Catesbaea parviflora Sw.","Catesbaea parviflora"
"Catharanthus roseus (L.) G. Don","Catharanthus roseus (L.) G.Don","Catharanthus roseus"
"Caulanthus sp.","Caulanthus sp.","Caulanthus sp."
"Caulophyllum giganteum (Farw.) Loconte & Blackwell","Caulophyllum giganteum (Farw.) H.Loconte & W.H.Blackw.","Caulophyllum giganteum"
"Caulophyllum thalictroides (L.) Michx.","Caulophyllum thalictroides (L.) Michx.","Caulophyllum thalictroides"
"Cayaponia americana (Lam.) Cogn.","Cayaponia americana (Lam.) Cogn.","Cayaponia americana"
"Cayaponia quinqueloba (Raf.) Shinners","Cayaponia quinqueloba (Raf.) Shinners","Cayaponia quinqueloba"
"Ceanothus americanus L.","Ceanothus americanus L.","Ceanothus americanus"
"Ceanothus cordulatus Kellogg","Ceanothus cordulatus Kellogg","Ceanothus cordulatus"
"Ceanothus cuneatus (Hook.) Nutt.","Ceanothus cuneatus (Hook.) Nutt.","Ceanothus cuneatus"
"Ceanothus diversifolius Kellogg","Ceanothus diversifolius Kellogg","Ceanothus diversifolius"
"Ceanothus fendleri A. Gray","Ceanothus fendleri A.Gray","Ceanothus fendleri"
"Ceanothus fresnensis Dudley ex Abrams","Ceanothus fresnensis Dudley ex Abrams","Ceanothus fresnensis"
"Ceanothus gloriosus J.T. Howell","Ceanothus gloriosus J.T.Howell","Ceanothus gloriosus"
"Ceanothus herbaceus Raf.","Ceanothus herbaceus Raf.","Ceanothus herbaceus"
"Ceanothus impressus Trel.","Ceanothus impressus Trel.","Ceanothus impressus"
"Ceanothus incanus Torr. & A. Gray","Ceanothus incanus Torr. & A.Gray","Ceanothus incanus"
"Ceanothus integerrimus Hook. & Arn.","Ceanothus integerrimus Hook. & Arn.","Ceanothus integerrimus"
"Ceanothus leucodermis Greene","Ceanothus leucodermis Greene","Ceanothus leucodermis"
"Ceanothus microphyllus Michx.","Ceanothus microphyllus Michx.","Ceanothus microphyllus"
"Ceanothus sp.","Ceanothus sp.","Ceanothus sp."
"Ceanothus velutinus Douglas ex Hook.","Ceanothus velutinus Douglas ex Hook.","Ceanothus velutinus"
"Ceanothus connivens Greene","Ceanothus × connivens Greene","Ceanothus × connivens"
"Cecropia schreberiana Miq.","Cecropia schreberiana Miq.","Cecropia schreberiana"
"Ceiba pentandra (L.) Gaertn.","Ceiba pentandra (L.) Gaertn.","Ceiba pentandra"
"Celastrus orbiculatus Thunb.","Celastrus orbiculatus Thunb.","Celastrus orbiculatus"
"Celastrus scandens L.","Celastrus scandens L.","Celastrus scandens"
"Celastrus sp.","Celastrus sp.","Celastrus sp."
"Celosia nitida Vahl","Celosia nitida Vahl","Celosia nitida"
"Celosia trigyna L.","Celosia trigyna L.","Celosia trigyna"
"Celtis ehrenbergiana (Klotzsch) Liebm.","Celtis iguanaea (Jacq.) Sarg.","Celtis iguanaea"
"Celtis laevigata Willd.","Celtis laevigata Willd.","Celtis laevigata"
"Celtis occidentalis L.","Celtis occidentalis L.","Celtis occidentalis"
"Celtis laevigata Willd. var. reticulata (Torr.) L.D. Benson","Celtis reticulata Torr.","Celtis reticulata"
"Celtis sp.","Celtis sp.","Celtis sp."
"Celtis spp.","Celtis spp.","Celtis sp."
"Celtis tenuifolia Nutt.","Celtis tenuifolia Nutt.","Celtis tenuifolia"
"Pennisetum glaucum (L.) R. Br.","Cenchrus americanus (L.) Morrone","Cenchrus americanus"
"Pennisetum ciliare (L.) Link","Cenchrus ciliaris L.","Cenchrus ciliaris"
"Pennisetum clandestinum Hochst. ex Chiov.","Cenchrus clandestinus (Hochst. ex Chiov.) Morrone","Cenchrus clandestinus"
"Cenchrus echinatus L.","Cenchrus echinatus L.","Cenchrus echinatus"
"Pennisetum villosum R. Br. ex Fresen.","Cenchrus longisetus M.C.Johnst.","Cenchrus longisetus"
"Cenchrus longispinus (Hack.) Fernald","Cenchrus longispinus (Hack.) Fernald","Cenchrus longispinus"
"Pennisetum purpureum Schumach.","Cenchrus purpureus (Schumach.) Morrone","Cenchrus purpureus"
"Cenchrus sp.","Cenchrus sp.","Cenchrus sp."
"Cenchrus spinifex Cav.","Cenchrus spinifex Cav.","Cenchrus spinifex"
"Centaurea calcitrapa L.","Centaurea calcitrapa L.","Centaurea calcitrapa"
"Centaurea eriophora L.","Centaurea eriophora L.","Centaurea eriophora"
"Centaurea melitensis L.","Centaurea melitensis L.","Centaurea melitensis"
"Centaurea stoebe L. ssp. micranthos (Gugler) Hayek","Centaurea stoebe subsp. australis (Pančić ex A.Kern.) Greuter","Centaurea stoebe"
"Centaurea virgata Lam.","Centaurea virgata Lam.","Centaurea virgata"
"Centaurium erythraea Rafn","Centaurium erythraea Rafn","Centaurium erythraea"
"Centella asiatica (L.) Urb.","Centella asiatica (L.) Urb.","Centella asiatica"
"Centella erecta (L. f.) Fernald","Centella erecta (L.f.) Fernald","Centella erecta"
"Centella sp.","Centella sp.","Centella sp."
"Centrosema sp.","Centrosema sp.","Centrosema sp."
"Centrosema spp.","Centrosema spp.","Centrosema sp."
"Centrosema virginianum (L.) Benth.","Centrosema virginianum (L.) Benth.","Centrosema virginianum"
"Centrosema virginianum (L.) Benth./Clitoria mariana L.","Centrosema virginianum (L.) Benth.","Centrosema virginianum"
"Cephalanthera austiniae (A. Gray) A. Heller","Cephalanthera austiniae (A.Gray) A.Heller","Cephalanthera austiniae"
"Cephalanthus occidentalis L.","Cephalanthus occidentalis L.","Cephalanthus occidentalis"
"Cephalanthus sp.","Cephalanthus sp.","Cephalanthus sp."
"Cerastium arvense L.","Cerastium arvense L.","Cerastium arvense"
"Cerastium beeringianum Cham. & Schltdl.","Cerastium beeringianum Cham. & Schltdl.","Cerastium beeringianum"
"Cerastium beeringianum Cham. & Schltdl. ssp. earlei (Rydb.) Hultén","Cerastium beeringianum subsp. beeringianum","Cerastium beeringianum"
"Cerastium brachypodum (Engelm. ex A. Gray) B.L. Rob.","Cerastium brachypodum (Engelm. ex A.Gray) B.L.Rob. ex Britton","Cerastium brachypodum"
"Cerastium fontanum Baumg.","Cerastium fontanum Baumg.","Cerastium fontanum"
"Cerastium glomeratum Thuill.","Cerastium glomeratum Thuill.","Cerastium glomeratum"
"Cerastium fontanum Baumg. ssp. vulgare (Hartm.) Greuter & Burdet","Cerastium holosteoides Fr.","Cerastium holosteoides"
"Cerastium nutans Raf.","Cerastium nutans Raf.","Cerastium nutans"
"Cerastium sp.","Cerastium sp.","Cerastium sp."
"Ceratiola ericoides Michx.","Ceratiola ericoides Michx.","Ceratiola ericoides"
"Ceratophyllum demersum L.","Ceratophyllum demersum L.","Ceratophyllum demersum"
"Ceratophyllum muricatum Cham.","Ceratophyllum muricatum Cham.","Ceratophyllum muricatum"
"Cercis canadensis L. var. canadensis","Cercis canadensis L. var. canadensis","Cercis canadensis"
"Cercis canadensis L.","Cercis canadensis L.","Cercis canadensis"
"Cercis sp.","Cercis sp.","Cercis sp."
"Cercocarpus montanus Raf. var. glaber (S. Watson) F.L. Martin","Cercocarpus betuloides var. betuloides","Cercocarpus betuloides"
"Cercocarpus montanus Raf.","Cercocarpus montanus Raf.","Cercocarpus montanus"
"Cestrum diurnum L.","Cestrum diurnum L.","Cestrum diurnum"
"Chaenactis carphoclinia A. Gray","Chaenactis carphoclinia A.Gray","Chaenactis carphoclinia"
"Chaenactis douglasii (Hook.) Hook. & Arn.","Chaenactis douglasii Hook. & Arn.","Chaenactis douglasii"
"Chaenactis douglasii (Hook.) Hook. & Arn. var. douglasii","Chaenactis douglasii var. douglasii","Chaenactis douglasii"
"Chaenactis douglasii (Hook.) Hook. & Arn. var. alpina A. Gray","Chaenactis douglasii var. alpina A.Gray","Chaenactis douglasii"
"Chaenactis sp.","Chaenactis sp.","Chaenactis sp."
"Chaenactis spp.","Chaenactis spp.","Chaenactis sp."
"Chaenactis stevioides Hook. & Arn.","Chaenactis stevioides Hook. & Arn.","Chaenactis stevioides"
"Chaerophyllum procumbens (L.) Crantz var. procumbens","Chaerophyllum procumbens var. procumbens","Chaerophyllum procumbens"
"Tibouchina herbacea (DC.) Cogn.","Chaetogastra herbacea (DC.) P.J.F.Guim. & Michelang.","Chaetogastra herbacea"
"Chaetopappa asteroides Nutt. ex DC.","Chaetopappa asteroides (Nutt.) DC.","Chaetopappa asteroides"
"Chaetopappa ericoides (Torr.) G.L. Nesom","Chaetopappa ericoides (Torr.) G.L.Nesom","Chaetopappa ericoides"
"Chaiturus marrubiastrum (L.) Rchb.","Chaiturus marrubiastrum (L.) Ehrh. ex Rchb.","Chaiturus marrubiastrum"
"Chamaebatia foliolosa Benth.","Chamaebatia foliolosa Benth.","Chamaebatia foliolosa"
"Chamaechaenactis sp.","Chamaechaenactis sp.","Chamaechaenactis sp."
"Chamaecrista fasciculata (Michx.) Greene","Chamaecrista fasciculata (Michx.) Greene","Chamaecrista fasciculata"
"Chamaecrista fasciculata (Michx.) Greene var. fasciculata","Chamaecrista fasciculata (Michx.) Greene var. fasciculata","Chamaecrista fasciculata"
"Chamaecrista nictitans (L.) Moench","Chamaecrista nictitans (L.) Moench","Chamaecrista nictitans"
"Chamaecrista nictitans (L.) Moench ssp. nictitans var. aspera (Muhl. ex Elliott) Irwin & Barneby","Chamaecrista nictitans (L.) Moench","Chamaecrista nictitans"
"Chamaecrista sp.","Chamaecrista sp.","Chamaecrista sp."
"Chamaecyparis sp.","Chamaecyparis sp.","Chamaecyparis sp."
"Chamaedaphne calyculata (L.) Moench","Chamaedaphne calyculata (L.) Moench","Chamaedaphne calyculata"
"Chamaelirium luteum (L.) A. Gray","Chamaelirium luteum (L.) A.Gray","Chamaelirium luteum"
"Chamaerhodos erecta (L.) Bunge ssp. nuttallii (Pickering ex Rydb.) Hultén","Chamaerhodos erecta (L.) Bunge","Chamaerhodos erecta"
"Chamaerhodos sp.","Chamaerhodos sp.","Chamaerhodos sp."
"Chamaesaracha coronopus (Dunal) A. Gray","Chamaesaracha coronopus (Dunal) A.Gray","Chamaesaracha coronopus"
"Chamaesaracha sordida (Dunal) A. Gray","Chamaesaracha sordida (Dunal) A.Gray","Chamaesaracha sordida"
"Chamaesyce glyptosperma/serpyllifolia","Chamaesyce glyptosperma","Chamaesyce glyptosperma"
"Chamaesyce serpyllifolia (Pers.) Small ssp. serpyllifolia","Chamaesyce serpyllifolia (Pers.) Small ssp. serpyllifolia","Chamaesyce serpyllifolia"
"Chamaesyce sp.","Chamaesyce sp.","Chamaesyce sp."
"Chamaesyce spp.","Chamaesyce spp.","Chamaesyce sp."
"Chamerion angustifolium (L.) Holub ssp. angustifolium","Chamerion angustifolium (L.) Holub ssp. angustifolium","Chamerion angustifolium"
"Chamerion spp.","Chamerion spp.","Chamerion sp."
"Chamerion sp.","Chamerion sp.","Chamerion sp."
"Chapmannia floridana Torr. & A. Gray","Chapmannia floridana Torr. & A.Gray","Chapmannia floridana"
"Chapmannia sp.","Chapmannia sp.","Chapmannia sp."
"Chasmanthium latifolium (Michx.) Yates","Chasmanthium latifolium (Michx.) H.O.Yates","Chasmanthium latifolium"
"Chasmanthium laxum (L.) Yates","Chasmanthium laxum (L.) H.O.Yates","Chasmanthium laxum"
"Chasmanthium sessiliflorum (Poir.) Yates","Chasmanthium laxum (L.) H.O.Yates","Chasmanthium laxum"
"Chasmanthium nitidum (Baldw.) Yates","Chasmanthium nitidum (Baldwin ex Elliott) H.O.Yates","Chasmanthium nitidum"
"Chasmanthium sp.","Chasmanthium sp.","Chasmanthium sp."
"Chasmanthium spp.","Chasmanthium spp.","Chasmanthium sp."
"Cheirodendron sp.","Cheirodendron sp.","Cheirodendron sp."
"Cheirodendron trigynum (Gaudich.) A. Heller","Cheirodendron trigynum (Gaudich.) A.Heller","Cheirodendron trigynum"
"Chelidonium majus L.","Chelidonium majus L.","Chelidonium majus"
"Chelone glabra L.","Chelone glabra L.","Chelone glabra"
"Chelone lyonii Pursh","Chelone lyonii Pursh","Chelone lyonii"
"Chelone sp.","Chelone sp.","Chelone sp."
"Chenopodium simplex (Torr.) Raf.","Chenopodiastrum simplex (Torr.) S.Fuentes, Uotila & Borsch","Chenopodiastrum simplex"
"Chenopodium album L.","Chenopodium album L.","Chenopodium album"
"Coenogonium missouriense J. Davis","Chenopodium album var. missouriense (Aellen) Bassett & Crompton","Chenopodium album"
"Chenopodium atrovirens Rydb.","Chenopodium atrovirens Rydb.","Chenopodium atrovirens"
"Chenopodium berlandieri Moq.","Chenopodium berlandieri Moq.","Chenopodium berlandieri"
"Chenopodium desiccatum A. Nelson","Chenopodium desiccatum A.Nelson","Chenopodium desiccatum"
"Chenopodium foggii Wahl","Chenopodium foggii Wahl","Chenopodium foggii"
"Chenopodium fremontii S. Watson","Chenopodium fremontii S.Watson","Chenopodium fremontii"
"Chenopodium hians Standl.","Chenopodium hians Standl.","Chenopodium hians"
"Chenopodium incanum (S. Watson) A. Heller","Chenopodium incanum (S.Watson) A.Heller","Chenopodium incanum"
"Chenopodium incanum (S. Watson) A. Heller var. elatum Crawford","Chenopodium incanum var. incanum","Chenopodium incanum"
"Chenopodium incanum (S. Watson) A. Heller var. occidentale Crawford","Chenopodium incanum var. occidentale D.J.Crawford","Chenopodium incanum"
"Chenopodium leptophyllum (Moq.) Nutt. ex S. Watson","Chenopodium leptophyllum (Moq.) Nutt. ex S.Watson","Chenopodium leptophyllum"
"Chenopodium pallescens Standl.","Chenopodium pallescens Standl.","Chenopodium pallescens"
"Chenopodium pratericola Rydb.","Chenopodium pratericola Rydb.","Chenopodium pratericola"
"Chenopodium sp.","Chenopodium sp.","Chenopodium sp."
"Chenopodium spp.","Chenopodium spp.","Chenopodium sp."
"Chenopodium standleyanum Aellen","Chenopodium standleyanum Aellen","Chenopodium standleyanum"
"Chenopodium subglabrum (S. Watson) A. Nelson","Chenopodium subglabrum (S.Watson) A.Nelson","Chenopodium subglabrum"
"Chenopodium watsonii A. Nelson","Chenopodium watsonii A.Nelson","Chenopodium watsonii"
"Minuartia arctica (Stev. ex Ser.) Graebn.","Cherleria arctica (Steven ex Ser.) A.J.Moore & Dillenb.","Cherleria arctica"
"Minuartia obtusiloba (Rydb.) House","Cherleria obtusiloba (Rydb.) A.J.Moore & Dillenb.","Cherleria obtusiloba"
"Chimaphila maculata (L.) Pursh","Chimaphila maculata (L.) Pursh","Chimaphila maculata"
"Chimaphila menziesii (R. Br. ex D. Don) Spreng.","Chimaphila menziesii (R.Br. ex D.Don) Spreng.","Chimaphila menziesii"
"Chimaphila sp.","Chimaphila sp.","Chimaphila sp."
"Chimaphila umbellata (L.) W.P.C. Barton ssp. cisatlantica (S.F. Blake) Hultén","Chimaphila umbellata subsp. umbellata","Chimaphila umbellata"
"Chimaphila umbellata (L.) W.P.C. Barton","Chimaphila umbellata (L.) W.P.C.Barton","Chimaphila umbellata"
"Chimaphila umbellata (L.) W.P.C. Barton ssp. occidentalis (Rydb.) Hultén","Chimaphila umbellata subsp. umbellata","Chimaphila umbellata"
"Chiococca alba (L.) Hitchc.","Chiococca alba (L.) Hitchc.","Chiococca alba"
"Chionanthus sp.","Chionanthus sp.","Chionanthus sp."
"Chionanthus virginicus L.","Chionanthus virginicus L.","Chionanthus virginicus"
"Chionophila jamesii Benth.","Chionophila jamesii Benth.","Chionophila jamesii"
"Chloris barbata Sw.","Chloris barbata Sw.","Chloris barbata"
"Chloris sp.","Chloris sp.","Chloris sp."
"Chloris verticillata Nutt.","Chloris verticillata Nutt.","Chloris verticillata"
"Chloris virgata Sw.","Chloris virgata Sw.","Chloris virgata"
"Chlorogalum pomeridianum (DC.) Kunth","Chlorogalum pomeridianum (DC.) Kunth","Chlorogalum pomeridianum"
"Chondrilla juncea L.","Chondrilla juncea L.","Chondrilla juncea"
"Chorispora sp.","Chorispora sp.","Chorispora sp."
"Chorispora tenella (Pall.) DC.","Chorispora tenella (Pall.) DC.","Chorispora tenella"
"Chorizanthe membranacea Benth.","Chorizanthe membranacea Benth.","Chorizanthe membranacea"
"Chorizanthe polygonoides Torr. & A. Gray","Chorizanthe polygonoides A.Gray","Chorizanthe polygonoides"
"Chorizanthe sp.","Chorizanthe sp.","Chorizanthe sp."
"Chromolaena odorata (L.) R.M. King & H. Rob.","Chromolaena odorata (L.) R.M.King & H.Rob.","Chromolaena odorata"
"Chromolaena sinuata (Lam.) R.M. King & H. Rob.","Chromolaena sinuata (Lam.) R.M.King & H.Rob.","Chromolaena sinuata"
"Chromolaena sp.","Chromolaena sp.","Chromolaena sp."
"Chrysolepis sempervirens (Kellogg) Hjelmqvist","Chrysolepis sempervirens (Kellogg) Hjelmq.","Chrysolepis sempervirens"
"Chrysophyllum argenteum Jacq.","Chrysophyllum argenteum Jacq.","Chrysophyllum argenteum"
"Chrysopsis gossypina (Michx.) Elliott","Chrysopsis gossypina (Michx.) Elliott","Chrysopsis gossypina"
"Chrysopsis mariana (L.) Elliott","Chrysopsis mariana Elliott","Chrysopsis mariana"
"Chrysopsis sp.","Chrysopsis sp.","Chrysopsis sp."
"Chrysopsis subulata Small","Chrysopsis subulata Small","Chrysopsis subulata"
"Chrysosplenium americanum Schwein. ex Hook.","Chrysosplenium americanum Schwein. ex Hook.","Chrysosplenium americanum"
"Chrysosplenium tetrandrum (Lund ex Malmgr.) Th. Fr.","Chrysosplenium tetrandrum (N.Lund) Th.Fr.","Chrysosplenium tetrandrum"
"Chrysothamnus spp.","Chrysothamnus spp.","Chrysothamnus sp."
"Chrysothamnus sp.","Chrysothamnus sp.","Chrysothamnus sp."
"Chrysothamnus vaseyi (A. Gray) Greene","Chrysothamnus vaseyi Greene","Chrysothamnus vaseyi"
"Chrysothamnus viscidiflorus (Hook.) Nutt.","Chrysothamnus viscidiflorus (Hook.) Nutt.","Chrysothamnus viscidiflorus"
"Chrysothamnus viscidiflorus (Hook.) Nutt. ssp. axillaris (D.D. Keck) L.C. Anderson","Chrysothamnus viscidiflorus subsp. axillaris (D.D.Keck) L.C.Anderson","Chrysothamnus viscidiflorus"
"Matelea biflora (Raf.) Woodson","Chthamalia biflora Decne.","Chthamalia biflora"
"Matelea cynanchoides (Engelm.) Woodson","Chthamalia cynanchoides (Engelm. & A.Gray) Morillo","Chthamalia cynanchoides"
"Camissonia brevipes (A. Gray) P.H. Raven ssp. pallidula (Munz) P.H. Raven","Chylismia brevipes subsp. pallidula (Munz) W.L.Wagner & Hoch","Chylismia brevipes"
"Cibotium glaucum (Sm.) Hook. & Arn.","Cibotium glaucum (Sm.) Hook. & Arn.","Cibotium glaucum"
"Cibotium menziesii Hook.","Cibotium menziesii Hook.","Cibotium menziesii"
"Cibotium sp.","Cibotium sp.","Cibotium sp."
"Cichorium intybus L.","Cichorium intybus L.","Cichorium intybus"
"Cichorium sp.","Cichorium sp.","Cichorium sp."
"Cicuta bulbifera L.","Cicuta bulbifera L.","Cicuta bulbifera"
"Cicuta maculata L.","Cicuta maculata L.","Cicuta maculata"
"Cicuta sp.","Cicuta sp.","Cicuta sp."
"Cinna arundinacea L.","Cinna arundinacea L.","Cinna arundinacea"
"Cinna latifolia (Trevis. ex Goepp.) Griseb.","Cinna latifolia (Trevir. ex Göpp.) Griseb.","Cinna latifolia"
"Cinna sp.","Cinna sp.","Cinna sp."
"Cinnamomum sp.","Cinnamomum sp.","Cinnamomum sp."
"Cinnamomum verum J. Presl","Cinnamomum verum J.Presl","Cinnamomum verum"
"Circaea alpina L. ssp. alpina","Circaea alpina subsp. alpina","Circaea alpina"
"Circaea alpina L.","Circaea alpina L.","Circaea alpina"
"Circaea alpina L. ssp. pacifica (Asch. & Magnus) P.H. Raven","Circaea alpina subsp. pacifica (Asch. & Magnus) P.H.Raven","Circaea alpina"
"Circaea lutetiana L. ssp. canadensis (L.) Asch. & Magnus","Circaea canadensis (L.) Hill","Circaea canadensis"
"Circaea lutetiana L.","Circaea lutetiana L.","Circaea lutetiana"
"Circaea sp.","Circaea sp.","Circaea sp."
"Circaea ×intermedia Ehrh. (pro sp.)","Circaea × intermedia Ehrh.","Circaea × intermedia"
"Cirsium altissimum (L.) Hill","Cirsium altissimum (L.) Spreng.","Cirsium altissimum"
"Cirsium arvense (L.) Scop.","Cirsium arvense (L.) Scop.","Cirsium arvense"
"Cirsium canescens Nutt.","Cirsium canescens Nutt.","Cirsium canescens"
"Cirsium carolinianum (Walter) Fernald & B.G. Schub.","Cirsium carolinianum (Walter) Fernald & B.G.Schub.","Cirsium carolinianum"
"Cirsium clavatum (M.E. Jones) Petr.","Cirsium clavatum (M.E.Jones) Petr.","Cirsium clavatum"
"Cirsium discolor (Muhl. ex Willd.) Spreng.","Cirsium discolor (Muhl. ex Willd.) Spreng.","Cirsium discolor"
"Cirsium edule Nutt.","Cirsium edule Nutt.","Cirsium edule"
"Cirsium engelmannii Rydb.","Cirsium engelmannii Rydb.","Cirsium engelmannii"
"Cirsium flodmanii (Rydb.) Arthur","Cirsium flodmanii Arthur","Cirsium flodmanii"
"Cirsium hookerianum Nutt.","Cirsium hookerianum Nutt.","Cirsium hookerianum"
"Cirsium horridulum Michx.","Cirsium horridulum Michx.","Cirsium horridulum"
"Cirsium horridulum Michx. var. vittatum (Small) R.W. Long","Cirsium horridulum Michx.","Cirsium horridulum"
"Cirsium muticum Michx.","Cirsium muticum Michx.","Cirsium muticum"
"Cirsium nuttallii DC.","Cirsium nuttallii DC.","Cirsium nuttallii"
"Cirsium occidentale (Nutt.) Jeps. var. californicum (A. Gray) Keil & C. Turner","Cirsium occidentale var. californicum (A.Gray) D.J.Keil & C.E.Turner","Cirsium occidentale"
"Cirsium occidentale (Nutt.) Jeps.","Cirsium occidentale (Nutt.) Jeps.","Cirsium occidentale"
"Cirsium ochrocentrum A. Gray","Cirsium ochrocentrum A.Gray","Cirsium ochrocentrum"
"Cirsium palustre (L.) Scop.","Cirsium palustre (L.) Scop.","Cirsium palustre"
"Cirsium scariosum Nutt.","Cirsium scariosum Nutt.","Cirsium scariosum"
"Cirsium scopulorum (Greene) Cockerell ex Daniels","Cirsium scopulorum (Greene) Cockerell","Cirsium scopulorum"
"Cirsium sp.","Cirsium sp.","Cirsium sp."
"Cirsium spp.","Cirsium spp.","Cirsium sp."
"Cirsium texanum Buckley","Cirsium texanum Buckley","Cirsium texanum"
"Cirsium undulatum (Nutt.) Spreng.","Cirsium undulatum (Nutt.) Spreng.","Cirsium undulatum"
"Cirsium undulatum (Nutt.) Spreng. var. undulatum","Cirsium undulatum (Nutt.) Spreng. var. undulatum","Cirsium undulatum"
"Cirsium virginianum (L.) Michx.","Cirsium virginianum Michx.","Cirsium virginianum"
"Cirsium vulgare (Savi) Ten.","Cirsium vulgare (Savi) Ten.","Cirsium vulgare"
"Cissus obovata Vahl","Cissus obovata Vahl","Cissus obovata"
"Cissus trifoliata (L.) L.","Cissus trifoliata (L.) L.","Cissus trifoliata"
"Cissus verticillata (L.) Nicolson & Jarvis","Cissus verticillata (L.) Nicolson & C.E.Jarvis","Cissus verticillata"
"Cistanthe sp.","Cistanthe sp.","Cistanthe sp."
"Citharexylum sp.","Citharexylum sp.","Citharexylum sp."
"Citharexylum spinosum L.","Citharexylum spinosum L.","Citharexylum spinosum"
"Citrullus lanatus (Thunb.) Matsum. & Nakai var. lanatus","Citrullus lanatus (Thunb.) Matsum. & Nakai var. lanatus","Citrullus lanatus"
"Poncirus trifoliata (L.) Raf.","Citrus trifoliata L.","Citrus trifoliata"
"Cladium mariscoides (Muhl.) Torr.","Cladium mariscoides (Muhl.) Torr.","Cladium mariscoides"
"Cladium mariscus (L.) Pohl","Cladium mariscus (L.) Pohl","Cladium mariscus"
"Cladonia pulvinella S. Hammer","Cladonia pulvinella S. Hammer","Cladonia pulvinella"
"Cladrastis kentukea (Dum. Cours.) Rudd","Cladrastis kentukea (Dum.Cours.) Rudd","Cladrastis kentukea"
"Clarkia bottae (Spach) F.H. Lewis & M.E. Lewis","Clarkia bottae (Spach) F.H.Lewis & M.E.Lewis","Clarkia bottae"
"Clarkia dudleyana (Abrams) J.F. Macbr.","Clarkia dudleyana (Abrams) J.F.Macbr.","Clarkia dudleyana"
"Clarkia heterandra (Torr.) F.H. Lewis & P.H. Raven","Clarkia heterandra (Torr.) F.H.Lewis & P.H.Raven","Clarkia heterandra"
"Clarkia lingulata F.H. Lewis & M.E. Lewis","Clarkia lingulata F.H.Lewis & M.E.Lewis","Clarkia lingulata"
"Clarkia purpurea (W. Curtis) A. Nelson & J.F. Macbr.","Clarkia purpurea (Curtis) A.Nelson & J.F.Macbr.","Clarkia purpurea"
"Clarkia purpurea (W. Curtis) A. Nelson & J.F. Macbr. ssp. quadrivulnera (Douglas ex Lindl.) F.H. Lewis & M.E. Lewis","Clarkia purpurea subsp. quadrivulnera (Douglas ex Lindl.) F.H.Lewis & M.E.Lewis","Clarkia purpurea"
"Clarkia purpurea (W. Curtis) A. Nelson & J.F. Macbr. ssp. purpurea","Clarkia purpurea subsp. purpurea","Clarkia purpurea"
"Clarkia similis F.H. Lewis & Ernst","Clarkia similis F.H.Lewis & W.R.Ernst","Clarkia similis"
"Clarkia sp.","Clarkia sp.","Clarkia sp."
"Clarkia spp.","Clarkia spp.","Clarkia sp."
"Clarkia unguiculata Lindl.","Clarkia unguiculata Lindl.","Clarkia unguiculata"
"Clarkia williamsonii (Durand & Hilg.) F.H. Lewis & M.E. Lewis","Clarkia williamsonii (Durand & Hilg.) F.H.Lewis & M.E.Lewis","Clarkia williamsonii"
"Clarkia xantiana A. Gray ssp. parviflora (Eastw.) H.F. Lewis & P.H. Raven","Clarkia xantiana subsp. parviflora (Eastw.) F.H.Lewis & P.H.Raven","Clarkia xantiana"
"Claytonia caroliniana Michx.","Claytonia caroliniana Michx.","Claytonia caroliniana"
"Claytonia lanceolata Pall. ex Pursh","Claytonia lanceolata Pursh","Claytonia lanceolata"
"Claytonia parviflora Douglas ex Hook.","Claytonia parviflora Douglas","Claytonia parviflora"
"Claytonia perfoliata Donn ex Willd. ssp. intermontana John M. Mill. & K.L. Chambers","Claytonia perfoliata subsp. intermontana John M.Mill. & K.L.Chambers","Claytonia perfoliata"
"Claytonia perfoliata Donn ex Willd.","Claytonia perfoliata Donn ex Willd.","Claytonia perfoliata"
"Claytonia perfoliata Donn ex Willd. ssp. perfoliata","Claytonia perfoliata subsp. perfoliata","Claytonia perfoliata"
"Claytonia sibirica L.","Claytonia sibirica L.","Claytonia sibirica"
"Claytonia sp.","Claytonia sp.","Claytonia sp."
"Claytonia spp.","Claytonia spp.","Claytonia sp."
"Claytonia tuberosa Pall. ex Schult. var. tuberosa","Claytonia tuberosa Pall. ex Schult. var. tuberosa","Claytonia tuberosa"
"Claytonia tuberosa Pall. ex Schult.","Claytonia tuberosa Pall. ex Schult.","Claytonia tuberosa"
"Claytonia virginica L.","Claytonia virginica L.","Claytonia virginica"
"Cleistes bifaria (Fernald) Catling & Gregg","Cleistesiopsis bifaria (Fernald) Pansarin & F.Barros","Cleistesiopsis bifaria"
"Clematis catesbyana Pursh","Clematis catesbyana Pursh","Clematis catesbyana"
"Clematis crispa L.","Clematis crispa L.","Clematis crispa"
"Clematis glaucophylla Small","Clematis glaucophylla Small","Clematis glaucophylla"
"Clematis hirsutissima Pursh","Clematis hirsutissima Pursh","Clematis hirsutissima"
"Clematis ligusticifolia Nutt.","Clematis ligusticifolia Nutt.","Clematis ligusticifolia"
"Clematis occidentalis (Hornem.) DC.","Clematis occidentalis (Hornem.) DC.","Clematis occidentalis"
"Clematis reticulata Walter","Clematis reticulata Walter","Clematis reticulata"
"Clematis sp.","Clematis sp.","Clematis sp."
"Clematis spp.","Clematis spp.","Clematis sp."
"Clematis terniflora DC.","Clematis terniflora DC.","Clematis terniflora"
"Clematis virginiana L.","Clematis virginiana L.","Clematis virginiana"
"Polanisia tenuifolia Torr. & A. Gray","Cleome aldenella W.R.Ernst","Cleome aldenella"
"Polanisia dodecandra (L.) DC.","Cleome dodecandra L.","Cleome dodecandra"
"Cleome spp.","Cleome spp.","Cleome sp."
"Cleome viscosa L.","Cleome viscosa L.","Cleome viscosa"
"Cleome lutea Hook.","Cleomella lutea (Hook.) Roalson & J.C.Hall","Cleomella lutea"
"Cleomella parviflora A. Gray","Cleomella parviflora A.Gray","Cleomella parviflora"
"Cleome serrulata Pursh","Cleomella serrulata (Pursh) Roalson & J.C.Hall","Cleomella serrulata"
"Clermontia calophylla E. Wimm.","Clermontia calophylla E.Wimm.","Clermontia calophylla"
"Clermontia montis-loa Rock","Clermontia montis-loa Rock","Clermontia montis-loa"
"Clermontia parviflora Gaudich. ex A. Gray","Clermontia parviflora Gaudich. ex A.Gray","Clermontia parviflora"
"Clermontia sp.","Clermontia sp.","Clermontia sp."
"Clethra acuminata Michx.","Clethra acuminata Michx.","Clethra acuminata"
"Clinopodium georgianum Harper","Clinopodium carolinianum Mill.","Clinopodium carolinianum"
"Clinopodium glabellum (Michx.) Kuntze","Clinopodium glabellum (Michx.) Kuntze","Clinopodium glabellum"
"Clinopodium sp.","Clinopodium sp.","Clinopodium sp."
"Clinopodium vulgare L.","Clinopodium vulgare L.","Clinopodium vulgare"
"Clintonia borealis (Aiton) Raf.","Clintonia borealis (Aiton) Raf.","Clintonia borealis"
"Clintonia umbellulata (Michx.) Morong","Clintonia umbellulata (Michx.) Morong","Clintonia umbellulata"
"Clintonia uniflora (Menzies ex Schult. & Schult. f.) Kunth","Clintonia uniflora (Menzies ex Schult. & Schult.f.) Kunth","Clintonia uniflora"
"Clitoria mariana L.","Clitoria mariana L.","Clitoria mariana"
"Clitoria sp.","Clitoria sp.","Clitoria sp."
"Clusia rosea Jacq.","Clusia rosea Jacq.","Clusia rosea"
"Cnicus sp.","Cnicus sp.","Cnicus sp."
"Cnidoscolus sp.","Cnidoscolus sp.","Cnidoscolus sp."
"Cnidoscolus urens (L.) Arthur var. stimulosus (Michx.) Govaerts","Cnidoscolus stimulosus (Michx.) Engelm. & A.Gray","Cnidoscolus stimulosus"
"Cnidoscolus texanus (Müll. Arg.) Small","Cnidoscolus texanus (Müll.Arg.) Small","Cnidoscolus texanus"
"Cnidoscolus urens (L.) Arthur","Cnidoscolus urens (L.) Janti","Cnidoscolus urens"
"Coccoloba diversifolia Jacq.","Coccoloba diversifolia Jacq.","Coccoloba diversifolia"
"Coccoloba krugii Lindau","Coccoloba krugii Lindau","Coccoloba krugii"
"Coccoloba microstachya Willd.","Coccoloba microstachya Willd.","Coccoloba microstachya"
"Coccoloba sp.","Coccoloba sp.","Coccoloba sp."
"Coccothrinax barbadensis (Lodd. ex Mart.) Becc.","Coccothrinax barbadensis (Lodd. ex Mart.) Becc.","Coccothrinax barbadensis"
"Cocculus sp.","Cocculus sp.","Cocculus sp."
"Mammillaria grahamii Engelm.","Cochemiea grahamii (Engelm.) Doweld","Cochemiea grahamii"
"Cochlearia groenlandica L.","Cochlearia groenlandica L.","Cochlearia groenlandica"
"Amoreuxia palmatifida Moc. & Sessé ex DC.","Cochlospermum palmatifidum (DC.) Byng & Christenh.","Cochlospermum palmatifidum"
"Coffea arabica L.","Coffea arabica L.","Coffea arabica"
"Brassica tournefortii Gouan","Coincya tournefortii (Gouan) Alcaraz, T.E.Díaz, Rivas Mart. & Sánchez-Gómez","Coincya tournefortii"
"Colchicum autumnale L.","Colchicum autumnale L.","Colchicum autumnale"
"Panicum anceps Michx.","Coleataenia anceps (Michx.) Soreng","Coleataenia anceps"
"Panicum rigidulum Bosc ex Nees var. pubescens (Vasey) Lelong","Coleataenia longifolia subsp. longifolia","Coleataenia longifolia"
"Panicum rigidulum Bosc ex Nees","Coleataenia rigidula (Bosc ex Nees) LeBlond","Coleataenia rigidula"
"Collinsia grandiflora Lindl.","Collinsia grandiflora Douglas ex Lindl.","Collinsia grandiflora"
"Collinsia heterophylla Buist ex Graham","Collinsia heterophylla Buist ex Graham","Collinsia heterophylla"
"Collinsia heterophylla Buist ex Graham var. austromontana (Newsom) Munz","Collinsia heterophylla var. austromontana (Newsom) Munz","Collinsia heterophylla"
"Collinsia parviflora Lindl.","Collinsia parviflora Douglas ex Lindl.","Collinsia parviflora"
"Collinsia sp.","Collinsia sp.","Collinsia sp."
"Collinsia spp.","Collinsia spp.","Collinsia sp."
"Collinsia tinctoria Hartw. ex Benth.","Collinsia tinctoria Hartw. ex Benth.","Collinsia tinctoria"
"Collinsia torreyi A. Gray","Collinsia torreyi A.Gray","Collinsia torreyi"
"Collinsonia canadensis L.","Collinsonia canadensis L.","Collinsonia canadensis"
"Collinsonia tuberosa Michx.","Collinsonia canadensis L.","Collinsonia canadensis"
"Collinsonia serotina Walter","Collinsonia punctata Elliott","Collinsonia punctata"
"Collomia grandiflora Douglas ex Lindl.","Collomia grandiflora Douglas ex Lindl.","Collomia grandiflora"
"Collomia heterophylla Douglas ex Hook.","Collomia heterophylla Hook.","Collomia heterophylla"
"Collomia linearis Nutt.","Collomia linearis Nutt.","Collomia linearis"
"Collomia sp.","Collomia sp.","Collomia sp."
"Collomia spp.","Collomia spp.","Collomia sp."
"Collomia tenella A. Gray","Collomia tenella A.Gray","Collomia tenella"
"Colocasia esculenta (L.) Schott","Colocasia esculenta (L.) Schott","Colocasia esculenta"
"Colubrina arborescens (Mill.) Sarg.","Colubrina arborescens (Mill.) Sarg.","Colubrina arborescens"
"Colubrina elliptica (Sw.) Briz. & Stern","Colubrina elliptica (Sw.) Brizicky & W.L.Stern","Colubrina elliptica"
"Colubrina sp.","Colubrina sp.","Colubrina sp."
"Colubrina verrucosa (Urb.) M.C. Johnst.","Colubrina verrucosa (Urb.) M.C.Johnst.","Colubrina verrucosa"
"Comandra sp.","Comandra sp.","Comandra sp."
"Comandra spp.","Comandra spp.","Comandra sp."
"Comandra umbellata (L.) Nutt.","Comandra umbellata (L.) Nutt.","Comandra umbellata"
"Comandra umbellata (L.) Nutt. ssp. californica (Eastw. ex Rydb.) Piehl","Comandra umbellata subsp. californica (Eastw. ex Rydb.) Piehl","Comandra umbellata"
"Comarum palustre L.","Comarum palustre L.","Comarum palustre"
"Commelina communis L.","Commelina communis L.","Commelina communis"
"Commelina diffusa Burm. f.","Commelina diffusa Burm.f.","Commelina diffusa"
"Commelina diffusa Burm. f. var. diffusa","Commelina diffusa Burm. f. var. diffusa","Commelina diffusa"
"Commelina erecta L.","Commelina erecta L.","Commelina erecta"
"Commelina erecta L. var. angustifolia (Michx.) Fernald","Commelina erecta subsp. erecta","Commelina erecta"
"Commelina sp.","Commelina sp.","Commelina sp."
"Commelina virginica L.","Commelina virginica L.","Commelina virginica"
"Boerhavia scandens L.","Commicarpus scandens (L.) Standl.","Commicarpus scandens"
"Comocladia dodonaea (L.) Urb.","Comocladia dodonaea (L.) Britton","Comocladia dodonaea"
"Comocladia glabra (Schult.) Spreng.","Comocladia glabra (Schult.) Spreng.","Comocladia glabra"
"Comptonia peregrina (L.) J.M. Coult.","Comptonia peregrina (L.) Coult.","Comptonia peregrina"
"Ziziphus obtusifolia (Hook. ex Torr. & A. Gray) A. Gray","Condaliopsis obtusifolia (Hook. ex Torr. & A.Gray) Suess.","Condaliopsis obtusifolia"
"Hyptis emoryi Torr.","Condea emoryi (Torr.) Harley & J.F.B.Pastore","Condea emoryi"
"Coniogramme pilosa (Brack.) Hieron.","Coniogramme pilosa Hieron.","Coniogramme pilosa"
"Conoclinium betonicifolium (Mill.) R.M. King & H. Rob.","Conoclinium betonicifolium (Mill.) R.M.King & H.Rob.","Conoclinium betonicifolium"
"Conoclinium coelestinum (L.) DC.","Conoclinium coelestinum (L.) DC.","Conoclinium coelestinum"
"Conoclinium sp.","Conoclinium sp.","Conoclinium sp."
"Conopholis americana (L.) Wallr.","Conopholis americana (L.) Wallr.","Conopholis americana"
"Conradina sp.","Conradina sp.","Conradina sp."
"Consolea rubescens (Salm-Dyck ex DC.) Lem.","Consolea rubescens (Salm-Dyck ex DC.) Lem.","Consolea rubescens"
"Convallaria majalis L.","Convallaria majalis L.","Convallaria majalis"
"Convallaria majuscula Greene","Convallaria pseudomajalis W.Bartram","Convallaria pseudomajalis"
"Convolvulus arvensis L.","Convolvulus arvensis L.","Convolvulus arvensis"
"Convolvulus equitans Benth.","Convolvulus equitans Benth.","Convolvulus equitans"
"Convolvulus sp.","Convolvulus sp.","Convolvulus sp."
"Convolvulus spp.","Convolvulus spp.","Convolvulus sp."
"Conyza canadensis (L.) Cronquist var. canadensis","Conyza canadensis (L.) Cronquist var. canadensis","Conyza canadensis"
"Conyza sp.","Conyza sp.","Conyza sp."
"Coprosma ernodeoides A. Gray","Coprosma ernodeoides A.Gray","Coprosma ernodeoides"
"Coprosma montana Hillebr.","Coprosma montana Hillebr.","Coprosma montana"
"Coprosma ochracea W.R.B. Oliv.","Coprosma ochracea W.R.B.Oliv.","Coprosma ochracea"
"Coprosma rhynchocarpa A. Gray","Coprosma rhynchocarpa A.Gray","Coprosma rhynchocarpa"
"Coprosma sp.","Coprosma sp.","Coprosma sp."
"Coprosma spp.","Coprosma spp.","Coprosma sp."
"Coptis trifolia (L.) Salisb.","Coptis trifolia (L.) Salisb.","Coptis trifolia"
"Corallorhiza maculata (Raf.) Raf.","Corallorhiza maculata Raf.","Corallorhiza maculata"
"Corallorhiza maculata (Raf.) Raf. var. maculata","Corallorhiza maculata var. maculata","Corallorhiza maculata"
"Corallorhiza mertensiana Bong.","Corallorhiza mertensiana Bong.","Corallorhiza mertensiana"
"Corallorhiza sp.","Corallorhiza sp.","Corallorhiza sp."
"Corallorhiza striata Lindl.","Corallorhiza striata Lindl.","Corallorhiza striata"
"Corallorhiza trifida Chatelain","Corallorhiza trifida Châtel.","Corallorhiza trifida"
"Corchorus aestuans L.","Corchorus aestuans L.","Corchorus aestuans"
"Corchorus hirsutus L.","Corchorus hirsutus L.","Corchorus hirsutus"
"Corchorus hirtus L.","Corchorus hirtus L.","Corchorus hirtus"
"Corchorus spp.","Corchorus spp.","Corchorus sp."
"Cordia alliodora (Ruiz & Pav.) Oken","Cordia alliodora (Ruiz & Pav.) Oken","Cordia alliodora"
"Cordia collococca L.","Cordia collococca L.","Cordia collococca"
"Cordia sebestena L.","Cordia sebestena L.","Cordia sebestena"
"Cordia sp.","Cordia sp.","Cordia sp."
"Cordia spp.","Cordia spp.","Cordia sp."
"Coreopsis auriculata L.","Coreopsis auriculata L.","Coreopsis auriculata"
"Coreopsis floridana E.B. Sm.","Coreopsis floridana E.B.Sm.","Coreopsis floridana"
"Coreopsis lanceolata L.","Coreopsis lanceolata L.","Coreopsis lanceolata"
"Coreopsis pubescens Elliott","Coreopsis pubescens Elliott","Coreopsis pubescens"
"Coreopsis sp.","Coreopsis sp.","Coreopsis sp."
"Coreopsis spp.","Coreopsis spp.","Coreopsis sp."
"Corispermum americanum (Nutt.) Nutt.","Corispermum americanum (Nutt.) Nutt.","Corispermum americanum"
"Cornus alternifolia L. f.","Cornus alternifolia L.f.","Cornus alternifolia"
"Cornus amomum Mill.","Cornus amomum Mill.","Cornus amomum"
"Cornus asperifolia Michx.","Cornus asperifolia Michx.","Cornus asperifolia"
"Cornus canadensis L.","Cornus canadensis L.","Cornus canadensis"
"Cornus drummondii C.A. Mey.","Cornus drummondii C.A.Mey.","Cornus drummondii"
"Cornus florida L.","Cornus florida L.","Cornus florida"
"Cornus foemina Mill.","Cornus foemina Mill.","Cornus foemina"
"Cornus foemina Mill./Cephalanthus occidentalis L.","Cornus foemina Mill.","Cornus foemina"
"Cornus nuttallii Audubon ex Torr. & A. Gray","Cornus nuttallii Audubon ex Torr. & A.Gray","Cornus nuttallii"
"Cornus obliqua Raf.","Cornus obliqua Raf.","Cornus obliqua"
"Cornus racemosa Lam.","Cornus racemosa Lam.","Cornus racemosa"
"Cornus rugosa Lam.","Cornus rugosa Lam.","Cornus rugosa"
"Cornus sericea L.","Cornus sericea L.","Cornus sericea"
"Cornus sericea L. ssp. sericea","Cornus sericea L. ssp. sericea","Cornus sericea"
"Cornus sp.","Cornus sp.","Cornus sp."
"Cornus spp.","Cornus spp.","Cornus sp."
"Cornus suecica L.","Cornus suecica L.","Cornus suecica"
"Cornus unalaschkensis Ledeb.","Cornus unalaschkensis Ledeb.","Cornus unalaschkensis"
"Cornus ×intermedia (Farr) Calder & Roy L. Taylor","Cornus unalaschkensis Ledeb.","Cornus unalaschkensis"
"Securigera varia (L.) Lassen","Coronilla varia L.","Coronilla varia"
"Corydalis aurea Willd.","Corydalis aurea Willd.","Corydalis aurea"
"Corydalis caseana A. Gray","Corydalis caseana A.Gray","Corydalis caseana"
"Corydalis flavula (Raf.) DC.","Corydalis flavula (Raf.) DC.","Corydalis flavula"
"Corydalis micrantha (Engelm. ex A. Gray) A. Gray","Corydalis micrantha (Engelm. ex A.Gray) A.Gray ex J.M.Coult.","Corydalis micrantha"
"Corydalis pauciflora (Stephan) Pers.","Corydalis pauciflora (Stephan) Pers.","Corydalis pauciflora"
"Corylus americana Walter","Corylus americana Walter","Corylus americana"
"Corylus cornuta Marshall var. cornuta","Corylus cornuta Marshall var. cornuta","Corylus cornuta"
"Corylus cornuta Marshall","Corylus cornuta Marshall","Corylus cornuta"
"Corylus cornuta Marshall var. californica (A. DC.) Sharp","Corylus cornuta subsp. californica (A.DC.) A.E.Murray","Corylus cornuta"
"Corylus sp.","Corylus sp.","Corylus sp."
"Corymbia calophylla (Lindl.) K.D. Hill & L.A.S. Johnson","Corymbia calophylla (Lindl.) K.D.Hill & L.A.S.Johnson","Corymbia calophylla"
"Corymbia citriodora (Hook.) K.D. Hill & L.A.S. Johnson","Corymbia citriodora (Hook.) K.D.Hill & L.A.S.Johnson","Corymbia citriodora"
"Coryphantha robustispina (Schott ex Engelm.) Britton & Rose ssp. scheeri (Muehlenpf.) N.P. Taylor","Coryphantha robustispina subsp. scheeri (Lem.) N.P.Taylor","Coryphantha robustispina"
"Coryphantha robustispina (Schott ex Engelm.) Britton & Rose","Coryphantha robustispina (A.Schott ex Engelm.) Britton & Rose","Coryphantha robustispina"
"Coryphantha sp.","Coryphantha sp.","Coryphantha sp."
"Cosmos caudatus Kunth","Cosmos caudatus Kunth","Cosmos caudatus"
"Cottea pappophoroides Kunth","Cottea pappophoroides Kunth","Cottea pappophoroides"
"Cotyledon sp.","Cotyledon sp.","Cotyledon sp."
"Coursetia caribaea (Jacq.) Lavin","Coursetia caribaea (Jacq.) Lavin","Coursetia caribaea"
"Crassula connata (Ruiz & Pav.) A. Berger","Crassula connata (Ruiz & Pav.) A.Berger","Crassula connata"
"Crassula connata (Ruiz & Pav.) A. Berger var. connata","Crassula connata var. connata","Crassula connata"
"Crataegus calpodendron (Ehrh.) Medik.","Crataegus calpodendron (Ehrh.) Medik.","Crataegus calpodendron"
"Crataegus chrysocarpa Ashe var. chrysocarpa","Crataegus chrysocarpa var. chrysocarpa","Crataegus chrysocarpa"
"Crataegus chrysocarpa Ashe","Crataegus chrysocarpa Ashe","Crataegus chrysocarpa"
"Crataegus crus-galli L.","Crataegus crus-galli L.","Crataegus crus-galli"
"Crataegus flava Aiton","Crataegus flava Aiton","Crataegus flava"
"Crataegus iracunda Beadle","Crataegus iracunda Beadle","Crataegus iracunda"
"Crataegus macrosperma Ashe","Crataegus macrosperma Ashe","Crataegus macrosperma"
"Crataegus marshallii Eggl.","Crataegus marshallii Eggl.","Crataegus marshallii"
"Crataegus opaca Hook. & Arn.","Crataegus opaca Hook. & Arn.","Crataegus opaca"
"Crataegus punctata Jacq.","Crataegus punctata Jacq.","Crataegus punctata"
"Crataegus reverchonii Sarg.","Crataegus reverchonii Sarg.","Crataegus reverchonii"
"Crataegus sp.","Crataegus sp.","Crataegus sp."
"Crataegus spp.","Crataegus spp.","Crataegus sp."
"Crataegus spathulata Michx.","Crataegus spathulata Michx.","Crataegus spathulata"
"Crataegus mollis Scheele","Crataegus submollis Sarg.","Crataegus submollis"
"Crataegus uniflora Münchh.","Crataegus uniflora Münchh.","Crataegus uniflora"
"Crataegus ×puberis Sarg. (pro sp.)","Crataegus × puberis Sarg.","Crataegus × puberis"
"Crepis acuminata Nutt.","Crepis acuminata Nutt.","Crepis acuminata"
"Crepis atribarba A. Heller","Crepis atribarba A.Heller","Crepis atribarba"
"Crepis atribarba A. Heller ssp. atribarba","Crepis atribarba A. Heller ssp. atribarba","Crepis atribarba"
"Crepis capillaris (L.) Wallr.","Crepis capillaris (L.) Wallr.","Crepis capillaris"
"Crepis intermedia A. Gray","Crepis intermedia A.Gray","Crepis intermedia"
"Crepis occidentalis Nutt.","Crepis occidentalis Nutt.","Crepis occidentalis"
"Crepis runcinata (James) Torr. & A. Gray","Crepis runcinata (E.James) Torr. & A.Gray","Crepis runcinata"
"Crepis sp.","Crepis sp.","Crepis sp."
"Crepis spp.","Crepis spp.","Crepis sp."
"Crinum sp.","Crinum sp.","Crinum sp."
"Crinum zeylanicum (L.) L.","Crinum zeylanicum (L.) L.","Crinum zeylanicum"
"Helianthemum canadense (L.) Michx.","Crocanthemum canadense (L.) Britton","Crocanthemum canadense"
"Helianthemum carolinianum (Walter) Michx.","Crocanthemum carolinianum (Walter) Spach","Crocanthemum carolinianum"
"Helianthemum corymbosum Michx.","Crocanthemum corymbosum (Michx.) Britton","Crocanthemum corymbosum"
"Helianthemum georgianum Chapm.","Crocanthemum georgianum (Chapm.) Barnhart","Crocanthemum georgianum"
"Helianthemum rosmarinifolium Pursh","Crocanthemum rosmarinifolium (Pursh) Janch.","Crocanthemum rosmarinifolium"
"Croomia pauciflora (Nutt.) Torr.","Croomia pauciflora (Nutt.) Torr.","Croomia pauciflora"
"Croomia sp.","Croomia sp.","Croomia sp."
"Croptilon divaricatum (Nutt.) Raf.","Croptilon divaricatum (Nutt.) Raf.","Croptilon divaricatum"
"Croptilon sp.","Croptilon sp.","Croptilon sp."
"Crossopetalum rhacoma Crantz","Crossopetalum rhacoma Crantz","Crossopetalum rhacoma"
"Crotalaria juncea L.","Crotalaria juncea L.","Crotalaria juncea"
"Crotalaria lanceolata E. Mey.","Crotalaria lanceolata E.Mey.","Crotalaria lanceolata"
"Crotalaria lotifolia L.","Crotalaria lotifolia L.","Crotalaria lotifolia"
"Crotalaria purshii DC.","Crotalaria purshii DC.","Crotalaria purshii"
"Crotalaria rotundifolia Walter ex J.F. Gmel.","Crotalaria rotundifolia J.F.Gmel.","Crotalaria rotundifolia"
"Crotalaria sagittalis L.","Crotalaria sagittalis L.","Crotalaria sagittalis"
"Crotalaria sp.","Crotalaria sp.","Crotalaria sp."
"Crotalaria spp.","Crotalaria spp.","Crotalaria sp."
"Crotalaria trichotoma Bojer","Crotalaria trichotoma Bojer","Crotalaria trichotoma"
"Crotalaria verrucosa L.","Crotalaria verrucosa L.","Crotalaria verrucosa"
"Croton argenteus L.","Croton argenteus L.","Croton argenteus"
"Croton argyranthemus Michx.","Croton argyranthemus Michx.","Croton argyranthemus"
"Croton betulinus Vahl","Croton betulinus Vahl","Croton betulinus"
"Croton capitatus Michx.","Croton capitatus Michx.","Croton capitatus"
"Croton discolor Willd.","Croton discolor Willd.","Croton discolor"
"Croton flavens L.","Croton flavens L.","Croton flavens"
"Croton fruticulosus Engelm. ex Torr.","Croton fruticulosus Torr.","Croton fruticulosus"
"Croton glandulosus L.","Croton glandulosus L.","Croton glandulosus"
"Croton lindheimerianus Scheele","Croton lindheimerianus Scheele","Croton lindheimerianus"
"Croton lucidus L.","Croton lucidus L.","Croton lucidus"
"Croton michauxii G.L. Webster","Croton michauxii G.L.Webster","Croton michauxii"
"Croton monanthogynus Michx.","Croton monanthogynus Michx.","Croton monanthogynus"
"Croton pottsii (Klotzsch) Müll. Arg.","Croton pottsii (Klotzsch) Müll.Arg.","Croton pottsii"
"Croton setigerus Hook.","Croton setiger Hook.","Croton setiger"
"Croton sp.","Croton sp.","Croton sp."
"Croton spp.","Croton spp.","Croton sp."
"Croton texensis (Klotzsch) Müll. Arg.","Croton texensis (Klotzsch) Müll.Arg.","Croton texensis"
"Cruciata pedemontana (Bellardi) Ehrend.","Cruciata pedemontana (Bellardi) Ehrend.","Cruciata pedemontana"
"Crumia latifolia (Kindb.) Schof.","Crumia latifolia (Kindb.) Schof.","Crumia latifolia"
"Cryptantha affinis (A. Gray) Greene","Cryptantha affinis (A.Gray) Greene","Cryptantha affinis"
"Cryptantha barbigera (A. Gray) Greene","Cryptantha barbigera (A.Gray) Greene","Cryptantha barbigera"
"Cryptantha crassisepala (Torr. & A. Gray) Greene","Cryptantha crassisepala (Torr. & A.Gray) Greene","Cryptantha crassisepala"
"Cryptantha flaccida (Douglas ex Lehm.) Greene","Cryptantha flaccida (Douglas ex Lehm.) Greene","Cryptantha flaccida"
"Cryptantha gracilis Osterh.","Cryptantha gracilis Osterh.","Cryptantha gracilis"
"Cryptantha micrantha (Torr.) I.M. Johnst. var. micrantha","Cryptantha micrantha (Torr.) I.M. Johnst. var. micrantha","Cryptantha micrantha"
"Cryptantha minima Rydb.","Cryptantha minima Rydb.","Cryptantha minima"
"Cryptantha pterocarya (Torr.) Greene","Cryptantha pterocarya (Torr.) Greene","Cryptantha pterocarya"
"Cryptantha sp.","Cryptantha sp.","Cryptantha sp."
"Cryptantha spp.","Cryptantha spp.","Cryptantha sp."
"Cryptantha torreyana (A. Gray) Greene","Cryptantha torreyana (A.Gray) Greene","Cryptantha torreyana"
"Cryptantha watsonii (A. Gray) Greene","Cryptantha watsonii (A.Gray) Greene","Cryptantha watsonii"
"Cryptogramma acrostichoides R. Br.","Cryptogramma acrostichoides R.Br.","Cryptogramma acrostichoides"
"Cryptogramma sp.","Cryptogramma sp.","Cryptogramma sp."
"Cryptotaenia canadensis (L.) DC.","Cryptotaenia canadensis (L.) DC.","Cryptotaenia canadensis"
"Ctenitis latifrons (Brack.) Copeland","Ctenitis latifrons (Brack.) Copel.","Ctenitis latifrons"
"Ctenium aromaticum (Walter) Alph. Wood","Ctenium aromaticum (Walter) Alph.Wood","Ctenium aromaticum"
"Ctenium sp.","Ctenium sp.","Ctenium sp."
"Aeschynomene viscidula Michx.","Ctenodon viscidulus (Michx.) D.B.O.S.Cardoso & A.Delgado","Ctenodon viscidulus"
"Cucumis sativus L.","Cucumis sativus L.","Cucumis sativus"
"Cucumis spp.","Cucumis spp.","Cucumis sp."
"Cucurbita digitata A. Gray","Cucurbita digitata A.Gray","Cucurbita digitata"
"Cucurbita foetidissima Kunth","Cucurbita foetidissima Kunth","Cucurbita foetidissima"
"Cunila origanoides (L.) Britton","Cunila origanoides (L.) Britton","Cunila origanoides"
"Cupania americana L.","Cupania americana L.","Cupania americana"
"Cuphea carthagenensis (Jacq.) J.F. Macbr.","Cuphea carthagenensis (Jacq.) J.F.Macbr.","Cuphea carthagenensis"
"Cuphea strigulosa Kunth","Cuphea strigulosa Kunth","Cuphea strigulosa"
"Cuphea viscosissima Jacq.","Cuphea viscosissima Jacq.","Cuphea viscosissima"
"Cuscuta compacta Juss. ex Choisy","Cuscuta compacta Juss. ex Choisy","Cuscuta compacta"
"Cuscuta coryli Engelm.","Cuscuta coryli Engelm.","Cuscuta coryli"
"Cuscuta glomerata Choisy","Cuscuta glomerata Choisy","Cuscuta glomerata"
"Cuscuta gronovii Willd. ex Schult.","Cuscuta gronovii Willd. ex Schult.","Cuscuta gronovii"
"Cuscuta indecora Choisy","Cuscuta indecora Choisy","Cuscuta indecora"
"Cuscuta californica Hook. & Arn. var. breviflora Engelm.","Cuscuta occidentalis Millsp.","Cuscuta occidentalis"
"Cuscuta pentagona Engelm. var. pentagona","Cuscuta pentagona Engelm. var. pentagona","Cuscuta pentagona"
"Cuscuta salina Engelm. var. salina","Cuscuta salina Engelm. var. salina","Cuscuta salina"
"Cuscuta sp.","Cuscuta sp.","Cuscuta sp."
"Cuscuta umbellata Kunth","Cuscuta umbellata Kunth","Cuscuta umbellata"
"Cyanea floribunda E. Wimm.","Cyanea floribunda E.Wimm.","Cyanea floribunda"
"Cyanea pilosa A. Gray ssp. longipedunculata (Rock) Lammers","Cyanea pilosa subsp. longipedunculata (Rock) Lammers","Cyanea pilosa"
"Cyanea sp.","Cyanea sp.","Cyanea sp."
"Cyanthillium cinereum (L.) H. Rob.","Cyanthillium cinereum (L.) H.Rob.","Cyanthillium cinereum"
"Cyathea andina (Karst.) Domin","Cyathea andina (H.Karst.) Domin","Cyathea andina"
"Cyclospermum leptophyllum (Pers.) Sprague ex Britton & P. Wilson","Cyclospermum leptophyllum (Pers.) Sprague ex Britton & P.Wilson","Cyclospermum leptophyllum"
"Cyclospermum sp.","Cyclospermum sp.","Cyclospermum sp."
"Cydonia oblonga Mill.","Cydonia oblonga Mill.","Cydonia oblonga"
"Cylindrocolea sp.","Cylindrocolea sp.","Cylindrocolea sp."
"Cylindropuntia abysii (Hester) Backeb.","Cylindropuntia abyssi (Hester) Backeb.","Cylindropuntia abyssi"
"Cylindropuntia acanthocarpa (Engelm. & J.M. Bigelow) F.M. Knuth","Cylindropuntia acanthocarpa (Engelm. & J.M.Bigelow) F.M.Knuth","Cylindropuntia acanthocarpa"
"Cylindropuntia arbuscula (Engelm.) F.M. Knuth","Cylindropuntia arbuscula (Engelm.) F.M.Knuth","Cylindropuntia arbuscula"
"Cylindropuntia fulgida (Engelm.) F.M. Knuth","Cylindropuntia fulgida (Engelm.) F.M.Knuth","Cylindropuntia fulgida"
"Cylindropuntia fulgida (Engelm.) F.M. Knuth var. mamillata (Schott ex Engelm.) Backeb.","Cylindropuntia fulgida var. mamillata (A.Schott ex Engelm.) Backeb.","Cylindropuntia fulgida"
"Cylindropuntia fulgida (Engelm.) F.M. Knuth var. fulgida","Cylindropuntia fulgida var. fulgida","Cylindropuntia fulgida"
"Cylindropuntia spinosior (Engelm.) F.M. Knuth","Cylindropuntia imbricata subsp. spinosior (Engelm.) M.A.Baker, Cloud-H. & Majure","Cylindropuntia imbricata"
"Cylindropuntia imbricata (Haw.) F.M. Knuth","Cylindropuntia imbricata (Haw.) F.M.Knuth","Cylindropuntia imbricata"
"Cylindropuntia leptocaulis (DC.) F.M. Knuth","Cylindropuntia leptocaulis (DC.) F.M.Knuth","Cylindropuntia leptocaulis"
"Cylindropuntia sp.","Cylindropuntia sp.","Cylindropuntia sp."
"Cylindropuntia spp.","Cylindropuntia spp.","Cylindropuntia sp."
"Cylindropuntia versicolor (Engelm. ex J.M. Coult.) F.M. Knuth","Cylindropuntia thurberi subsp. versicolor (Engelm. ex J.M.Coult.) M.A.Baker","Cylindropuntia thurberi"
"Cymbopogon citratus (DC. ex Nees) Stapf","Cymbopogon citratus (DC.) Stapf","Cymbopogon citratus"
"Cymbopogon refractus (R. Br.) A. Camus","Cymbopogon refractus (R.Br.) A.Camus","Cymbopogon refractus"
"Oreoxis alpina (A. Gray) J.M. Coult. & Rose","Cymopterus alpinus A.Gray","Cymopterus alpinus"
"Cymopterus acaulis (Pursh) Raf.","Cymopterus glomeratus (Nutt.) DC.","Cymopterus glomeratus"
"Pseudocymopterus montanus (A. Gray) J.M. Coult. & Rose","Cymopterus lemmonii (J.M.Coult. & Rose) Dorn","Cymopterus lemmonii"
"Cymopterus longipes S. Watson","Cymopterus longipes S.Watson","Cymopterus longipes"
"Cymopterus newberryi (S. Watson) M.E. Jones","Cymopterus newberryi (S.Watson) M.E.Jones","Cymopterus newberryi"
"Cymopterus sp.","Cymopterus sp.","Cymopterus sp."
"Cymopterus spp.","Cymopterus spp.","Cymopterus sp."
"Cynanchum laeve (Michx.) Pers.","Cynanchum laeve (Michx.) Pers.","Cynanchum laeve"
"Cynodon dactylon (L.) Pers.","Cynodon dactylon (L.) Pers.","Cynodon dactylon"
"Cynodon nlemfuensis Vanderyst","Cynodon nlemfuensis Vanderyst","Cynodon nlemfuensis"
"Cynodon nlemfuensis Vanderyst var. robustus W.D. Clayton & Harlan","Cynodon nlemfuensis Vanderyst","Cynodon nlemfuensis"
"Cynodon sp.","Cynodon sp.","Cynodon sp."
"Cynoglossum officinale L.","Cynoglossum officinale L.","Cynoglossum officinale"
"Cynoglossum sp.","Cynoglossum sp.","Cynoglossum sp."
"Cynoglossum virginianum L. var. virginianum","Cynoglossum virginianum L. var. virginianum","Cynoglossum virginianum"
"Cynosurus echinatus L.","Cynosurus echinatus L.","Cynosurus echinatus"
"Cyperus acuminatus Torr. & Hook. ex Torr.","Cyperus acuminatus Torr. & Hook.","Cyperus acuminatus"
"Kyllinga brevifolia Rottb.","Cyperus brevifolius (Rottb.) Hassk.","Cyperus brevifolius"
"Cyperus compressus L.","Cyperus compressus L.","Cyperus compressus"
"Cyperus croceus Vahl","Cyperus croceus Vahl","Cyperus croceus"
"Cyperus croceus/Cyperus filiculmis/Cyperus ovatus/Cyperus retrorsus","Cyperus croceus","Cyperus croceus"
"Cyperus difformis L.","Cyperus difformis L.","Cyperus difformis"
"Cyperus distinctus Steud.","Cyperus distinctus Steud.","Cyperus distinctus"
"Cyperus echinatus (L.) Alph. Wood","Cyperus echinatus (L.) Alph.Wood","Cyperus echinatus"
"Cyperus eragrostis Lam.","Cyperus eragrostis Lam.","Cyperus eragrostis"
"Cyperus erythrorhizos Muhl.","Cyperus erythrorhizos Muhl.","Cyperus erythrorhizos"
"Cyperus esculentus L.","Cyperus esculentus L.","Cyperus esculentus"
"Cyperus esculentus L. var. leptostachyus Boeckeler","Cyperus esculentus L.","Cyperus esculentus"
"Cyperus filicinus Vahl","Cyperus filicinus Vahl","Cyperus filicinus"
"Cyperus filiformis Sw.","Cyperus filiformis Sw.","Cyperus filiformis"
"Cyperus flavescens L.","Cyperus flavescens L.","Cyperus flavescens"
"Cyperus grayi Torr.","Cyperus grayi Torr.","Cyperus grayi"
"Cyperus haspan L.","Cyperus haspan L.","Cyperus haspan"
"Kyllinga pumila Michx.","Cyperus hortensis (Salzm. ex Steud.) Dorr","Cyperus hortensis"
"Cyperus imbricatus Retz.","Cyperus imbricatus Retz.","Cyperus imbricatus"
"Cyperus iria L.","Cyperus iria L.","Cyperus iria"
"Cyperus lancastriensis Porter ex A. Gray","Cyperus lancastriensis Porter","Cyperus lancastriensis"
"Cyperus lecontei Torr. ex Steud.","Cyperus lecontei Torr. ex Steud.","Cyperus lecontei"
"Cyperus ligularis L.","Cyperus ligularis L.","Cyperus ligularis"
"Cyperus lupulinus (Spreng.) Marcks","Cyperus lupulinus (Biehler) Marcks","Cyperus lupulinus"
"Cyperus lupulinus (Spreng.) Marcks ssp. lupulinus","Cyperus lupulinus subsp. lupulinus","Cyperus lupulinus"
"Cyperus odoratus L.","Cyperus odoratus L.","Cyperus odoratus"
"Cyperus pilosus Vahl","Cyperus pilosus Vahl","Cyperus pilosus"
"Cyperus planifolius Rich.","Cyperus planifolius Rich.","Cyperus planifolius"
"Cyperus plukenetii Fernald","Cyperus plukenetii Fernald","Cyperus plukenetii"
"Cyperus polystachyos Rottb.","Cyperus polystachyos Rottb.","Cyperus polystachyos"
"Cyperus pseudovegetus Steud.","Cyperus pseudovegetus Steud.","Cyperus pseudovegetus"
"Cyperus reflexus Vahl","Cyperus reflexus Vahl","Cyperus reflexus"
"Cyperus refractus Engelm. ex Boeckeler","Cyperus refractus Engelm. ex Boeckeler","Cyperus refractus"
"Cyperus retroflexus Buckley","Cyperus retroflexus Buckley","Cyperus retroflexus"
"Cyperus retrofractus (L.) Torr.","Cyperus retrofractus (L.) Torr.","Cyperus retrofractus"
"Cyperus retrorsus Chapm.","Cyperus retrorsus Chapm.","Cyperus retrorsus"
"Cyperus retrorsus Chapm. var. retrorsus","Cyperus retrorsus Chapm. var. retrorsus","Cyperus retrorsus"
"Cyperus rotundus L.","Cyperus rotundus L.","Cyperus rotundus"
"Kyllinga odorata Vahl","Cyperus sesquiflorus subsp. sesquiflorus","Cyperus sesquiflorus"
"Cyperus sp.","Cyperus sp.","Cyperus sp."
"Cyperus spp.","Cyperus spp.","Cyperus sp."
"Cyperus squarrosus L.","Cyperus squarrosus L.","Cyperus squarrosus"
"Cyperus strigosus L.","Cyperus strigosus L.","Cyperus strigosus"
"Lipocarpha micrantha (Vahl) G. Tucker","Cyperus subsquarrosus (Muhl.) Bauters","Cyperus subsquarrosus"
"Cyperus surinamensis Rottb.","Cyperus surinamensis Rottb.","Cyperus surinamensis"
"Cyperus tetragonus Elliott","Cyperus tetragonus Elliott","Cyperus tetragonus"
"Cyperus trinervis R. Br.","Cyperus trinervis R.Br.","Cyperus trinervis"
"Cyperus virens Michx.","Cyperus virens Michx.","Cyperus virens"
"Cypripedium acaule Aiton","Cypripedium acaule Aiton","Cypripedium acaule"
"Cypripedium parviflorum Salisb. var. parviflorum","Cypripedium parviflorum var. parviflorum","Cypripedium parviflorum"
"Cypripedium parviflorum Salisb.","Cypripedium parviflorum Salisb.","Cypripedium parviflorum"
"Cypripedium reginae Walter","Cypripedium reginae Walter","Cypripedium reginae"
"Cypripedium sp.","Cypripedium sp.","Cypripedium sp."
"Cyrilla racemiflora L.","Cyrilla racemiflora L.","Cyrilla racemiflora"
"Cyrtandra lysiosepala (A. Gray) C.B. Clarke","Cyrtandra lysiosepala (A.Gray) C.B.Clarke","Cyrtandra lysiosepala"
"Cyrtandra paludosa Gaudich.","Cyrtandra paludosa Gaudich.","Cyrtandra paludosa"
"Cyrtandra platyphylla A. Gray","Cyrtandra platyphylla A.Gray","Cyrtandra platyphylla"
"Cyrtandra sp.","Cyrtandra sp.","Cyrtandra sp."
"Cystopteris fragilis (L.) Bernh.","Cystopteris fragilis (L.) Bernh.","Cystopteris fragilis"
"Cystopteris protrusa (Weath.) Blasdell","Cystopteris protrusa (Weath.) Blasdell","Cystopteris protrusa"
"Cystopteris sp.","Cystopteris sp.","Cystopteris sp."
"Cystopteris tenuis (Michx.) Desv.","Cystopteris tenuis (Michx.) Desv.","Cystopteris tenuis"
"Cytisus scoparius (L.) Link","Cytisus scoparius (L.) Link","Cytisus scoparius"
"Dactylis glomerata L. ssp. glomerata","Dactylis glomerata subsp. glomerata","Dactylis glomerata"
"Dactylis glomerata L.","Dactylis glomerata L.","Dactylis glomerata"
"Dactyloctenium aegyptium (L.) Willd.","Dactyloctenium aegyptium (L.) Willd.","Dactyloctenium aegyptium"
"Dactyloctenium sp.","Dactyloctenium sp.","Dactyloctenium sp."
"Dactylorhiza viridis (L.) R.M. Bateman, A.M. Pridgeon & M.W. Chase","Dactylorhiza viridis (L.) R.M.Bateman, Pridgeon & M.W.Chase","Dactylorhiza viridis"
"Dactylospora purpurascens Triebel","Dactylospora purpurascens Triebel","Dactylospora purpurascens"
"Dahlia pinnata Cav.","Dahlia pinnata Cav.","Dahlia pinnata"
"Dalea aurea Nutt. ex Pursh","Dalea aurea Nutt. ex Pursh","Dalea aurea"
"Dalea candida Michx. ex Willd.","Dalea candida Willd.","Dalea candida"
"Dalea candida Michx. ex Willd. var. oligophylla (Torr.) Shinners","Dalea candida var. oligophylla (Torr.) Shinners","Dalea candida"
"Dalea carnea (Michx.) Poir.","Dalea carnea (Michx.) Poir.","Dalea carnea"
"Dalea albida (Torr. & A. Gray) D.B. Ward","Dalea carnea var. albida (Torr. & A.Gray) Barneby","Dalea carnea"
"Dalea cylindriceps Barneby","Dalea cylindriceps Barneby","Dalea cylindriceps"
"Dalea enneandra Nutt.","Dalea enneandra Nutt.","Dalea enneandra"
"Dalea feayi (Chapm.) Barneby","Dalea feayi (Chapm.) Barneby","Dalea feayi"
"Dalea hallii A. Gray","Dalea hallii A.Gray","Dalea hallii"
"Dalea lanata Spreng.","Dalea lanata Spreng.","Dalea lanata"
"Dalea multiflora (Nutt.) Shinners","Dalea multiflora (Nutt.) Shinners","Dalea multiflora"
"Dalea nana Torr. ex A. Gray","Dalea nana Torr. ex A.Gray","Dalea nana"
"Dalea obovata (Torr. & A. Gray) Shinners","Dalea obovata (Torr. & A.Gray) Shinners","Dalea obovata"
"Dalea pinnata (J.F. Gmel.) Barneby","Dalea pinnata (J.F.Gmel.) Barneby","Dalea pinnata"
"Dalea pinnata (J.F. Gmel.) Barneby var. pinnata","Dalea pinnata var. pinnata","Dalea pinnata"
"Dalea pogonathera A. Gray","Dalea pogonathera A.Gray","Dalea pogonathera"
"Dalea purpurea Vent.","Dalea purpurea Vent.","Dalea purpurea"
"Dalea sp.","Dalea sp.","Dalea sp."
"Dalea spp.","Dalea spp.","Dalea sp."
"Dalea tenuifolia (A. Gray) Shinners","Dalea tenuifolia (A.Gray) Shinners","Dalea tenuifolia"
"Dalea tenuis (J.M. Coult.) Shinners","Dalea tenuis (J.M.Coult.) Shinners","Dalea tenuis"
"Dalea villosa (Nutt.) Spreng.","Dalea villosa (Nutt.) Spreng.","Dalea villosa"
"Dalechampia scandens L.","Dalechampia scandens L.","Dalechampia scandens"
"Danthonia californica Bol.","Danthonia californica Bol.","Danthonia californica"
"Danthonia compressa Austin","Danthonia compressa Austin","Danthonia compressa"
"Danthonia intermedia Vasey","Danthonia intermedia Vasey","Danthonia intermedia"
"Danthonia parryi Scribn.","Danthonia parryi Scribn.","Danthonia parryi"
"Danthonia sericea Nutt.","Danthonia sericea Nutt.","Danthonia sericea"
"Danthonia sp.","Danthonia sp.","Danthonia sp."
"Danthonia spicata (L.) P. Beauv. ex Roem. & Schult.","Danthonia spicata (L.) Roem. & Schult.","Danthonia spicata"
"Danthonia unispicata (Thurb.) Munro ex Macoun","Danthonia unispicata (Thurb.) Munro ex Macoun","Danthonia unispicata"
"Dasiphora fruticosa (L.) Rydb.","Dasiphora fruticosa (L.) Rydb.","Dasiphora fruticosa"
"Dasiphora fruticosa (L.) Rydb. ssp. floribunda (Pursh) Kartesz","Dasiphora fruticosa var. fruticosa","Dasiphora fruticosa"
"Dasistoma macrophylla (Nutt.) Raf.","Dasistoma macrophylla (Nutt.) Raf.","Dasistoma macrophylla"
"Datura sp.","Datura sp.","Datura sp."
"Datura stramonium L.","Datura stramonium L.","Datura stramonium"
"Datura wrightii Regel","Datura wrightii Regel","Datura wrightii"
"Daucus carota L.","Daucus carota L.","Daucus carota"
"Daucus pusillus Michx.","Daucus pusillus Michx.","Daucus pusillus"
"Daucus sp.","Daucus sp.","Daucus sp."
"Decodon sp.","Decodon sp.","Decodon sp."
"Decodon verticillatus (L.) Elliott","Decodon verticillatus (L.) Elliott","Decodon verticillatus"
"Consolida ajacis (L.) Schur","Delphinium ajacis L.","Delphinium ajacis"
"Delphinium barbeyi (Huth) Huth","Delphinium barbeyi (Huth) Huth","Delphinium barbeyi"
"Delphinium bicolor Nutt.","Delphinium bicolor Nutt.","Delphinium bicolor"
"Delphinium californicum Torr. & A. Gray ssp. californicum","Delphinium californicum subsp. californicum","Delphinium californicum"
"Delphinium carolinianum Walter ssp. virescens (Nutt.) R.E. Brooks","Delphinium carolinianum subsp. virescens (Nutt.) R.E.Brooks","Delphinium carolinianum"
"Delphinium carolinianum Walter","Delphinium carolinianum Walter","Delphinium carolinianum"
"Delphinium depauperatum Nutt.","Delphinium depauperatum Nutt.","Delphinium depauperatum"
"Delphinium geyeri Greene","Delphinium geyeri Greene","Delphinium geyeri"
"Delphinium hansenii (Greene) Greene","Delphinium hansenii (Greene) Greene","Delphinium hansenii"
"Delphinium inopinum (Jeps.) F.H. Lewis & Epling","Delphinium inopinum (Jeps.) F.H.Lewis & Epling","Delphinium inopinum"
"Delphinium nuttallianum Pritz. ex Walp.","Delphinium nuttallianum Pritz. ex Walp.","Delphinium nuttallianum"
"Delphinium ×occidentale (S. Watson) S. Watson (pro sp.)","Delphinium occidentale (S.Watson) S.Watson ex Coult.","Delphinium occidentale"
"Delphinium patens Benth.","Delphinium patens Benth.","Delphinium patens"
"Delphinium scaposum Greene","Delphinium scaposum Greene","Delphinium scaposum"
"Delphinium sp.","Delphinium sp.","Delphinium sp."
"Delphinium spp.","Delphinium spp.","Delphinium sp."
"Delphinium tricorne Michx.","Delphinium tricorne Michx.","Delphinium tricorne"
"Artemisia pattersonii A. Gray","Delwiensia pattersonii (A.Gray) W.A.Weber & R.C.Wittmann","Delwiensia pattersonii"
"Dendrophthora flagelliformis (Lam.) Krug & Urb.","Dendrophthora flagelliformis (Lam.) Krug & Urb.","Dendrophthora flagelliformis"
"Dennstaedtia punctilobula (Michx.) T. Moore","Dennstaedtia punctilobula (Michx.) T.Moore","Dennstaedtia punctilobula"
"Deparia acrostichoides (Sw.) M. Kato","Deparia acrostichoides (Sw.) M.Kato","Deparia acrostichoides"
"Deschampsia cespitosa (L.) P. Beauv.","Deschampsia cespitosa (L.) P.Beauv.","Deschampsia cespitosa"
"Deschampsia danthonioides (Trin.) Munro","Deschampsia danthonioides (Trin.) Benth.","Deschampsia danthonioides"
"Deschampsia elongata (Hook.) Munro","Deschampsia elongata (Hook.) Munro","Deschampsia elongata"
"Deschampsia flexuosa (L.) Trin. var. flexuosa","Deschampsia flexuosa (L.) Trin. var. flexuosa","Deschampsia flexuosa"
"Deschampsia nubigena Hillebr.","Deschampsia nubigena Hillebr.","Deschampsia nubigena"
"Deschampsia sp.","Deschampsia sp.","Deschampsia sp."
"Descurainia californica (A. Gray) O.E. Schulz","Descurainia californica (A.Gray) O.E.Schulz","Descurainia californica"
"Descurainia incana (Bernh. ex Fisch. & C.A. Mey.) Dorn","Descurainia incana (Bernh. ex Fisch. & C.A.Mey.) Dorn","Descurainia incana"
"Descurainia pinnata (Walter) Britton","Descurainia pinnata (Walter) Britton","Descurainia pinnata"
"Descurainia sophia (L.) Webb ex Prantl","Descurainia sophia (L.) Webb ex Prantl","Descurainia sophia"
"Descurainia sp.","Descurainia sp.","Descurainia sp."
"Descurainia spp.","Descurainia spp.","Descurainia sp."
"Desmanthus cooleyi (Eaton) Trel.","Desmanthus cooleyi (Eaton) Trel. ex Branner & Coville","Desmanthus cooleyi"
"Desmanthus illinoensis (Michx.) MacMill. ex B.L. Rob. & Fernald","Desmanthus illinoensis (Michx.) MacMill. ex B.L.Rob. & Fernald","Desmanthus illinoensis"
"Desmanthus leptolobus Torr. & A. Gray","Desmanthus leptolobus Torr. & A.Gray","Desmanthus leptolobus"
"Desmanthus obtusus S. Watson","Desmanthus obtusus S.Watson","Desmanthus obtusus"
"Desmanthus pernambucanus (L.) Thell.","Desmanthus pernambucanus (L.) Thell.","Desmanthus pernambucanus"
"Desmanthus spp.","Desmanthus spp.","Desmanthus sp."
"Desmanthus sp.","Desmanthus sp.","Desmanthus sp."
"Desmanthus virgatus (L.) Willd.","Desmanthus virgatus (L.) Willd.","Desmanthus virgatus"
"Desmatodon convolutus (Brid.) Grout","Desmatodon convolutus (Brid.) Grout","Desmatodon convolutus"
"Desmodium batocaulon A. Gray","Desmodium batocaulon A.Gray","Desmodium batocaulon"
"Desmodium canadense (L.) DC.","Desmodium canadense (L.) DC.","Desmodium canadense"
"Desmodium canescens (L.) DC.","Desmodium canescens (L.) DC.","Desmodium canescens"
"Desmodium ciliare (Muhl. ex Willd.) DC.","Desmodium ciliare (Muhl. ex Willd.) DC.","Desmodium ciliare"
"Desmodium cinerascens A. Gray","Desmodium cinerascens A.Gray","Desmodium cinerascens"
"Desmodium cuspidatum (Muhl. ex Willd.) DC. ex D. Don","Desmodium cuspidatum (Muhl. ex Willd.) DC. ex G.Don","Desmodium cuspidatum"
"Desmodium fernaldii B.G. Schub.","Desmodium fernaldii B.G.Schub.","Desmodium fernaldii"
"Desmodium floridanum Chapm.","Desmodium floridanum Chapm.","Desmodium floridanum"
"Desmodium glabellum (Michx.) DC.","Desmodium glabellum (Michx.) DC.","Desmodium glabellum"
"Desmodium illinoense A. Gray","Desmodium illinoense A.Gray","Desmodium illinoense"
"Desmodium incanum DC.","Desmodium incanum (Sw.) DC.","Desmodium incanum"
"Desmodium incanum DC. var. incanum","Desmodium incanum DC. var. incanum","Desmodium incanum"
"Desmodium laevigatum (Nutt.) DC.","Desmodium laevigatum (Nutt.) DC.","Desmodium laevigatum"
"Desmodium lindheimeri Vail","Desmodium lindheimeri Vail","Desmodium lindheimeri"
"Desmodium lineatum DC.","Desmodium lineatum DC.","Desmodium lineatum"
"Desmodium marilandicum (L.) DC.","Desmodium marilandicum (L.) DC.","Desmodium marilandicum"
"Desmodium nuttallii (Schindl.) B.G. Schub.","Desmodium nuttallii (Schindl.) B.G.Schub.","Desmodium nuttallii"
"Desmodium obtusum (Muhl. ex Willd.) DC.","Desmodium obtusum (Muhl. ex Willd.) DC.","Desmodium obtusum"
"Desmodium paniculatum (L.) DC.","Desmodium paniculatum (L.) DC.","Desmodium paniculatum"
"Desmodium perplexum B.G. Schub.","Desmodium perplexum B.G.Schub.","Desmodium perplexum"
"Desmodium procumbens (Mill.) Hitchc. var. procumbens","Desmodium procumbens var. procumbens","Desmodium procumbens"
"Desmodium rotundifolium DC.","Desmodium rotundifolium DC.","Desmodium rotundifolium"
"Desmodium sessilifolium (Torr.) Torr. & A. Gray","Desmodium sessilifolium (Torr. ex M.A.Curtis) Torr. & A.Gray","Desmodium sessilifolium"
"Desmodium sp.","Desmodium sp.","Desmodium sp."
"Desmodium spp.","Desmodium spp.","Desmodium sp."
"Desmodium strictum (Pursh) DC.","Desmodium strictum (Pursh) DC.","Desmodium strictum"
"Desmodium tenuifolium Torr. & A. Gray","Desmodium tenuifolium Torr. & A.Gray","Desmodium tenuifolium"
"Desmodium tortuosum (Sw.) DC.","Desmodium tortuosum (Sw.) DC.","Desmodium tortuosum"
"Desmodium tweedyi Britton","Desmodium tweedyi Britton","Desmodium tweedyi"
"Desmodium viridiflorum (L.) DC.","Desmodium viridiflorum (L.) DC.","Desmodium viridiflorum"
"Justicia ovata (Walter) Lindau","Dianthera ovata Walter","Dianthera ovata"
"Siphonoglossa sessilis (Jacq.) D. Gibson","Dianthera sessilis (Jacq.) J.F.Gmel.","Dianthera sessilis"
"Dianthus armeria L.","Dianthus armeria L.","Dianthus armeria"
"Diapensia lapponica L.","Diapensia lapponica L.","Diapensia lapponica"
"Evax prolifera Nutt. ex DC.","Diaperia prolifera (Nutt. ex DC.) Nutt.","Diaperia prolifera"
"Evax verna Raf.","Diaperia verna (Raf.) Morefield","Diaperia verna"
"Diarrhena americana P. Beauv.","Diarrhena americana P.Beauv.","Diarrhena americana"
"Diarrhena obovata (Gleason) Brandenburg","Diarrhena obovata (Gleason) Brandenburg","Diarrhena obovata"
"Dicentra canadensis (Goldie) Walp.","Dicentra canadensis (Goldie) Walp.","Dicentra canadensis"
"Dicentra cucullaria (L.) Bernh.","Dicentra cucullaria (L.) Bernh.","Dicentra cucullaria"
"Dicentra formosa (Haw.) Walp.","Dicentra formosa (Andrews) Walp.","Dicentra formosa"
"Dicentra uniflora Kellogg","Dicentra uniflora Kellogg","Dicentra uniflora"
"Dicerandra densiflora Benth.","Dicerandra densiflora Benth.","Dicerandra densiflora"
"Dicerandra linearifolia (Elliott) Benth.","Dicerandra linearifolia (Elliott) Benth.","Dicerandra linearifolia"
"Dichaetophora campestris A. Gray","Dichaetophora campestris A.Gray","Dichaetophora campestris"
"Dichaetophora sp.","Dichaetophora sp.","Dichaetophora sp."
"Dichaetophora spp.","Dichaetophora spp.","Dichaetophora sp."
"Dichanthelium aciculare (Desv. ex Poir.) Gould & C.A. Clark","Dichanthelium aciculare (Desv.) Gould & C.A.Clark","Dichanthelium aciculare"
"Dichanthelium acuminatum (Sw.) Gould & C.A. Clark var. acuminatum","Dichanthelium acuminatum (Sw.) Gould & C.A. Clark var. acuminatum","Dichanthelium acuminatum"
"Dichanthelium acuminatum (Sw.) Gould & C.A. Clark","Dichanthelium acuminatum (Sw.) Gould & C.A.Clark","Dichanthelium acuminatum"
"Dichanthelium boreale (Nash) Freckmann","Dichanthelium boreale (Nash) Freckmann","Dichanthelium boreale"
"Dichanthelium boscii (Poir.) Gould & C.A. Clark","Dichanthelium boscii (Poir.) Gould & C.A.Clark","Dichanthelium boscii"
"Dichanthelium clandestinum (L.) Gould","Dichanthelium clandestinum (L.) Gould","Dichanthelium clandestinum"
"Dichanthelium sabulorum (Lam.) Gould & C.A. Clark var. thinium (Hitchc. & Chase) Gould & C.A. Clark","Dichanthelium columbianum (Scribn.) Freckmann","Dichanthelium columbianum"
"Dichanthelium commutatum (Schult.) Gould","Dichanthelium commutatum (Schult.) Gould","Dichanthelium commutatum"
"Dichanthelium consanguineum (Kunth) Gould & C.A. Clark","Dichanthelium consanguineum (Kunth) Gould & C.A.Clark","Dichanthelium consanguineum"
"Dichanthelium depauperatum (Muhl.) Gould","Dichanthelium depauperatum (Muhl.) Gould","Dichanthelium depauperatum"
"Dichanthelium dichotomum (L.) Gould","Dichanthelium dichotomum (L.) Gould","Dichanthelium dichotomum"
"Dichanthelium dichotomum (L.) Gould var. dichotomum","Dichanthelium dichotomum (L.) Gould var. dichotomum","Dichanthelium dichotomum"
"Dichanthelium dichotomum (L.) Gould var. ensifolium (Baldw. ex Elliott) Gould & C.A. Clark","Dichanthelium ensifolium (Baldwin ex Elliott) Gould","Dichanthelium ensifolium"
"Dichanthelium erectifolium (Nash) Gould & C.A. Clark","Dichanthelium erectifolium (Nash) Gould & C.A.Clark","Dichanthelium erectifolium"
"Dichanthelium dichotomum (L.) Gould var. glabrifolium (Nash) Gould & C.A. Clark","Dichanthelium glabrifolium (Nash) LeBlond","Dichanthelium glabrifolium"
"Dichanthelium hillebrandianum (Hitchc.) C.A. Clark & Gould","Dichanthelium hillebrandianum (Hitchc.) C.A.Clark & Gould","Dichanthelium hillebrandianum"
"Dichanthelium acuminatum (Sw.) Gould & C.A. Clark var. fasciculatum (Torr.) Freckmann","Dichanthelium lanuginosum (Elliott) Gould","Dichanthelium lanuginosum"
"Dichanthelium latifolium (L.) Gould & C.A. Clark","Dichanthelium latifolium (L.) Harvill","Dichanthelium latifolium"
"Dichanthelium laxiflorum (Lam.) Gould","Dichanthelium laxiflorum (Lam.) Gould","Dichanthelium laxiflorum"
"Dichanthelium leibergii (Vasey) Freckmann","Dichanthelium leibergii (Vasey) Freckmann","Dichanthelium leibergii"
"Dichanthelium linearifolium (Scribn. ex Nash) Gould","Dichanthelium linearifolium (Scribn.) Gould","Dichanthelium linearifolium"
"Dichanthelium malacophyllum (Nash) Gould","Dichanthelium malacophyllum (Nash) Gould","Dichanthelium malacophyllum"
"Dichanthelium oligosanthes (Schult.) Gould","Dichanthelium oligosanthes (Schult.) Gould","Dichanthelium oligosanthes"
"Dichanthelium ovale (Elliott) Gould & C.A. Clark","Dichanthelium ovale (Elliott) Gould & C.A.Clark","Dichanthelium ovale"
"Dichanthelium ovale (Elliott) Gould & C.A. Clark var. ovale","Dichanthelium ovale (Elliott) Gould & C.A. Clark var. ovale","Dichanthelium ovale"
"Dichanthelium villosissimum (Nash) Freckmann","Dichanthelium ovale subsp. villosissimum (Nash) Freckmann & Lelong","Dichanthelium ovale"
"Dichanthelium sphaerocarpon (Elliott) Gould var. isophyllum (Scribn.) Gould & C.A. Clark","Dichanthelium polyanthes (Schult.) Mohlenbr.","Dichanthelium polyanthes"
"Dichanthelium villosissimum (Nash) Freckmann var. praecocius (Hitchc. & Chase) Freckmann","Dichanthelium praecocius (Hitchc. & Chase) Mohlenbr.","Dichanthelium praecocius"
"Dichanthelium ravenelii (Scribn. & Merr.) Gould","Dichanthelium ravenelii (Scribn. & Merr.) Gould","Dichanthelium ravenelii"
"Dichanthelium scabriusculum (Elliott) Gould & C.A. Clark","Dichanthelium scabriusculum (Elliott) Gould & C.A.Clark","Dichanthelium scabriusculum"
"Dichanthelium scoparium (Lam.) Gould","Dichanthelium scoparium (Lam.) Gould","Dichanthelium scoparium"
"Dichanthelium oligosanthes (Schult.) Gould var. scribnerianum (Nash) Gould","Dichanthelium scribnerianum (Nash) J.R.Thomas","Dichanthelium scribnerianum"
"Dichanthelium sp.","Dichanthelium sp.","Dichanthelium sp."
"Dichanthelium spp.","Dichanthelium spp.","Dichanthelium sp."
"Dichanthelium sphaerocarpon (Elliott) Gould","Dichanthelium sphaerocarpon (Elliott) Gould","Dichanthelium sphaerocarpon"
"Dichanthelium strigosum (Muhl. ex Elliott) Freckmann","Dichanthelium strigosum (Muhl. ex Elliott) Freckmann","Dichanthelium strigosum"
"Dichanthelium strigosum (Muhl. ex Elliott) Freckmann var. strigosum","Dichanthelium strigosum (Muhl. ex Elliott) Freckmann var. strigosum","Dichanthelium strigosum"
"Dichanthelium dichotomum (L.) Gould var. tenue (Muhl.) Gould & C.A. Clark","Dichanthelium tenue (Muhl.) Freckmann & Lelong","Dichanthelium tenue"
"Dichanthelium villosissimum (Nash) Freckmann var. villosissimum","Dichanthelium villosissimum (Nash) Freckmann var. villosissimum","Dichanthelium villosissimum"
"Dichanthelium xanthophysum (A. Gray) Freckmann","Dichanthelium xanthophysum (A.Gray) Freckmann","Dichanthelium xanthophysum"
"Dichanthium annulatum (Forssk.) Stapf","Dichanthium annulatum (Forssk.) Stapf","Dichanthium annulatum"
"Dichanthium aristatum (Poir.) C.E. Hubbard","Dichanthium aristatum (Poir.) C.E.Hubb.","Dichanthium aristatum"
"Dichanthium spp.","Dichanthium spp.","Dichanthium sp."
"Dichanthium sp.","Dichanthium sp.","Dichanthium sp."
"Dichelostemma capitatum (Benth.) Alph. Wood ssp. capitatum","Dichelostemma capitatum (Benth.) Alph. Wood ssp. capitatum","Dichelostemma capitatum"
"Dichelostemma sp.","Dichelostemma sp.","Dichelostemma sp."
"Dichelostemma volubile (Kellogg) A. Heller","Dichelostemma volubile (Kellogg) A.Heller","Dichelostemma volubile"
"Dichondra carolinensis Michx.","Dichondra carolinensis Michx.","Dichondra carolinensis"
"Dichondra sp.","Dichondra sp.","Dichondra sp."
"Dichromanthus cinnabarinus (Llave & Lex.) Garay","Dichromanthus cinnabarinus (Lex.) Garay","Dichromanthus cinnabarinus"
"Dicliptera brachiata (Pursh) Spreng.","Dicliptera brachiata Spreng.","Dicliptera brachiata"
"Dicliptera resupinata (Vahl) Juss.","Dicliptera resupinata (Vahl) Juss.","Dicliptera resupinata"
"Dicliptera sexangularis (L.) Juss.","Dicliptera sexangularis (L.) Juss.","Dicliptera sexangularis"
"Dicoria canescens A. Gray ssp. clarkiae (Kennedy) D.D. Keck","Dicoria canescens subsp. clarkiae (P.B.Kenn.) D.D.Keck","Dicoria canescens"
"Dicranopteris linearis (Burm.) Underw.","Dicranopteris linearis (Burm.f.) Underw.","Dicranopteris linearis"
"Dicranopteris sp.","Dicranopteris sp.","Dicranopteris sp."
"Didiplis diandra (Nutt. ex DC.) Alph. Wood","Didiplis diandra (Nutt. ex DC.) Alph.Wood","Didiplis diandra"
"Diervilla lonicera Mill.","Diervilla lonicera Mill.","Diervilla lonicera"
"Machaeranthera bigelovii (A. Gray) Greene","Dieteria bigelovii (A.Gray) D.R.Morgan & R.L.Hartm.","Dieteria bigelovii"
"Machaeranthera canescens (Pursh) A. Gray","Dieteria canescens (Pursh) Nutt.","Dieteria canescens"
"Machaeranthera canescens (Pursh) A. Gray ssp. canescens var. canescens","Dieteria canescens (Pursh) Nutt.","Dieteria canescens"
"Digitalis lanata Ehrh.","Digitalis lanata Ehrh.","Digitalis lanata"
"Digitalis purpurea L.","Digitalis purpurea L.","Digitalis purpurea"
"Digitalis purpurea L. ssp. purpurea","Digitalis purpurea L. ssp. purpurea","Digitalis purpurea"
"Digitalis sp.","Digitalis sp.","Digitalis sp."
"Digitaria bicornis (Lam.) Roem. & Schult.","Digitaria bicornis (Lam.) Roem. & Schult.","Digitaria bicornis"
"Digitaria californica (Benth.) Henr.","Digitaria californica (Benth.) Henrard","Digitaria californica"
"Digitaria ciliaris (Retz.) Koeler","Digitaria ciliaris (Retz.) Koeler","Digitaria ciliaris"
"Digitaria cognata (Schult.) Pilg.","Digitaria cognata (Schult.) Pilg.","Digitaria cognata"
"Digitaria eriantha Steud.","Digitaria eriantha Steud.","Digitaria eriantha"
"Digitaria filiformis (L.) Koeler","Digitaria filiformis (L.) Koeler","Digitaria filiformis"
"Digitaria horizontalis Willd.","Digitaria horizontalis Willd.","Digitaria horizontalis"
"Digitaria ischaemum (Schreb.) Schreb. ex Muhl.","Digitaria ischaemum (Schreb.) Muhl.","Digitaria ischaemum"
"Digitaria longiflora (Retz.) Pers.","Digitaria longiflora (Retz.) Pers.","Digitaria longiflora"
"Digitaria sanguinalis (L.) Scop.","Digitaria sanguinalis (L.) Scop.","Digitaria sanguinalis"
"Digitaria setigera Roth ex Roem. & Schult.","Digitaria setigera Roth","Digitaria setigera"
"Digitaria sp.","Digitaria sp.","Digitaria sp."
"Digitaria spp.","Digitaria spp.","Digitaria sp."
"Digitaria texana Hitchc.","Digitaria texana Hitchc.","Digitaria texana"
"Digitaria villosa (Walter) Pers.","Digitaria villosa (Walter) Pers.","Digitaria villosa"
"Digitaria violascens Link","Digitaria violascens Link","Digitaria violascens"
"Dimorphocarpa wislizeni (Engelm.) Rollins","Dimorphocarpa wislizeni (Engelm.) Rollins","Dimorphocarpa wislizeni"
"Leptochloa panicea (Retz.) Ohwi ssp. brachiata (Steud.) N. Snow","Dinebra panicea subsp. brachiata (Steud.) P.M.Peterson & N.Snow","Dinebra panicea"
"Diodia sp.","Diodia sp.","Diodia sp."
"Diodia teres Walter var. teres","Diodia teres Walter var. teres","Diodia teres"
"Diodia virginiana L.","Diodia virginiana L.","Diodia virginiana"
"Diodia virginiana L. var. virginiana","Diodia virginiana L. var. virginiana","Diodia virginiana"
"Diodia virginiana L. var. latifolia Torr. & A. Gray","Diodia virginiana L.","Diodia virginiana"
"Dioscorea bulbifera L.","Dioscorea bulbifera L.","Dioscorea bulbifera"
"Dioscorea floridana Bartlett","Dioscorea floridana Bartlett","Dioscorea floridana"
"Dioscorea sp.","Dioscorea sp.","Dioscorea sp."
"Dioscorea villosa L.","Dioscorea villosa L.","Dioscorea villosa"
"Dioscorea quaternata J.F. Gmel.","Dioscorea villosa L.","Dioscorea villosa"
"Diospyros digyna Jacq.","Diospyros nigra (J.F.Gmel.) Perr.","Diospyros nigra"
"Diospyros sp.","Diospyros sp.","Diospyros sp."
"Diospyros texana Scheele","Diospyros texana Scheele","Diospyros texana"
"Diospyros virginiana L.","Diospyros virginiana L.","Diospyros virginiana"
"Mimulus whitneyi A. Gray","Diplacus bicolor (A.Gray) Hrusa","Diplacus bicolor"
"Mimulus fremontii (Benth.) A. Gray","Diplacus fremontii (Benth.) G.L.Nesom","Diplacus fremontii"
"Mimulus leptaleus A. Gray","Diplacus leptaleus (A.Gray) G.L.Nesom","Diplacus leptaleus"
"Diplazium sandwichianum (C. Presl) Diels","Diplazium sandwichianum (Hook.) Diels","Diplazium sandwichianum"
"Diplazium sp.","Diplazium sp.","Diplazium sp."
"Diplazium striatum (L.) C. Presl","Diplazium striatum (L.) C.Presl","Diplazium striatum"
"Diplopterygium pinnatum (Kunze) Nakai","Diplopterygium pinnatum (Kunze) Nakai","Diplopterygium pinnatum"
"Dipsacus laciniatus L.","Dipsacus laciniatus L.","Dipsacus laciniatus"
"Dichelostemma capitatum (Benth.) Alph. Wood ssp. pauciflorum (Torr.) G. Keator","Dipterostemon capitatus subsp. pauciflorus (Torr.) R.E.Preston","Dipterostemon capitatus"
"Dichelostemma capitatum (Benth.) Alph. Wood","Dipterostemon capitatus (Benth.) Rydb.","Dipterostemon capitatus"
"Dirca palustris L.","Dirca palustris L.","Dirca palustris"
"Leptochloa dubia (Kunth) Nees","Disakisperma dubium (Kunth) P.M.Peterson & N.Snow","Disakisperma dubium"
"Distichium capillaceum (Hedw.) Bruch & Schimp. var. capillaceum","Distichium capillaceum (Hedw.) Bruch & Schimp. var. capillaceum","Distichium capillaceum"
"Distichlis spicata (L.) Greene","Distichlis spicata (L.) Greene","Distichlis spicata"
"Merremia quinquefolia (L.) Hallier f.","Distimake quinquefolius (L.) A.R.Simões & Staples","Distimake quinquefolius"
"Ditrysinia fruticosa (W. Bartram) Govaerts & Frodin","Ditrysinia fruticosa (W.Bartram) Govaerts & Frodin","Ditrysinia fruticosa"
"Dodecatheon sp.","Dodecatheon sp.","Dodecatheon sp."
"Dodecatheon spp.","Dodecatheon spp.","Dodecatheon sp."
"Dodonaea viscosa (L.) Jacq.","Dodonaea viscosa Jacq.","Dodonaea viscosa"
"Eucephalus breweri (A. Gray) G.L. Nesom","Doellingeria breweri (A.Gray) Semple, Brouillet & G.A.Allen","Doellingeria breweri"
"Eucephalus elegans Nutt.","Doellingeria elegans (Nutt.) Semple, Brouillet & G.A.Allen","Doellingeria elegans"
"Eucephalus engelmannii (D.C. Eaton) Greene","Doellingeria engelmannii (D.C.Eaton) Semple, Brouillet & G.A.Allen","Doellingeria engelmannii"
"Doellingeria infirma (Michx.) Greene","Doellingeria infirma (Michx.) Greene","Doellingeria infirma"
"Doellingeria sp.","Doellingeria sp.","Doellingeria sp."
"Doellingeria umbellata (Mill.) Nees","Doellingeria umbellata (Mill.) Nees","Doellingeria umbellata"
"Macfadyena unguis-cati (L.) A.H. Gentry","Dolichandra unguis-cati (L.) L.G.Lohmann","Dolichandra unguis-cati"
"Draba albertina Greene","Draba albertina Greene","Draba albertina"
"Draba alpina L.","Draba alpina L.","Draba alpina"
"Draba aurea Vahl ex Hornem.","Draba aurea Vahl ex Hornem.","Draba aurea"
"Draba breweri S. Watson","Draba breweri S.Watson","Draba breweri"
"Draba breweri S. Watson var. cana (Rydb.) Rollins","Draba cana Rydb.","Draba cana"
"Draba crassa Rydb.","Draba crassa Rydb.","Draba crassa"
"Draba crassifolia Graham","Draba crassifolia Graham","Draba crassifolia"
"Draba fladnizensis Wulfen","Draba fladnizensis Wulfen","Draba fladnizensis"
"Draba grayana (Rydb.) C.L. Hitchc.","Draba grayana (Rydb.) C.L.Hitchc.","Draba grayana"
"Draba juvenilis Kom.","Draba juvenilis Kom.","Draba juvenilis"
"Draba lactea M.F. Adams","Draba lactea Adams","Draba lactea"
"Draba nemorosa L.","Draba nemorosa L.","Draba nemorosa"
"Draba sp.","Draba sp.","Draba sp."
"Draba spp.","Draba spp.","Draba sp."
"Draba streptobrachia R.A. Price","Draba streptobrachia R.A.Price","Draba streptobrachia"
"Draba streptocarpa A. Gray","Draba streptocarpa A.Gray","Draba streptocarpa"
"Draba verna L.","Draba verna L.","Draba verna"
"Sansevieria cylindrica Bojer ex Hook.","Dracaena angolensis (Welw. ex Carrière) Byng & Christenh.","Dracaena angolensis"
"Sansevieria hyacinthoides (L.) Druce","Dracaena hyacinthoides (L.) Mabb.","Dracaena hyacinthoides"
"Drepanocladus capillifolius (Warnst.) Warnst.","Drepanocladus capillifolius (Warnst.) Warnst.","Drepanocladus capillifolius"
"Drepanocladus crassicostatus Janssens","Drepanocladus crassicostatus Janssens","Drepanocladus crassicostatus"
"Drosera brevifolia Pursh","Drosera brevifolia Pursh","Drosera brevifolia"
"Drosera capillaris Poir.","Drosera capillaris Poir.","Drosera capillaris"
"Drosera rotundifolia L. var. rotundifolia","Drosera rotundifolia L. var. rotundifolia","Drosera rotundifolia"
"Drosera rotundifolia L.","Drosera rotundifolia L.","Drosera rotundifolia"
"Drosera sp.","Drosera sp.","Drosera sp."
"Dryas octopetala L. ssp. hookeriana (Juz.) Hultén","Dryas hookeriana Juz.","Dryas hookeriana"
"Dryas integrifolia Vahl","Dryas integrifolia Vahl","Dryas integrifolia"
"Dryas octopetala L.","Dryas octopetala L.","Dryas octopetala"
"Potentilla arguta Pursh","Drymocallis arguta (Pursh) Rydb.","Drymocallis arguta"
"Potentilla fissa Nutt.","Drymocallis fissa (Nutt.) Rydb.","Drymocallis fissa"
"Potentilla glandulosa Lindl. ssp. reflexa (Greene) D.D. Keck","Drymocallis glandulosa var. reflexa (Greene) Ertter","Drymocallis glandulosa"
"Potentilla glandulosa Lindl.","Drymocallis glandulosa (Lindl.) Rydb.","Drymocallis glandulosa"
"Potentilla glandulosa Lindl. ssp. nevadensis (S. Watson) D.D. Keck","Drymocallis lactea var. lactea","Drymocallis lactea"
"Dryopteris arguta (Kaulf.) Watt","Dryopteris arguta (Kaulf.) Watt","Dryopteris arguta"
"Dryopteris campyloptera Clarkson","Dryopteris campyloptera Clarkson","Dryopteris campyloptera"
"Dryopteris carthusiana (Vill.) H.P. Fuchs","Dryopteris carthusiana (Vill.) H.P.Fuchs","Dryopteris carthusiana"
"Dryopteris cristata (L.) A. Gray","Dryopteris cristata (L.) A.Gray","Dryopteris cristata"
"Dryopteris expansa (C. Presl) Fraser-Jenkins & Jermy","Dryopteris expansa (C.Presl) Fraser-Jenk. & Jermy","Dryopteris expansa"
"Dryopteris fragrans (L.) Schott","Dryopteris fragrans (L.) Schott","Dryopteris fragrans"
"Dryopteris fuscoatra (Hillebr.) W.J. Rob.","Dryopteris fuscoatra (Hillebr.) W.J.Rob.","Dryopteris fuscoatra"
"Dryopteris glabra (Brack.) Kuntze","Dryopteris glabra (Brack.) Kuntze","Dryopteris glabra"
"Dryopteris goldiana (Hook. ex Goldie) A. Gray","Dryopteris goldieana (Hook. ex Goldie) A.Gray","Dryopteris goldieana"
"Dryopteris intermedia (Muhl. ex Willd.) A. Gray","Dryopteris intermedia A.Gray","Dryopteris intermedia"
"Dryopteris marginalis (L.) A. Gray","Dryopteris marginalis (L.) A.Gray","Dryopteris marginalis"
"Nothoperanema rubiginosum (Brack.) A.R. Sm. & D. Palmer","Dryopteris rubiginosa (Brack.) Kuntze","Dryopteris rubiginosa"
"Dryopteris sandwicensis (Hook. & Arn.) C. Chr.","Dryopteris sandwicensis (Hook. & Arn.) C.Chr.","Dryopteris sandwicensis"
"Dryopteris ×separabilis Small (pro sp.)","Dryopteris separabilis Small","Dryopteris separabilis"
"Dryopteris sp.","Dryopteris sp.","Dryopteris sp."
"Dryopteris spp.","Dryopteris spp.","Dryopteris sp."
"Dryopteris wallichiana (Spreng.) Hyl.","Dryopteris wallichiana (Spreng.) Hyl.","Dryopteris wallichiana"
"Dryopteris ×boottii (Tuck.) Underw. (pro sp.)","Dryopteris × boottii (Tuck.) Underw.","Dryopteris × boottii"
"Dryopteris ×triploidea Wherry","Dryopteris × triploidea Wherry","Dryopteris × triploidea"
"Dubautia ciliolata (DC.) D.D. Keck","Dubautia ciliolata (DC.) D.D.Keck","Dubautia ciliolata"
"Dubautia scabra (DC.) D.D. Keck","Dubautia scabra (DC.) D.D.Keck","Dubautia scabra"
"Duchesnea sp.","Duchesnea sp.","Duchesnea sp."
"Dudleya cymosa (Lem.) Britton & Rose","Dudleya cymosa (Lem.) Britton & Rose","Dudleya cymosa"
"Dulichium arundinaceum (L.) Britton","Dulichium arundinaceum (L.) Britton","Dulichium arundinaceum"
"Dulichium arundinaceum (L.) Britton var. arundinaceum","Dulichium arundinaceum var. arundinaceum","Dulichium arundinaceum"
"Dupontia fisheri R. Br.","Dupontia fisheri R.Br.","Dupontia fisheri"
"Arctophila fulva (Trin.) Rupr. ex Andersson","Dupontia fulva (Trin.) Röser & Tkach","Dupontia fulva"
"Duranta erecta L.","Duranta erecta L.","Duranta erecta"
"Dyschoriste angusta (A. Gray) Small","Dyschoriste angusta (A.Gray) Small","Dyschoriste angusta"
"Dyschoriste linearis (Torr. & A. Gray) Kuntze","Dyschoriste linearis (Torr. & A.Gray) Kuntze","Dyschoriste linearis"
"Dyschoriste linearis (Torr. & A. Gray) Kuntze var. linearis","Dyschoriste linearis (Torr. & A. Gray) Kuntze var. linearis","Dyschoriste linearis"
"Dyschoriste oblongifolia (Michx.) Kuntze","Dyschoriste oblongifolia (Michx.) Kuntze","Dyschoriste oblongifolia"
"Dyschoriste sp.","Dyschoriste sp.","Dyschoriste sp."
"Dysodiopsis tagetoides (Torr. & A. Gray) Rydb.","Dysodiopsis tagetoides Rydb.","Dysodiopsis tagetoides"
"Dysphania ambrosioides (L.) Mosyakin & Clemants","Dysphania ambrosioides (L.) Mosyakin & Clemants","Dysphania ambrosioides"
"Dysphania anthelmintica (L.) Mosyakin & Clemants","Dysphania anthelmintica (L.) Mosyakin & Clemants","Dysphania anthelmintica"
"Echinacea angustifolia DC.","Echinacea angustifolia DC.","Echinacea angustifolia"
"Echinacea purpurea (L.) Moench","Echinacea purpurea (L.) Moench","Echinacea purpurea"
"Echinacea sp.","Echinacea sp.","Echinacea sp."
"Echinocactus sp.","Echinocactus sp.","Echinocactus sp."
"Echinocereus fasciculatus (Engelm. ex B.D. Jacks.) L.D. Benson","Echinocereus fasciculatus (Engelm. ex B.D.Jacks.) L.D.Benson","Echinocereus fasciculatus"
"Echinocereus fendleri (Engelm.) Sencke ex J.N. Haage","Echinocereus fendleri (Engelm.) Sencke ex Haage","Echinocereus fendleri"
"Echinocereus reichenbachii (Terscheck ex Walp.) hort ex Haage","Echinocereus reichenbachii (Terscheck) Haage","Echinocereus reichenbachii"
"Echinocereus sp.","Echinocereus sp.","Echinocereus sp."
"Echinocereus spp.","Echinocereus spp.","Echinocereus sp."
"Echinocereus triglochidiatus Engelm.","Echinocereus triglochidiatus Engelm.","Echinocereus triglochidiatus"
"Echinocereus viridiflorus Engelm.","Echinocereus viridiflorus Engelm.","Echinocereus viridiflorus"
"Echinochloa colona (L.) Link","Echinochloa colonum (L.) Link","Echinochloa colonum"
"Echinochloa crus-galli (L.) P. Beauv.","Echinochloa crus-galli (L.) P.Beauv.","Echinochloa crus-galli"
"Echinochloa muricata (P. Beauv.) Fernald","Echinochloa muricata (P.Beauv.) Fernald","Echinochloa muricata"
"Echinochloa muricata (P. Beauv.) Fernald var. microstachya Wiegand","Echinochloa muricata (P.Beauv.) Fernald","Echinochloa muricata"
"Echinochloa sp.","Echinochloa sp.","Echinochloa sp."
"Echinochloa spp.","Echinochloa spp.","Echinochloa sp."
"Echinocystis lobata (Michx.) Torr. & A. Gray","Echinocystis lobata (Michx.) Torr. & A.Gray","Echinocystis lobata"
"Echinodorus berteroi (Spreng.) Fassett","Echinodorus berteroi (Spreng.) Fassett","Echinodorus berteroi"
"Echinodorus sp.","Echinodorus sp.","Echinodorus sp."
"Echinopepon wrightii (A. Gray) S. Watson","Echinopepon wrightii (A.Gray) S.Watson","Echinopepon wrightii"
"Prestonia agglutinata (Jacq.) Woodson","Echites agglutinatus Jacq.","Echites agglutinatus"
"Echium vulgare L.","Echium vulgare L.","Echium vulgare"
"Eclipta prostrata (L.) L.","Eclipta prostrata (L.) L.","Eclipta prostrata"
"Oldenlandia uniflora L.","Edrastima uniflora (L.) Raf.","Edrastima uniflora"
"Elaeagnus angustifolia L.","Elaeagnus angustifolia L.","Elaeagnus angustifolia"
"Elaeagnus commutata Bernh. ex Rydb.","Elaeagnus commutata Bernh. ex Rydb.","Elaeagnus commutata"
"Elaeagnus pungens Thunb.","Elaeagnus pungens Thunb.","Elaeagnus pungens"
"Elaeagnus umbellata Thunb.","Elaeagnus umbellata Thunb.","Elaeagnus umbellata"
"Cassine xylocarpa Vent.","Elaeodendron xylocarpum (Vent.) DC.","Elaeodendron xylocarpum"
"Elaphoglossum alatum Gaudich. var. parvisquamaeum (Skottsb.) W.R. Anderson & Crosby","Elaphoglossum alatum Gaudich. var. parvisquamaeum (Skottsb.) W.R. Anderson & Crosby","Elaphoglossum alatum"
"Elaphoglossum crassifolium (Gaudich.) W.R. Anderson & Crosby","Elaphoglossum crassifolium (Gaudich.) W.R.Anderson & Crosby","Elaphoglossum crassifolium"
"Elaphoglossum hirtum (Sw.) C. Chr.","Elaphoglossum hirtum (Sw.) C.Chr.","Elaphoglossum hirtum"
"Elaphoglossum pellucidum Gaudich.","Elaphoglossum micradenium (Fée) T.Moore","Elaphoglossum micradenium"
"Elaphoglossum sp.","Elaphoglossum sp.","Elaphoglossum sp."
"Elaphoglossum wawrae (Luerss.) C. Chr.","Elaphoglossum wawrae (Luerss.) C.Chr.","Elaphoglossum wawrae"
"Eleocharis acicularis (L.) Roem. & Schult.","Eleocharis acicularis (L.) Roem. & Schult.","Eleocharis acicularis"
"Eleocharis baldwinii (Torr.) Chapm.","Eleocharis baldwinii (Torr.) Chapm.","Eleocharis baldwinii"
"Eleocharis compressa Sull. var. acutisquamata (Buckley) S.G. Sm.","Eleocharis compressa var. acutisquamata (Buckley) S.G.Sm.","Eleocharis compressa"
"Eleocharis compressa Sull.","Eleocharis compressa Sull.","Eleocharis compressa"
"Eleocharis elongata Chapm.","Eleocharis elongata Chapm.","Eleocharis elongata"
"Eleocharis equisetoides (Elliott) Torr.","Eleocharis equisetoides (Elliott) Torr.","Eleocharis equisetoides"
"Eleocharis erythropoda Steud.","Eleocharis erythropoda Steud.","Eleocharis erythropoda"
"Eleocharis geniculata (L.) Roem. & Schult.","Eleocharis geniculata (L.) Roem. & Schult.","Eleocharis geniculata"
"Eleocharis interstincta (Vahl) Roem. & Schult.","Eleocharis interstincta (Vahl) Roem. & Schult.","Eleocharis interstincta"
"Eleocharis macrostachya Britton","Eleocharis macrostachya Britton","Eleocharis macrostachya"
"Eleocharis montevidensis Kunth","Eleocharis montevidensis Kunth","Eleocharis montevidensis"
"Eleocharis nitida Fernald","Eleocharis nitida Fernald","Eleocharis nitida"
"Eleocharis palustris (L.) Roem. & Schult.","Eleocharis palustris (L.) Roem. & Schult.","Eleocharis palustris"
"Eleocharis parvula (Roem. & Schult.) Link ex Bluff, Nees & Schauer","Eleocharis parvula (Roem. & Schult.) Link ex Bluff, Nees & Schauer","Eleocharis parvula"
"Eleocharis quinqueflora (Hartmann) O. Schwarz","Eleocharis quinqueflora (Hartmann) O.Schwarz","Eleocharis quinqueflora"
"Eleocharis reverchonii Svens.","Eleocharis reverchonii Svenson","Eleocharis reverchonii"
"Eleocharis sp.","Eleocharis sp.","Eleocharis sp."
"Eleocharis spp.","Eleocharis spp.","Eleocharis sp."
"Eleocharis tortilis (Link) Schult.","Eleocharis tortilis (Link) Schult.","Eleocharis tortilis"
"Elephantopus carolinianus Raeusch.","Elephantopus carolinianus Raeusch.","Elephantopus carolinianus"
"Elephantopus elatus Bertol.","Elephantopus elatus Bertol.","Elephantopus elatus"
"Elephantopus sp.","Elephantopus sp.","Elephantopus sp."
"Elephantopus tomentosus L.","Elephantopus tomentosus L.","Elephantopus tomentosus"
"Eleusine indica (L.) Gaertn.","Eleusine indica (L.) Gaertn.","Eleusine indica"
"Ellisia nyctelea (L.) L.","Ellisia nyctelea (L.) L.","Ellisia nyctelea"
"Eltroplectris calcarata (Sw.) Garay & H.R. Sweet","Eltroplectris calcarata (Sw.) Garay & H.R.Sweet","Eltroplectris calcarata"
"Elymus albicans (Scribn. & J.G. Sm.) Á. Löve","Elymus albicans (Scribn. & J.G.Sm.) Á.Löve","Elymus albicans"
"Elymus canadensis L.","Elymus canadensis L.","Elymus canadensis"
"Elymus elymoides (Raf.) Swezey","Elymus elymoides (Raf.) Swezey","Elymus elymoides"
"Elymus elymoides (Raf.) Swezey ssp. elymoides","Elymus elymoides subsp. elymoides","Elymus elymoides"
"Elymus glaucus Buckley","Elymus glaucus Buckley","Elymus glaucus"
"Elymus glaucus Buckley ssp. glaucus","Elymus glaucus subsp. glaucus","Elymus glaucus"
"Elymus hystrix L. var. hystrix","Elymus hystrix var. hystrix","Elymus hystrix"
"Elymus hystrix L.","Elymus hystrix L.","Elymus hystrix"
"Elymus lanceolatus (Scribn. & J.G. Sm.) Gould ssp. lanceolatus","Elymus lanceolatus subsp. lanceolatus","Elymus lanceolatus"
"Elymus lanceolatus (Scribn. & J.G. Sm.) Gould","Elymus lanceolatus (Scribn. & J.G.Sm.) Gould","Elymus lanceolatus"
"Elymus elymoides (Raf.) Swezey ssp. brevifolius (J.G. Sm.) Barkworth","Elymus longifolius (J.G.Sm.) Gould","Elymus longifolius"
"Elymus macgregorii R. Brooks & J.J.N. Campb.","Elymus macgregorii R.E.Brooks & J.J.N.Campb.","Elymus macgregorii"
"Elymus repens (L.) Gould","Elymus repens (L.) Gould","Elymus repens"
"Elymus riparius Wiegand","Elymus riparius Wiegand","Elymus riparius"
"Elymus scribneri (Vasey) M.E. Jones","Elymus scribneri (Vasey) M.E.Jones","Elymus scribneri"
"Pascopyrum smithii (Rydb.) Á. Löve","Elymus smithii (Rydb.) Gould","Elymus smithii"
"Elymus sp.","Elymus sp.","Elymus sp."
"Elymus spp.","Elymus spp.","Elymus sp."
"Elymus trachycaulus (Link) Gould ex Shinners ssp. trachycaulus","Elymus trachycaulus (Link) Gould ex Shinners ssp. trachycaulus","Elymus trachycaulus"
"Elymus villosus Muhl. ex Willd.","Elymus villosus Muhl. ex Willd.","Elymus villosus"
"Elymus trachycaulus (Link) Gould ex Shinners ssp. subsecundus (Link) Á. Löve & D. Löve","Elymus violaceus (Hornem.) J.Feilberg","Elymus violaceus"
"Elymus trachycaulus (Link) Gould ex Shinners","Elymus violaceus (Hornem.) J.Feilberg","Elymus violaceus"
"Elymus virginicus L.","Elymus virginicus L.","Elymus virginicus"
"Elymus glabriflorus (Vasey ex L.H. Dewey) Scribn. & C.R. Ball","Elymus virginicus L.","Elymus virginicus"
"Elymus virginicus L. var. virginicus","Elymus virginicus L. var. virginicus","Elymus virginicus"
"Elymus ×hansenii Scribn. (pro sp.)","Elymus × hansenii Scribn.","Elymus × hansenii"
"Emilia fosbergii Nicolson","Emilia fosbergii Nicolson","Emilia fosbergii"
"Emilia sonchifolia (L.) DC.","Emilia sonchifolia (L.) DC.","Emilia sonchifolia"
"Empetrum nigrum L.","Empetrum nigrum L.","Empetrum nigrum"
"Empetrum nigrum L. ssp. hermaphroditum (Lange ex Hagerup) Böcher","Empetrum nigrum subsp. nigrum","Empetrum nigrum"
"Encelia farinosa A. Gray ex Torr.","Encelia farinosa A.Gray ex Torr.","Encelia farinosa"
"Encelia frutescens (A. Gray) A. Gray","Encelia frutescens A.Gray","Encelia frutescens"
"Encelia sp.","Encelia sp.","Encelia sp."
"Enemion occidentale (Hook. & Arn.) J.R. Drumm. & Hutch.","Enemion occidentale (Hook. & Arn.) J.R.Drumm. & Hutch.","Enemion occidentale"
"Engelmannia peristenia (Raf.) Goodman & C.A. Lawson","Engelmannia peristenia (Raf.) Goodman & C.A.Lawson","Engelmannia peristenia"
"Enneapogon desvauxii Desv. ex P. Beauv.","Enneapogon desvauxii P.Beauv.","Enneapogon desvauxii"
"Enneapogon sp.","Enneapogon sp.","Enneapogon sp."
"Ephedra cutleri Peebles","Ephedra cutleri Peebles","Ephedra cutleri"
"Ephedra sp.","Ephedra sp.","Ephedra sp."
"Ephedra spp.","Ephedra spp.","Ephedra sp."
"Ephedra torreyana S. Watson","Ephedra torreyana S.Watson","Ephedra torreyana"
"Ephedra trifurca Torr. ex S. Watson","Ephedra trifurca Torr. ex S.Watson","Ephedra trifurca"
"Ephedra viridis Coville","Ephedra viridis Coville","Ephedra viridis"
"Epifagus virginiana (L.) W.P.C. Barton","Epifagus virginiana (L.) Barton","Epifagus virginiana"
"Epigaea repens L.","Epigaea repens L.","Epigaea repens"
"Chamerion angustifolium (L.) Holub","Epilobium angustifolium L.","Epilobium angustifolium"
"Chamerion angustifolium (L.) Holub ssp. circumvagum (Mosquin) Hoch","Epilobium angustifolium subsp. circumvagum Mosquin","Epilobium angustifolium"
"Epilobium brachycarpum C. Presl","Epilobium brachycarpum C.Presl","Epilobium brachycarpum"
"Epilobium ciliatum Raf. ssp. ciliatum","Epilobium ciliatum subsp. ciliatum","Epilobium ciliatum"
"Epilobium ciliatum Raf.","Epilobium ciliatum Raf.","Epilobium ciliatum"
"Epilobium ciliatum/coloratum","Epilobium ciliatum","Epilobium ciliatum"
"Epilobium coloratum Biehler","Epilobium coloratum Biehler","Epilobium coloratum"
"Epilobium davuricum Fisch. ex Hornem.","Epilobium davuricum Fisch. ex Hornem.","Epilobium davuricum"
"Epilobium strictum Muhl. ex Spreng.","Epilobium densum Raf.","Epilobium densum"
"Epilobium leptocarpum Hausskn.","Epilobium leptocarpum Hausskn.","Epilobium leptocarpum"
"Epilobium leptophyllum Raf.","Epilobium leptophyllum Raf.","Epilobium leptophyllum"
"Epilobium minutum Lindl. ex Lehm.","Epilobium minutum Lindl. ex Lehm.","Epilobium minutum"
"Epilobium palustre L.","Epilobium palustre L.","Epilobium palustre"
"Epilobium foliosum (Torr. & A. Gray) Suksd.","Epilobium ravenii Hoch & Gandhi","Epilobium ravenii"
"Epilobium saximontanum Hausskn.","Epilobium saximontanum Hausskn.","Epilobium saximontanum"
"Epilobium sp.","Epilobium sp.","Epilobium sp."
"Epilobium spp.","Epilobium spp.","Epilobium sp."
"Oenothera caespitosa Nutt.","Epilobium subdentatum (Meyen) Lievens & Hoch","Epilobium subdentatum"
"Epilobium torreyi (S. Watson) Hoch & P.H. Raven","Epilobium torreyi (S.Watson) Hoch & P.H.Raven","Epilobium torreyi"
"Epipactis helleborine (L.) Crantz","Epipactis helleborine (L.) Crantz","Epipactis helleborine"
"Equisetum arvense L.","Equisetum arvense L.","Equisetum arvense"
"Equisetum fluviatile L.","Equisetum fluviatile L.","Equisetum fluviatile"
"Equisetum hyemale L.","Equisetum hyemale L.","Equisetum hyemale"
"Equisetum laevigatum A. Braun","Equisetum laevigatum A.Braun & Engelm.","Equisetum laevigatum"
"Equisetum palustre L.","Equisetum palustre L.","Equisetum palustre"
"Equisetum hyemale L. var. affine (Engelm.) A.A. Eaton","Equisetum praealtum Raf.","Equisetum praealtum"
"Equisetum pratense Ehrh.","Equisetum pratense Ehrh.","Equisetum pratense"
"Equisetum scirpoides Michx.","Equisetum scirpoides Michx.","Equisetum scirpoides"
"Equisetum sp.","Equisetum sp.","Equisetum sp."
"Equisetum spp.","Equisetum spp.","Equisetum sp."
"Equisetum sylvaticum L.","Equisetum sylvaticum L.","Equisetum sylvaticum"
"Equisetum telmateia Ehrh.","Equisetum telmateia Ehrh.","Equisetum telmateia"
"Eragrostis barrelieri Daveau","Eragrostis barrelieri Daveau","Eragrostis barrelieri"
"Eragrostis capillaris (L.) Nees","Eragrostis capillaris (L.) Nees","Eragrostis capillaris"
"Eragrostis cilianensis (All.) Vign. ex Janchen","Eragrostis cilianensis (All.) Vignolo ex Janch.","Eragrostis cilianensis"
"Eragrostis ciliaris (L.) R. Br.","Eragrostis ciliaris (L.) R.Br.","Eragrostis ciliaris"
"Eragrostis cumingii Steud.","Eragrostis cumingii Steud.","Eragrostis cumingii"
"Eragrostis curtipedicellata Buckley","Eragrostis curtipedicellata Buckley","Eragrostis curtipedicellata"
"Eragrostis curvula (Schrad.) Nees","Eragrostis curvula (Schrad.) Nees","Eragrostis curvula"
"Eragrostis elliottii S. Watson","Eragrostis elliottii (Elliott) S.Watson","Eragrostis elliottii"
"Eragrostis erosa Scribn.","Eragrostis erosa Scribn. ex Beal","Eragrostis erosa"
"Eragrostis hirsuta (Michx.) Nees","Eragrostis hirsuta (Michx.) Nees","Eragrostis hirsuta"
"Eragrostis intermedia Hitchc.","Eragrostis intermedia Hitchc.","Eragrostis intermedia"
"Eragrostis lehmanniana Nees","Eragrostis lehmanniana Nees","Eragrostis lehmanniana"
"Eragrostis mexicana (Hornem.) Link","Eragrostis mexicana (Hornem.) Link","Eragrostis mexicana"
"Eragrostis pectinacea (Michx.) Nees ex Steud.","Eragrostis pectinacea (Michx.) Nees","Eragrostis pectinacea"
"Eragrostis pilosa (L.) P. Beauv.","Eragrostis pilosa (L.) P.Beauv.","Eragrostis pilosa"
"Eragrostis refracta (Muhl.) Scribn.","Eragrostis refracta (Muhl.) Scribn.","Eragrostis refracta"
"Eragrostis scaligera Salzm. ex Steud.","Eragrostis scaligera Steud.","Eragrostis scaligera"
"Eragrostis secundiflora J. Presl","Eragrostis secundiflora J.Presl","Eragrostis secundiflora"
"Eragrostis sessilispica Buckley","Eragrostis sessilispica Buckley","Eragrostis sessilispica"
"Eragrostis sp.","Eragrostis sp.","Eragrostis sp."
"Eragrostis spp.","Eragrostis spp.","Eragrostis sp."
"Eragrostis spectabilis (Pursh) Steud.","Eragrostis spectabilis (Pursh) Steud.","Eragrostis spectabilis"
"Eragrostis pectinacea (Michx.) Nees ex Steud. var. miserrima (Fourn.) J. Reeder","Eragrostis tephrosanthos Schult.","Eragrostis tephrosanthos"
"Erechtites hieraciifolia (L.) Raf. ex DC. var. hieraciifolia","Erechtites hieraciifolia (L.) Raf. ex DC. var. hieraciifolia","Erechtites hieraciifolia"
"Erechtites hieraciifolia (L.) Raf. ex DC.","Erechtites hieraciifolius (L.) Raf. ex DC.","Erechtites hieraciifolius"
"Erechtites sp.","Erechtites sp.","Erechtites sp."
"Erechtites valerianifolia (Link ex Spreng.) DC.","Erechtites valerianifolius (Link ex Spreng.) DC.","Erechtites valerianifolius"
"Cryptantha micrantha (Torr.) I.M. Johnst.","Eremocarya micrantha (Torr.) Greene","Eremocarya micrantha"
"Eremochloa ophiuroides (Munro) Hack.","Eremochloa ophiuroides (Munro) Hack.","Eremochloa ophiuroides"
"Eremochloa spp.","Eremochloa spp.","Eremochloa sp."
"Eremochloa sp.","Eremochloa sp.","Eremochloa sp."
"Arenaria aculeata S. Watson","Eremogone aculeata (S.Watson) Ikonn.","Eremogone aculeata"
"Arenaria congesta Nutt.","Eremogone congesta (Nutt.) Ikonn.","Eremogone congesta"
"Arenaria congesta Nutt. var. congesta","Eremogone congesta var. subcongesta (S.Watson) R.L.Hartm. & Rabeler","Eremogone congesta"
"Arenaria fendleri A. Gray","Eremogone fendleri (A.Gray) Ikonn.","Eremogone fendleri"
"Arenaria hookeri Nutt.","Eremogone hookeri (Nutt.) W.A.Weber","Eremogone hookeri"
"Camissonia chamaenerioides (A. Gray) P.H. Raven","Eremothera chamaenerioides (A.Gray) W.L.Wagner & Hoch","Eremothera chamaenerioides"
"Saccharum alopecuroides (L.) Nutt.","Erianthus alopecuroides (L.) Elliott","Erianthus alopecuroides"
"Saccharum giganteum (Walter) Pers.","Erianthus giganteus (Walter) P.Beauv.","Erianthus giganteus"
"Saccharum baldwinii Spreng.","Erianthus strictus Baldwin","Erianthus strictus"
"Eriastrum diffusum (A. Gray) H. Mason","Eriastrum diffusum (A.Gray) H.Mason","Eriastrum diffusum"
"Ericameria laricifolia (A. Gray) Shinners","Ericameria laricifolia (A.Gray) Shinners","Ericameria laricifolia"
"Ericameria nauseosa (Pall. ex Pursh) G.L. Nesom & Baird","Ericameria nauseosa (Pall. ex Pursh) G.L.Nesom & G.I.Baird","Ericameria nauseosa"
"Ericameria nauseosa (Pall. ex Pursh) G.L. Nesom & Baird ssp. nauseosa var. nauseosa","Ericameria nauseosa (Pall. ex Pursh) G.L.Nesom & G.I.Baird","Ericameria nauseosa"
"Ericameria nauseosa (Pall. ex Pursh) G.L. Nesom & Baird ssp. consimilis (Greene) G.L. Nesom & Baird var. oreophila (A. Nelson) G.L. Nesom & Baird","Ericameria nauseosa (Pall. ex Pursh) G.L.Nesom & G.I.Baird","Ericameria nauseosa"
"Ericameria nauseosa (Pall. ex Pursh) G.L. Nesom & Baird ssp. nauseosa var. glabrata (A. Gray) G.L. Nesom & Baird","Ericameria nauseosa (Pall. ex Pursh) G.L.Nesom & G.I.Baird","Ericameria nauseosa"
"Ericameria parryi (A. Gray) G.L. Nesom & Baird var. parryi","Ericameria parryi var. parryi","Ericameria parryi"
"Ericameria sp.","Ericameria sp.","Ericameria sp."
"Ericameria spp.","Ericameria spp.","Ericameria sp."
"Erigeron acris L.","Erigeron acris L.","Erigeron acris"
"Erigeron annuus (L.) Pers.","Erigeron annuus (L.) Desf","Erigeron annuus"
"Erigeron bellidiastrum Nutt.","Erigeron bellidiastrum Nutt.","Erigeron bellidiastrum"
"Conyza bonariensis (L.) Cronquist","Erigeron bonariensis L.","Erigeron bonariensis"
"Erigeron breweri A. Gray","Erigeron breweri A.Gray","Erigeron breweri"
"Conyza canadensis (L.) Cronquist","Erigeron canadensis L.","Erigeron canadensis"
"Conyza canadensis (L.) Cronquist var. pusilla (Nutt.) Cronquist","Erigeron canadensis L.","Erigeron canadensis"
"Erigeron canus A. Gray","Erigeron canus A.Gray","Erigeron canus"
"Erigeron compositus Pursh","Erigeron compositus Pursh","Erigeron compositus"
"Erigeron concinnus (Hook. & Arn.) Torr. & A. Gray","Erigeron concinnus (Hook. & Arn.) Torr. & A.Gray","Erigeron concinnus"
"Erigeron corymbosus Nutt.","Erigeron corymbosus Nutt.","Erigeron corymbosus"
"Erigeron divergens Torr. & A. Gray","Erigeron divergens Torr. & A.Gray","Erigeron divergens"
"Erigeron eximius Greene","Erigeron eximius Greene","Erigeron eximius"
"Erigeron eximius/Erigeron peregrinus callianthemus","Erigeron eximius","Erigeron eximius"
"Erigeron flagellaris A. Gray","Erigeron flagellaris A.Gray","Erigeron flagellaris"
"Conyza floribunda Kunth","Erigeron floribundus (Kunth) Sch.Bip.","Erigeron floribundus"
"Erigeron formosissimus Greene","Erigeron formosissimus Greene","Erigeron formosissimus"
"Erigeron peregrinus (Banks ex Pursh) Greene ssp. callianthemus (Greene) Cronquist","Erigeron glacialis var. glacialis","Erigeron glacialis"
"Erigeron gracilis Rydb.","Erigeron gracilis Rydb.","Erigeron gracilis"
"Erigeron simplex Greene","Erigeron grandiflorus Hook.","Erigeron grandiflorus"
"Erigeron jamaicensis L.","Erigeron jamaicensis L.","Erigeron jamaicensis"
"Erigeron lonchophyllus Hook.","Erigeron lonchophyllus Hook.","Erigeron lonchophyllus"
"Erigeron melanocephalus (A. Nelson) A. Nelson","Erigeron melanocephalus A.Nelson","Erigeron melanocephalus"
"Erigeron modestus A. Gray","Erigeron modestus A.Gray","Erigeron modestus"
"Erigeron peregrinus (Banks ex Pursh) Greene","Erigeron peregrinus Greene","Erigeron peregrinus"
"Erigeron philadelphicus L. var. philadelphicus","Erigeron philadelphicus var. philadelphicus","Erigeron philadelphicus"
"Erigeron philadelphicus L.","Erigeron philadelphicus L.","Erigeron philadelphicus"
"Erigeron pinnatisectus (A. Gray) A. Nelson","Erigeron pinnatisectus (A.Gray) A.Nelson","Erigeron pinnatisectus"
"Erigeron acris L. ssp. politus (Fr.) Schinz & R. Keller","Erigeron politus Fr.","Erigeron politus"
"Erigeron sp.","Erigeron sp.","Erigeron sp."
"Erigeron spp.","Erigeron spp.","Erigeron sp."
"Erigeron speciosus (Lindl.) DC.","Erigeron speciosus (Lindl.) DC.","Erigeron speciosus"
"Erigeron strigosus Muhl. ex Willd. var. strigosus","Erigeron strigosus var. strigosus","Erigeron strigosus"
"Erigeron strigosus Muhl. ex Willd.","Erigeron strigosus Muhl. ex Willd.","Erigeron strigosus"
"Erigeron subtrinervis Rydb. ex Porter & Britton","Erigeron subtrinervis Rydb. ex Porter & Britton","Erigeron subtrinervis"
"Erigeron vernus (L.) Torr. & A. Gray","Erigeron vernus (L.) Torr. & A.Gray","Erigeron vernus"
"Erigeron vetensis Rydb.","Erigeron vetensis Rydb.","Erigeron vetensis"
"Eriocaulon compressum Lam.","Eriocaulon compressum Lam.","Eriocaulon compressum"
"Eriocaulon decangulare L.","Eriocaulon decangulare L.","Eriocaulon decangulare"
"Eriocaulon decangulare L. var. decangulare","Eriocaulon decangulare var. decangulare","Eriocaulon decangulare"
"Eriocaulon lineare Small","Eriocaulon lineare Small","Eriocaulon lineare"
"Eriocaulon ravenelii Chapm.","Eriocaulon ravenelii Chapm.","Eriocaulon ravenelii"
"Eriocaulon sp.","Eriocaulon sp.","Eriocaulon sp."
"Eriocaulon spp.","Eriocaulon spp.","Eriocaulon sp."
"Eriochloa acuminata (J. Presl) Kunth","Eriochloa acuminata (J.Presl) Kunth","Eriochloa acuminata"
"Eriochloa sp.","Eriochloa sp.","Eriochloa sp."
"Achnatherum hymenoides (Roem. & Schult.) Barkworth","Eriocoma hymenoides (Roem. & Schult.) Rydb.","Eriocoma hymenoides"
"Achnatherum lettermanii (Vasey) Barkworth","Eriocoma lettermanii (Vasey) Romasch.","Eriocoma lettermanii"
"Achnatherum nelsonii (Scribn.) Barkworth","Eriocoma nelsonii (Scribn.) Romasch.","Eriocoma nelsonii"
"Achnatherum nelsonii (Scribn.) Barkworth ssp. dorei (Barkworth & Maze) Barkworth","Eriocoma nelsonii subsp. dorei (Barkworth & J.R.Maze) Romasch.","Eriocoma nelsonii"
"Achnatherum occidentale (Thurb.) Barkworth","Eriocoma occidentalis (Thurb. ex S.Watson) Romasch.","Eriocoma occidentalis"
"Achnatherum richardsonii (Link) Barkworth","Eriocoma richardsonii (Link) Romasch.","Eriocoma richardsonii"
"Eriogonum abertianum Torr.","Eriogonum abertianum Torr.","Eriogonum abertianum"
"Eriogonum annuum Nutt.","Eriogonum annuum Nutt.","Eriogonum annuum"
"Eriogonum corymbosum Benth. var. corymbosum","Eriogonum corymbosum var. corymbosum","Eriogonum corymbosum"
"Eriogonum corymbosum Benth.","Eriogonum corymbosum Benth.","Eriogonum corymbosum"
"Eriogonum deflexum Torr. var. deflexum","Eriogonum deflexum var. deflexum","Eriogonum deflexum"
"Eriogonum deflexum Torr.","Eriogonum deflexum Torr.","Eriogonum deflexum"
"Eriogonum effusum Nutt.","Eriogonum effusum Nutt.","Eriogonum effusum"
"Eriogonum ephedroides Reveal","Eriogonum ephedroides Reveal","Eriogonum ephedroides"
"Eriogonum flavum Nutt.","Eriogonum flavum var. flavum","Eriogonum flavum"
"Eriogonum heracleoides Nutt.","Eriogonum heracleoides Nutt.","Eriogonum heracleoides"
"Eriogonum incanum Torr. & A. Gray","Eriogonum incanum Torr. & A.Gray","Eriogonum incanum"
"Eriogonum jamesii Benth.","Eriogonum jamesii Benth.","Eriogonum jamesii"
"Eriogonum longifolium Nutt.","Eriogonum longifolium Nutt.","Eriogonum longifolium"
"Eriogonum microthecum Nutt.","Eriogonum microtheca Nutt.","Eriogonum microtheca"
"Eriogonum molestum S. Watson","Eriogonum molestum S.Watson","Eriogonum molestum"
"Eriogonum nudum Douglas ex Benth.","Eriogonum nudum Douglas ex Benth.","Eriogonum nudum"
"Eriogonum nudum Douglas ex Benth. var. indictum (Jeps.) Reveal","Eriogonum nudum var. indictum (Jeps.) Reveal","Eriogonum nudum"
"Eriogonum ovalifolium Nutt.","Eriogonum ovalifolium Nutt.","Eriogonum ovalifolium"
"Eriogonum racemosum Nutt.","Eriogonum racemosum Nutt.","Eriogonum racemosum"
"Eriogonum roseum Durand & Hilg.","Eriogonum roseum Durand & Hilg.","Eriogonum roseum"
"Eriogonum rotundifolium Benth.","Eriogonum rotundifolium Benth.","Eriogonum rotundifolium"
"Eriogonum sp.","Eriogonum sp.","Eriogonum sp."
"Eriogonum spp.","Eriogonum spp.","Eriogonum sp."
"Eriogonum spergulinum A. Gray","Eriogonum spergulinum A.Gray","Eriogonum spergulinum"
"Eriogonum thurberi Torr.","Eriogonum thurberi Torr.","Eriogonum thurberi"
"Eriogonum tomentosum Michx.","Eriogonum tomentosum Michx.","Eriogonum tomentosum"
"Eriogonum umbellatum Torr. var. umbellatum","Eriogonum umbellatum var. umbellatum","Eriogonum umbellatum"
"Eriogonum umbellatum Torr.","Eriogonum umbellatum Torr.","Eriogonum umbellatum"
"Eriogonum umbellatum Torr. var. majus Hook.","Eriogonum umbellatum var. majus Hook.","Eriogonum umbellatum"
"Eriogonum wrightii Torr. ex Benth.","Eriogonum wrightii Torr. ex Benth.","Eriogonum wrightii"
"Erioneuron pilosum (Buckley) Nash","Erioneuron pilosum (Buckley) Nash","Erioneuron pilosum"
"Eriophorum angustifolium Honck.","Eriophorum angustifolium Honck.","Eriophorum angustifolium"
"Eriophorum angustifolium Honck. ssp. angustifolium","Eriophorum angustifolium subsp. angustifolium","Eriophorum angustifolium"
"Eriophorum russeolum Fr. ex Hartm.","Eriophorum chamissonis C.A.Mey.","Eriophorum chamissonis"
"Eriophorum gracile W.D.J. Koch","Eriophorum gracile Roth","Eriophorum gracile"
"Eriophorum scheuchzeri Hoppe","Eriophorum scheuchzeri Hoppe","Eriophorum scheuchzeri"
"Eriophorum sp.","Eriophorum sp.","Eriophorum sp."
"Eriophorum tenellum Nutt.","Eriophorum tenellum Nutt.","Eriophorum tenellum"
"Eriophorum angustifolium Honck. ssp. triste (Th. Fr.) Hultén","Eriophorum triste (Th.Fr.) Hadac & Á.Löve","Eriophorum triste"
"Eriophorum vaginatum L.","Eriophorum vaginatum L.","Eriophorum vaginatum"
"Eriophorum virginicum L.","Eriophorum virginicum L.","Eriophorum virginicum"
"Eriophyllum confertiflorum (DC.) A. Gray var. confertiflorum","Eriophyllum confertiflorum var. confertiflorum","Eriophyllum confertiflorum"
"Eriophyllum confertiflorum (DC.) A. Gray","Eriophyllum confertiflorum (DC.) A.Gray","Eriophyllum confertiflorum"
"Eriophyllum lanatum (Pursh) Forbes var. integrifolium (Hook.) Smiley","Eriophyllum lanatum var. integrifolium (Hook.) Smiley","Eriophyllum lanatum"
"Eriophyllum lanatum (Pursh) Forbes","Eriophyllum lanatum (Pursh) J.Forbes","Eriophyllum lanatum"
"Antheropeas lanosum (A. Gray) Rydb.","Eriophyllum lanosum (A.Gray) A.Gray","Eriophyllum lanosum"
"Eriophyllum sp.","Eriophyllum sp.","Eriophyllum sp."
"Erithalis fruticosa L.","Erithalis fruticosa L.","Erithalis fruticosa"
"Eritrichium nanum (Vill.) Schrad. ex Gaudin var. elongatum (Rydb.) Cronquist","Eritrichium argenteum W.Wight","Eritrichium argenteum"
"Eritrichium nanum (Vill.) Schrad. ex Gaudin","Eritrichium nanum (L.) Gaudin","Eritrichium nanum"
"Lewisia triphylla (S. Watson) B.L. Rob.","Erocallis triphylla (S.Watson) Rydb.","Erocallis triphylla"
"Erodium botrys (Cav.) Bertol.","Erodium botrys (Cav.) Bertol.","Erodium botrys"
"Erodium brachycarpum (Godr.) Thell.","Erodium brachycarpum (Godr.) Thell.","Erodium brachycarpum"
"Erodium cicutarium (L.) L'Hér. ex Aiton","Erodium cicutarium (L.) L'Hér.","Erodium cicutarium"
"Erodium cicutarium (L.) L'Hér. ex Aiton ssp. cicutarium","Erodium cicutarium (L.) L'Hér. ex Aiton ssp. cicutarium","Erodium cicutarium"
"Erodium moschatum (L.) L'Hér. ex Aiton","Erodium moschatum (L.) L'Hér.","Erodium moschatum"
"Erodium cicutarium (L.) L'Hér. ex Aiton ssp. jacquinianum (Fisch., C.A. Mey. & Avé-Lall.) Briq.","Erodium salzmannii subsp. salzmannii","Erodium salzmannii"
"Erodium sp.","Erodium sp.","Erodium sp."
"Erodium spp.","Erodium spp.","Erodium sp."
"Erodium texanum A. Gray","Erodium texanum A.Gray","Erodium texanum"
"Eruca vesicaria (L.) Cav. ssp. sativa (Mill.) Thell.","Eruca sativa Mill.","Eruca sativa"
"Eryngium aquaticum L.","Eryngium aquaticum L.","Eryngium aquaticum"
"Eryngium aromaticum Baldw.","Eryngium aromaticum Baldwin","Eryngium aromaticum"
"Eryngium prostratum Nutt. ex DC.","Eryngium prostratum Nutt. ex DC.","Eryngium prostratum"
"Eryngium sp.","Eryngium sp.","Eryngium sp."
"Eryngium yuccifolium Michx.","Eryngium yuccifolium Michx.","Eryngium yuccifolium"
"Erysimum asperum (Nutt.) DC.","Erysimum asperum (Nutt.) DC.","Erysimum asperum"
"Erysimum capitatum (Douglas ex Hook.) Greene","Erysimum capitatum (Douglas) Greene","Erysimum capitatum"
"Erysimum cheiranthoides L.","Erysimum cheiranthoides L.","Erysimum cheiranthoides"
"Erysimum inconspicuum (S. Watson) MacMill.","Erysimum inconspicuum (S.Watson) MacMill.","Erysimum inconspicuum"
"Erysimum marschallianum Andrz. ex M. Bieb.","Erysimum marschallianum Andrz. ex DC.","Erysimum marschallianum"
"Erysimum hieraciifolium L.","Erysimum odoratum Ehrh.","Erysimum odoratum"
"Erysimum repandum L.","Erysimum repandum L.","Erysimum repandum"
"Erysimum sp.","Erysimum sp.","Erysimum sp."
"Mimulus acutidens Greene","Erythranthe acutidens (Greene) G.L.Nesom","Erythranthe acutidens"
"Mimulus bicolor Hartw. ex Benth.","Erythranthe bicolor (Hartw. ex Benth.) G.L.Nesom & N.S.Fraga","Erythranthe bicolor"
"Mimulus breweri (Greene) Coville","Erythranthe breweri (Greene) G.L.Nesom & N.S.Fraga","Erythranthe breweri"
"Mimulus floribundus Lindl.","Erythranthe floribunda (Lindl.) G.L.Nesom","Erythranthe floribunda"
"Mimulus guttatus DC.","Erythranthe guttata (DC.) G.L.Nesom","Erythranthe guttata"
"Mimulus inconspicuus A. Gray","Erythranthe inconspicua (A.Gray) G.L.Nesom","Erythranthe inconspicua"
"Mimulus montioides A. Gray","Erythranthe montioides (A.Gray) N.S.Fraga","Erythranthe montioides"
"Mimulus moschatus Douglas ex Lindl.","Erythranthe moschata (Douglas ex Lindl.) G.L.Nesom","Erythranthe moschata"
"Mimulus moschatus Douglas ex Lindl. var. longiflorus A. Gray","Erythranthe moschata (Douglas ex Lindl.) G.L.Nesom","Erythranthe moschata"
"Mimulus primuloides Benth.","Erythranthe primuloides (Benth.) G.L.Nesom & N.S.Fraga","Erythranthe primuloides"
"Mimulus rubellus A. Gray","Erythranthe rubella (A.Gray) N.S.Fraga","Erythranthe rubella"
"Erythranthe spp.","Erythranthe spp.","Erythranthe sp."
"Erythranthe sp.","Erythranthe sp.","Erythranthe sp."
"Erythrina herbacea L.","Erythrina herbacea L.","Erythrina herbacea"
"Erythronium albidum Nutt.","Erythronium albidum Nutt.","Erythronium albidum"
"Erythronium americanum Ker Gawl.","Erythronium americanum Ker Gawl.","Erythronium americanum"
"Erythronium grandiflorum Pursh","Erythronium grandiflorum Pursh","Erythronium grandiflorum"
"Erythronium rostratum W. Wolf","Erythronium rostratum W.Wolf","Erythronium rostratum"
"Erythronium umbilicatum Parks & Hardin ssp. umbilicatum","Erythronium umbilicatum subsp. umbilicatum","Erythronium umbilicatum"
"Erythronium umbilicatum Parks & Hardin","Erythronium umbilicatum C.R.Parks & Hardin","Erythronium umbilicatum"
"Erythroxylum areolatum L.","Erythroxylum areolatum L.","Erythroxylum areolatum"
"Erythroxylum brevipes DC.","Erythroxylum brevipes DC.","Erythroxylum brevipes"
"Erythroxylum rotundifolium Lunan","Erythroxylum rotundifolium Lunan","Erythroxylum rotundifolium"
"Erythroxylum rufum Cav.","Erythroxylum rufum Cav.","Erythroxylum rufum"
"Eschscholzia caespitosa Benth.","Eschscholzia caespitosa Benth.","Eschscholzia caespitosa"
"Eschscholzia californica Cham.","Eschscholzia californica Cham.","Eschscholzia californica"
"Eschscholzia californica Cham. ssp. mexicana (Greene) C. Clark","Eschscholzia californica subsp. mexicana (Greene) C.Clark","Eschscholzia californica"
"Eschscholzia californica Cham. ssp. californica","Eschscholzia californica subsp. californica","Eschscholzia californica"
"Eschscholzia glyptosperma Greene","Eschscholzia glyptosperma Greene","Eschscholzia glyptosperma"
"Eschscholzia lobbii Greene","Eschscholzia lobbii Greene","Eschscholzia lobbii"
"Eschscholzia sp.","Eschscholzia sp.","Eschscholzia sp."
"Escobaria vivipara (Nutt.) Buxbaum var. vivipara","Escobaria vivipara (Nutt.) Buxbaum var. vivipara","Escobaria vivipara"
"Eubotrys racemosa (L.) Nutt.","Eubotrys racemosa (L.) Nutt.","Eubotrys racemosa"
"Eubotrys sp.","Eubotrys sp.","Eubotrys sp."
"Eucalyptus glaucescens Maiden & Blakely","Eucalyptus glaucescens Maiden & Blakely","Eucalyptus glaucescens"
"Eucephalus sp.","Eucephalus sp.","Eucephalus sp."
"Eucrypta micrantha (Torr.) A. Heller","Eucrypta micrantha (Torr.) A.Heller","Eucrypta micrantha"
"Eugenia axillaris (Sw.) Willd.","Eugenia axillaris (Sw.) Willd.","Eugenia axillaris"
"Eugenia foetida Pers.","Eugenia foetida Pers.","Eugenia foetida"
"Eugenia ligustrina (Sw.) Willd.","Eugenia ligustrina (Sw.) Willd.","Eugenia ligustrina"
"Eugenia monticola (Sw.) DC.","Eugenia monticola (Sw.) DC.","Eugenia monticola"
"Eugenia rhombea (Berg) Krug & Urb.","Eugenia rhombea (O.Berg) Krug & Urb.","Eugenia rhombea"
"Eugenia sp.","Eugenia sp.","Eugenia sp."
"Pseudanamomis umbellulifera (Kunth) Kausel","Eugenia umbellulifera (Kunth) Krug & Urb.","Eugenia umbellulifera"
"Camissonia californica (Nutt. ex Torr. & A. Gray) P.H. Raven","Eulobus californicus Nutt.","Eulobus californicus"
"Pteroglossaspis ecristata (Fernald) Rolfe","Eulophia ecristata (Fernald) Ames","Eulophia ecristata"
"Oeceoclades maculata (Lindl.) Lindl.","Eulophia maculata (Lindl.) Rchb.f.","Eulophia maculata"
"Euonymus alatus (Thunb.) Siebold","Euonymus alatus (Thunb.) Siebold","Euonymus alatus"
"Euonymus americanus L.","Euonymus americanus L.","Euonymus americanus"
"Euonymus atropurpureus Jacq.","Euonymus atropurpureus Jacq.","Euonymus atropurpureus"
"Euonymus fortunei (Turcz.) Hand.-Maz.","Euonymus fortunei (Turcz.) Hand.-Mazz.","Euonymus fortunei"
"Euonymus fortunei (Turcz.) Hand.-Maz. var. fortunei","Euonymus fortunei var. fortunei","Euonymus fortunei"
"Euonymus sp.","Euonymus sp.","Euonymus sp."
"Euonymus alatus (Thunb.) Siebold var. alatus","Euonymus verrucosoides Loes.","Euonymus verrucosoides"
"Eupatorium album L.","Eupatorium album L.","Eupatorium album"
"Eupatorium album L. var. album","Eupatorium album L. var. album","Eupatorium album"
"Eupatorium altissimum L.","Eupatorium altissimum L.","Eupatorium altissimum"
"Eupatorium capillifolium (Lam.) Small","Eupatorium capillifolium (Lam.) Small ex Porter & Britton","Eupatorium capillifolium"
"Eupatorium compositifolium Walter","Eupatorium compositifolium Walter","Eupatorium compositifolium"
"Eupatorium hyssopifolium L.","Eupatorium hyssopifolium L.","Eupatorium hyssopifolium"
"Eupatorium hyssopifolium L. var. hyssopifolium","Eupatorium hyssopifolium L. var. hyssopifolium","Eupatorium hyssopifolium"
"Eupatorium lancifolium (Torr. & A. Gray) Small","Eupatorium lancifolium Small","Eupatorium lancifolium"
"Eupatorium leptophyllum DC.","Eupatorium leptophyllum DC.","Eupatorium leptophyllum"
"Eupatorium leucolepis (DC.) Torr. & A. Gray","Eupatorium leucolepis (DC.) Torr. & A.Gray","Eupatorium leucolepis"
"Eupatorium glaucescens Elliott","Eupatorium linearifolium Walter","Eupatorium linearifolium"
"Eupatorium mohrii Greene","Eupatorium mohrii Greene","Eupatorium mohrii"
"Eupatorium ×truncatum Muhl. ex Willd. (pro sp.)","Eupatorium perfoliatum L.","Eupatorium perfoliatum"
"Eupatorium perfoliatum L.","Eupatorium perfoliatum L.","Eupatorium perfoliatum"
"Eupatorium perfoliatum L. var. perfoliatum","Eupatorium perfoliatum L. var. perfoliatum","Eupatorium perfoliatum"
"Eupatorium pilosum Walter","Eupatorium pilosum Walter","Eupatorium pilosum"
"Eupatorium ×pinnatifidum Elliott","Eupatorium pinnatifidum Elliott","Eupatorium pinnatifidum"
"Eupatorium rotundifolium L. var. ovatum (Bigelow) Torr.","Eupatorium pubescens Muhl. ex Willd.","Eupatorium pubescens"
"Eupatorium rotundifolium L.","Eupatorium rotundifolium L.","Eupatorium rotundifolium"
"Eupatorium semiserratum DC.","Eupatorium semiserratum DC.","Eupatorium semiserratum"
"Eupatorium serotinum Michx.","Eupatorium serotinum Michx.","Eupatorium serotinum"
"Eupatorium sessilifolium L.","Eupatorium sessilifolium L.","Eupatorium sessilifolium"
"Eupatorium sp.","Eupatorium sp.","Eupatorium sp."
"Eupatorium spp.","Eupatorium spp.","Eupatorium sp."
"Chamaesyce abramsiana (L.C. Wheeler) Koutnik","Euphorbia abramsiana L.C.Wheeler","Euphorbia abramsiana"
"Chamaesyce albomarginata (Torr. & A. Gray) Small","Euphorbia albomarginata Torr. & A.Gray","Euphorbia albomarginata"
"Chamaesyce arizonica (Engelm.) Arthur","Euphorbia arizonica Engelm.","Euphorbia arizonica"
"Chamaesyce articulata (Burm.) Britton","Euphorbia articulata Aubl.","Euphorbia articulata"
"Euphorbia bicolor Engelm. & A. Gray","Euphorbia bicolor Engelm. & A.Gray","Euphorbia bicolor"
"Euphorbia brachycera Engelm.","Euphorbia brachycera Engelm.","Euphorbia brachycera"
"Chamaesyce capitellata (Engelm.) Millsp.","Euphorbia capitellata Engelm.","Euphorbia capitellata"
"Chamaesyce carunculata (Waterf.) Shinners","Euphorbia carunculata Waterf.","Euphorbia carunculata"
"Chamaesyce cordifolia (Elliott) Small","Euphorbia cordifolia Elliott","Euphorbia cordifolia"
"Euphorbia corollata L.","Euphorbia corollata L.","Euphorbia corollata"
"Euphorbia cuphosperma (Engelm.) Boiss.","Euphorbia cuphosperma (Engelm.) Boiss.","Euphorbia cuphosperma"
"Euphorbia curtisii Engelm.","Euphorbia curtisii Engelm.","Euphorbia curtisii"
"Euphorbia cyparissias L.","Euphorbia cyparissias L.","Euphorbia cyparissias"
"Euphorbia davidii Subils","Euphorbia davidii Subils","Euphorbia davidii"
"Euphorbia dentata Michx.","Euphorbia dentata Michx.","Euphorbia dentata"
"Euphorbia dentata Michx. var. dentata","Euphorbia dentata Michx. var. dentata","Euphorbia dentata"
"Euphorbia discoidalis Chapm.","Euphorbia discoidalis Chapm.","Euphorbia discoidalis"
"Euphorbia esula L.","Euphorbia esula L.","Euphorbia esula"
"Euphorbia exstipulata Engelm.","Euphorbia exstipulata Engelm.","Euphorbia exstipulata"
"Chamaesyce fendleri (Torr. & A. Gray) Small","Euphorbia fendleri Torr. & A.Gray","Euphorbia fendleri"
"Chamaesyce florida (Engelm.) Millsp.","Euphorbia florida Engelm.","Euphorbia florida"
"Chamaesyce glyptosperma (Engelm.) Small","Euphorbia glyptosperma Engelm.","Euphorbia glyptosperma"
"Chamaesyce gracillima (S. Watson) Millsp.","Euphorbia gracillima S.Watson","Euphorbia gracillima"
"Euphorbia heterophylla L.","Euphorbia heterophylla L.","Euphorbia heterophylla"
"Euphorbia cyathophora Murray","Euphorbia heterophylla var. cyathophora (Murray) Griseb.","Euphorbia heterophylla"
"Chamaesyce hirta (L.) Millsp.","Euphorbia hirta L.","Euphorbia hirta"
"Chamaesyce hypericifolia (L.) Millsp.","Euphorbia hypericifolia L.","Euphorbia hypericifolia"
"Chamaesyce hyssopifolia (L.) Small","Euphorbia hyssopifolia L.","Euphorbia hyssopifolia"
"Chamaesyce laredana (Millsp.) Small","Euphorbia laredana Millsp.","Euphorbia laredana"
"Chamaesyce lata (Engelm.) Small","Euphorbia lata Engelm.","Euphorbia lata"
"Euphorbia longicruris Scheele","Euphorbia longicruris Scheele","Euphorbia longicruris"
"Chamaesyce maculata (L.) Small","Euphorbia maculata L.","Euphorbia maculata"
"Euphorbia marginata Pursh","Euphorbia marginata Pursh","Euphorbia marginata"
"Chamaesyce melanadenia (Torr.) Millsp.","Euphorbia melanadenia Torr. & A.Gray","Euphorbia melanadenia"
"Euphorbia mercurialina Michx.","Euphorbia mercurialina Michx.","Euphorbia mercurialina"
"Chamaesyce micromera (Boiss. ex Engelm.) Woot. & Standl.","Euphorbia micromera Boiss.","Euphorbia micromera"
"Chamaesyce missurica (Raf.) Shinners","Euphorbia missurica Raf.","Euphorbia missurica"
"Chamaesyce nutans (Lag.) Small","Euphorbia nutans Lag.","Euphorbia nutans"
"Chamaesyce parryi (Engelm.) Rydb.","Euphorbia parryi Engelm.","Euphorbia parryi"
"Chamaesyce pediculifera (Engelm.) Rose & Standl.","Euphorbia pediculifera Engelm.","Euphorbia pediculifera"
"Euphorbia petiolaris Sims","Euphorbia petiolaris Sims","Euphorbia petiolaris"
"Chamaesyce polycarpa (Benth.) Millsp. ex Parish","Euphorbia polycarpa Benth.","Euphorbia polycarpa"
"Euphorbia polyphylla Engelm. ex Holz.","Euphorbia polyphylla Engelm. ex Holz.","Euphorbia polyphylla"
"Chamaesyce prostrata (Aiton) Small","Euphorbia prostrata Aiton","Euphorbia prostrata"
"Euphorbia pubentissima Michx.","Euphorbia pubentissima Michx.","Euphorbia pubentissima"
"Chamaesyce revoluta (Engelm.) Small","Euphorbia revoluta Engelm.","Euphorbia revoluta"
"Chamaesyce serpens (Kunth) Small","Euphorbia serpens Kunth","Euphorbia serpens"
"Chamaesyce serpyllifolia (Pers.) Small","Euphorbia serpillifolia Pers.","Euphorbia serpillifolia"
"Chamaesyce serrula (Engelm.) Woot. & Standl.","Euphorbia serrula Engelm.","Euphorbia serrula"
"Chamaesyce setiloba (Engelm. ex Torr.) J.B.S. Norton","Euphorbia setiloba Engelm. ex Torr.","Euphorbia setiloba"
"Euphorbia sp.","Euphorbia sp.","Euphorbia sp."
"Euphorbia spp.","Euphorbia spp.","Euphorbia sp."
"Euphorbia spathulata Lam.","Euphorbia spathulata Lam.","Euphorbia spathulata"
"Euphorbia tetrapora Engelm.","Euphorbia tetrapora Engelm.","Euphorbia tetrapora"
"Euphorbia texana (Millsp. ex A. Heller) Boiss.","Euphorbia texana Boiss.","Euphorbia texana"
"Chamaesyce thymifolia (L.) Millsp.","Euphorbia thymifolia L.","Euphorbia thymifolia"
"Euphorbia esula L. var. uralensis (Fisch. ex Link) Dorn","Euphorbia uralensis Fisch. ex Link","Euphorbia uralensis"
"Heliotropium racemosum Rose & Standl.","Euploca racemosa Rose & Standl.","Euploca racemosa"
"Heliotropium tenellum (Nutt.) Torr.","Euploca tenella (Nutt.) Feuillet & Halse","Euploca tenella"
"Eurya sandwicensis A. Gray","Eurya sandwicensis A.Gray","Eurya sandwicensis"
"Eurybia conspicua (Lindl.) G.L. Nesom","Eurybia conspicua (Lindl.) G.L.Nesom","Eurybia conspicua"
"Eurybia divaricata (L.) G.L. Nesom","Eurybia divaricata (L.) G.L.Nesom","Eurybia divaricata"
"Eurybia macrophylla (L.) Cass.","Eurybia macrophylla (L.) Cass.","Eurybia macrophylla"
"Eurybia merita (A. Nelson) G.L. Nesom","Eurybia merita (A.Nelson) G.L.Nesom","Eurybia merita"
"Eurybia sp.","Eurybia sp.","Eurybia sp."
"Eustachys neglecta (Nash) Nash","Eustachys neglecta (Nash) Nash","Eustachys neglecta"
"Eustachys sp.","Eustachys sp.","Eustachys sp."
"Euthamia caroliniana (L.) Greene ex Porter & Britton","Euthamia caroliniana (L.) Greene ex Porter & Britton","Euthamia caroliniana"
"Euthamia graminifolia (L.) Nutt.","Euthamia graminifolia (L.) Nutt.","Euthamia graminifolia"
"Euthamia gymnospermoides Greene","Euthamia gymnospermoides Greene","Euthamia gymnospermoides"
"Euthamia sp.","Euthamia sp.","Euthamia sp."
"Eutrema edwardsii R. Br.","Eutrema edwardsii R.Br.","Eutrema edwardsii"
"Eutrochium fistulosum (Barratt) E.E. Lamont","Eutrochium fistulosum (Barratt) E.E.Lamont","Eutrochium fistulosum"
"Eutrochium maculatum (L.) E.E. Lamont","Eutrochium maculatum (L.) E.E.Lamont","Eutrochium maculatum"
"Eutrochium maculatum (L.) E.E. Lamont var. maculatum","Eutrochium maculatum var. maculatum","Eutrochium maculatum"
"Eutrochium purpureum (L.) E.E. Lamont var. purpureum","Eutrochium purpureum var. purpureum","Eutrochium purpureum"
"Eutrochium purpureum (L.) E.E. Lamont","Eutrochium purpureum (L.) E.E.Lamont","Eutrochium purpureum"
"Eutrochium sp.","Eutrochium sp.","Eutrochium sp."
"Eutrochium steelei (E.E. Lamont) E.E. Lamont","Eutrochium steelei (E.E.Lamont) E.E.Lamont","Eutrochium steelei"
"Evolvulus alsinoides (L.) L.","Evolvulus alsinoides (L.) L.","Evolvulus alsinoides"
"Evolvulus alsinoides (L.) L. var. angustifolius Torr.","Evolvulus alsinoides (L.) L.","Evolvulus alsinoides"
"Evolvulus arizonicus A. Gray","Evolvulus arizonicus A.Gray","Evolvulus arizonicus"
"Evolvulus nuttallianus Schult.","Evolvulus nuttallianus Schult.","Evolvulus nuttallianus"
"Evolvulus sericeus Sw.","Evolvulus sericeus Sw.","Evolvulus sericeus"
"Evolvulus sp.","Evolvulus sp.","Evolvulus sp."
"Evolvulus spp.","Evolvulus spp.","Evolvulus sp."
"Exostema caribaeum (Jacq.) Schult.","Exostema caribaeum (Jacq.) Schult.","Exostema caribaeum"
"Eysenhardtia orthocarpa (A. Gray) S. Watson","Eysenhardtia orthocarpa (A.Gray) S.Watson","Eysenhardtia orthocarpa"
"Fagus grandifolia Ehrh.","Fagus grandifolia Ehrh.","Fagus grandifolia"
"Fagus sp.","Fagus sp.","Fagus sp."
"Polygonum convolvulus L.","Fallopia convolvulus (L.) Á.Löve","Fallopia convolvulus"
"Polygonum scandens L. var. cristatum (Engelm. & A. Gray) Gleason","Fallopia cristata (Engelm. & A.Gray) Holub","Fallopia cristata"
"Polygonum scandens L.","Fallopia scandens (L.) Holub","Fallopia scandens"
"Farnoldia micropsis (A. Massal.) Hertel","Farnoldia micropsis (A. Massal.) Hertel","Farnoldia micropsis"
"Fatoua villosa (Thunb.) Nakai","Fatoua villosa (Thunb.) Nakai","Fatoua villosa"
"Ferocactus sp.","Ferocactus sp.","Ferocactus sp."
"Ferocactus wislizeni (Engelm.) Britton & Rose","Ferocactus wislizeni (Engelm.) Britton & Rose","Ferocactus wislizeni"
"Festuca altaica Trin.","Festuca altaica Trin.","Festuca altaica"
"Festuca arizonica Vasey","Festuca arizonica Vasey","Festuca arizonica"
"Festuca baffinensis Polunin","Festuca baffinensis Polunin","Festuca baffinensis"
"Festuca brachyphylla Schult. ex Schult. & Schult. f.","Festuca brachyphylla Schult. & Schult.f.","Festuca brachyphylla"
"Vulpia bromoides (L.) Gray","Festuca bromoides L.","Festuca bromoides"
"Festuca idahoensis Elmer","Festuca idahoensis Elmer","Festuca idahoensis"
"Festuca idahoensis Elmer ssp. idahoensis","Festuca idahoensis subsp. idahoensis","Festuca idahoensis"
"Leucopoa kingii (S. Watson) W.A. Weber","Festuca kingii (S.Watson) Cassidy","Festuca kingii"
"Vulpia microstachys (Nutt.) Munro var. ciliata (Beal) Lonard & Gould","Festuca microstachys var. ciliata Beal","Festuca microstachys"
"Vulpia microstachys (Nutt.) Munro","Festuca microstachys Nutt.","Festuca microstachys"
"Festuca minutiflora Rydb.","Festuca minutiflora Rydb.","Festuca minutiflora"
"Vulpia myuros (L.) C.C. Gmel.","Festuca myuros L.","Festuca myuros"
"Festuca occidentalis Hook.","Festuca occidentalis Hook.","Festuca occidentalis"
"Vulpia octoflora (Walter) Rydb.","Festuca octoflora Walter","Festuca octoflora"
"Festuca rubra L.","Festuca rubra L.","Festuca rubra"
"Festuca saximontana Rydb.","Festuca saximontana Rydb.","Festuca saximontana"
"Festuca sp.","Festuca sp.","Festuca sp."
"Festuca spp.","Festuca spp.","Festuca sp."
"Festuca subverticillata (Pers.) Alexeev","Festuca subverticillata (Pers.) E.B.Alexeev","Festuca subverticillata"
"Festuca thurberi Vasey","Festuca thurberi Vasey","Festuca thurberi"
"Festuca brevipila Tracey","Festuca trachyphylla (Hack.) Hack.","Festuca trachyphylla"
"Festuca viviparoidea Krajina ex Pavlick","Festuca viviparoidea Krajina ex Pavlick","Festuca viviparoidea"
"Ficus citrifolia Mill.","Ficus citrifolia Mill.","Ficus citrifolia"
"Ficus sp.","Ficus sp.","Ficus sp."
"Logfia arizonica (A. Gray) Holub","Filago arizonica A.Gray","Filago arizonica"
"Logfia arvensis (L.) Holub","Filago arvensis L.","Filago arvensis"
"Logfia californica (Nutt.) Holub","Filago californica Nutt.","Filago californica"
"Logfia depressa (A. Gray) Holub","Filago depressa A.Gray","Filago depressa"
"Fimbristylis autumnalis (L.) Roem. & Schult.","Fimbristylis autumnalis (L.) Roem. & Schult.","Fimbristylis autumnalis"
"Fimbristylis caroliniana (Lam.) Fernald","Fimbristylis caroliniana (Lam.) Fernald","Fimbristylis caroliniana"
"Fimbristylis spathacea Roth","Fimbristylis cymosa subsp. cymosa","Fimbristylis cymosa"
"Fimbristylis dichotoma (L.) Vahl","Fimbristylis dichotoma (L.) Vahl","Fimbristylis dichotoma"
"Fimbristylis annua (All.) Roem. & Schult.","Fimbristylis dichotoma subsp. dichotoma","Fimbristylis dichotoma"
"Fimbristylis puberula (Michx.) Vahl","Fimbristylis puberula (Michx.) Vahl","Fimbristylis puberula"
"Fimbristylis schoenoides (Retz.) Vahl","Fimbristylis schoenoides (Retz.) Vahl","Fimbristylis schoenoides"
"Fimbristylis sp.","Fimbristylis sp.","Fimbristylis sp."
"Fimbristylis spp.","Fimbristylis spp.","Fimbristylis sp."
"Forestiera acuminata (Michx.) Poir.","Forestiera acuminata (Michx.) Poir.","Forestiera acuminata"
"Forestiera godfreyi L.C. Anderson","Forestiera godfreyi L.C.Anderson","Forestiera godfreyi"
"Forestiera ligustrina (Michx.) Poir.","Forestiera ligustrina (Michx.) Poir.","Forestiera ligustrina"
"Forestiera pubescens Nutt.","Forestiera pubescens Nutt.","Forestiera pubescens"
"Forestiera segregata (Jacq.) Krug & Urb.","Forestiera segregata (Jacq.) Krug & Urb.","Forestiera segregata"
"Forestiera sp.","Forestiera sp.","Forestiera sp."
"Forsythia ovata Nakai","Forsythia ovata Nakai","Forsythia ovata"
"Fouquieria splendens Engelm.","Fouquieria splendens Engelm.","Fouquieria splendens"
"Fragaria sp.","Fragaria sp.","Fragaria sp."
"Fragaria spp.","Fragaria spp.","Fragaria sp."
"Fragaria vesca L. ssp. americana (Porter) Staudt","Fragaria vesca subsp. americana (Porter) Staudt","Fragaria vesca"
"Fragaria vesca L.","Fragaria vesca L.","Fragaria vesca"
"Fragaria vesca L. ssp. bracteata (A. Heller) Staudt","Fragaria vesca subsp. bracteata (A.Heller) Staudt","Fragaria vesca"
"Fragaria vesca L. ssp. vesca","Fragaria vesca subsp. vesca","Fragaria vesca"
"Fragaria virginiana Duchesne","Fragaria virginiana subsp. virginiana","Fragaria virginiana"
"Fragaria virginiana Duchesne ssp. virginiana","Fragaria virginiana subsp. virginiana","Fragaria virginiana"
"Fragaria virginiana Duchesne ssp. glauca (S. Watson) Staudt","Fragaria virginiana subsp. glauca (S.Watson) Staudt","Fragaria virginiana"
"Frangula alnus Mill.","Frangula alnus Mill.","Frangula alnus"
"Frangula californica (Eschsch.) A. Gray ssp. cuspidata (Greene) Kartesz & Gandhi","Frangula californica subsp. cuspidata (Greene) Kartesz & Gandhi","Frangula californica"
"Frangula californica (Eschsch.) A. Gray","Frangula californica (Eschsch.) A.Gray","Frangula californica"
"Frangula caroliniana (Walter) A. Gray","Frangula caroliniana (Walter) A.Gray","Frangula caroliniana"
"Frangula purshiana (DC.) A. Gray","Frangula purshiana (DC.) A.Gray ex J.G.Cooper","Frangula purshiana"
"Frangula rubra (Greene) V. Grub.","Frangula rubra (Greene) Grubov","Frangula rubra"
"Frangula sp.","Frangula sp.","Frangula sp."
"Frasera speciosa Douglas ex Griseb.","Frasera speciosa Douglas ex Griseb.","Frasera speciosa"
"Fraxinus albicans Buckley","Fraxinus albicans Buckley","Fraxinus albicans"
"Fraxinus americana L.","Fraxinus americana L.","Fraxinus americana"
"Fraxinus americana/pennsylvanica","Fraxinus americana","Fraxinus americana"
"Fraxinus caroliniana Mill.","Fraxinus caroliniana Mill.","Fraxinus caroliniana"
"Fraxinus nigra Marshall","Fraxinus nigra Marshall","Fraxinus nigra"
"Fraxinus pennsylvanica Marshall","Fraxinus pennsylvanica Marshall","Fraxinus pennsylvanica"
"Fraxinus sp.","Fraxinus sp.","Fraxinus sp."
"Fraxinus spp.","Fraxinus spp.","Fraxinus sp."
"Fraxinus uhdei (Wenzig) Lingelsh.","Fraxinus uhdei (Wenz.) Lingelsh.","Fraxinus uhdei"
"Freesia laxa (Thunb.) Goldblatt & J.C. Manning","Freesia laxa (Thunb.) Goldblatt & J.C.Manning","Freesia laxa"
"Fremontodendron californicum (Torr.) Coville","Fremontodendron californicum (Torr.) Coville","Fremontodendron californicum"
"Freycinetia arborea Gaudich.","Freycinetia arborea Gaudich.","Freycinetia arborea"
"Fritillaria atropurpurea Nutt.","Fritillaria atropurpurea Nutt.","Fritillaria atropurpurea"
"Fritillaria micrantha A. Heller","Fritillaria micrantha A.Heller","Fritillaria micrantha"
"Fritillaria sp.","Fritillaria sp.","Fritillaria sp."
"Froelichia floridana (Nutt.) Moq.","Froelichia floridana (Nutt.) Moq.","Froelichia floridana"
"Fuirena breviseta (Coville) Coville","Fuirena breviseta (Coville) Coville","Fuirena breviseta"
"Fuirena longa Chapm.","Fuirena longa Chapm.","Fuirena longa"
"Fuirena scirpoidea Michx.","Fuirena scirpoidea Michx.","Fuirena scirpoidea"
"Fuirena simplex Vahl var. aristulata (Torr.) Kral","Fuirena simplex var. aristulata (Torr.) Kral","Fuirena simplex"
"Fuirena sp.","Fuirena sp.","Fuirena sp."
"Funastrum crispum (Benth.) Schltr.","Funastrum crispum (Benth.) Schltr.","Funastrum crispum"
"Funastrum cynanchoides (Decne.) Schltr.","Funastrum cynanchoides (Decne.) Schltr.","Funastrum cynanchoides"
"Funastrum cynanchoides (Decne.) Schltr. ssp. cynanchoides","Funastrum cynanchoides (Decne.) Schltr. ssp. cynanchoides","Funastrum cynanchoides"
"Funastrum cynanchoides (Decne.) Schltr. ssp. heterophyllum (Engelm. ex Torr.) Kartesz","Funastrum heterophyllum (Engelm. ex Torr.) Standl.","Funastrum heterophyllum"
"Funastrum sp.","Funastrum sp.","Funastrum sp."
"Lloydia serotina (L.) Salisb. ex Rchb.","Gagea serotina (L.) Ker Gawl.","Gagea serotina"
"Gaillardia aestivalis (Walter) H. Rock","Gaillardia aestivalis (Walter) H.Rock","Gaillardia aestivalis"
"Gaillardia amblyodon J. Gay","Gaillardia amblyodon J.Gay","Gaillardia amblyodon"
"Gaillardia aristata Pursh","Gaillardia aristata Pursh","Gaillardia aristata"
"Gaillardia pinnatifida Torr.","Gaillardia pinnatifida Torr.","Gaillardia pinnatifida"
"Gaillardia pulchella Foug.","Gaillardia pulchella Foug.","Gaillardia pulchella"
"Gaillardia sp.","Gaillardia sp.","Gaillardia sp."
"Gaillardia suavis (A. Gray & Engelm.) Britton & Rusby","Gaillardia suavis (A.Gray & Engelm.) E.Hall","Gaillardia suavis"
"Galactia dubia DC.","Galactia dubia DC.","Galactia dubia"
"Galactia elliottii Nutt.","Galactia elliottii Nutt.","Galactia elliottii"
"Galactia erecta (Walter) Vail","Galactia erecta (Walter) Vail","Galactia erecta"
"Galactia floridana Torr. & A. Gray","Galactia floridana Torr. & A.Gray","Galactia floridana"
"Galactia mollis Michx.","Galactia mollis Michx.","Galactia mollis"
"Galactia pinetorum Small","Galactia pinetorum Small","Galactia pinetorum"
"Galactia regularis (L.) Britton, Sterns & Poggenb.","Galactia regularis (L.) Britton, Sterns & Poggenb.","Galactia regularis"
"Galactia sp.","Galactia sp.","Galactia sp."
"Galactia spp.","Galactia spp.","Galactia sp."
"Galactia striata (Jacq.) Urb.","Galactia striata (Jacq.) Urb.","Galactia striata"
"Galactia volubilis (L.) Britton","Galactia volubilis (L.) Britton","Galactia volubilis"
"Galactia wrightii A. Gray","Galactia wrightii A.Gray","Galactia wrightii"
"Galax urceolata (Poir.) Brummitt","Galax urceolata (Poir.) Brummitt","Galax urceolata"
"Galearis spectabilis (L.) Raf.","Galearis spectabilis (L.) Raf.","Galearis spectabilis"
"Galeopsis bifida Boenn.","Galeopsis bifida Boenn.","Galeopsis bifida"
"Galeopsis sp.","Galeopsis sp.","Galeopsis sp."
"Galeopsis tetrahit L.","Galeopsis tetrahit L.","Galeopsis tetrahit"
"Galinsoga sp.","Galinsoga sp.","Galinsoga sp."
"Galium aparine L.","Galium aparine L.","Galium aparine"
"Galium asprellum Michx.","Galium asprellum Michx.","Galium asprellum"
"Galium hispidulum Michx.","Galium bermudense L.","Galium bermudense"
"Galium bifolium S. Watson","Galium bifolium S.Watson","Galium bifolium"
"Galium bolanderi A. Gray","Galium bolanderi A.Gray","Galium bolanderi"
"Galium boreale L.","Galium boreale L.","Galium boreale"
"Galium circaezans Michx.","Galium circaezans Michx.","Galium circaezans"
"Galium circaezans Michx. var. circaezans","Galium circaezans Michx. var. circaezans","Galium circaezans"
"Galium coloradoense W. Wight","Galium coloradoense W.Wight","Galium coloradoense"
"Galium concinnum Torr. & A. Gray","Galium concinnum Torr. & A.Gray","Galium concinnum"
"Galium divaricatum Pourr. ex Lam.","Galium divaricatum Pourr. ex Lam.","Galium divaricatum"
"Galium labradoricum (Wiegand) Wiegand","Galium labradoricum (Wiegand) Wiegand","Galium labradoricum"
"Galium lanceolatum Torr.","Galium lanceolatum (Torr. & A.Gray) Torr.","Galium lanceolatum"
"Galium latifolium Michx.","Galium latifolium Michx.","Galium latifolium"
"Galium mollugo L.","Galium mollugo L.","Galium mollugo"
"Galium murale (L.) All.","Galium murale (L.) All.","Galium murale"
"Galium obtusum Bigelow","Galium obtusum Bigelow","Galium obtusum"
"Galium obtusum Bigelow ssp. filifolium (Wiegand) Puff","Galium obtusum subsp. filifolium (Wiegand) Puff","Galium obtusum"
"Galium oreganum Britton","Galium oreganum Britton","Galium oreganum"
"Galium palustre L.","Galium palustre L.","Galium palustre"
"Galium parishii Hilend & J.T. Howell","Galium parishii Hilend & J.T.Howell","Galium parishii"
"Galium parisiense L.","Galium parisiense L.","Galium parisiense"
"Galium pilosum Aiton","Galium pilosum Aiton","Galium pilosum"
"Galium pilosum Aiton var. puncticulosum (Michx.) Torr. & A. Gray","Galium pilosum Aiton","Galium pilosum"
"Galium proliferum A. Gray","Galium proliferum A.Gray","Galium proliferum"
"Galium sp.","Galium sp.","Galium sp."
"Galium spp.","Galium spp.","Galium sp."
"Galium trifidum L.","Galium trifidum L.","Galium trifidum"
"Galium trifidum L. ssp. trifidum","Galium trifidum subsp. trifidum","Galium trifidum"
"Galium triflorum Michx.","Galium triflorum Michx.","Galium triflorum"
"Galium uniflorum Michx.","Galium uniflorum Michx.","Galium uniflorum"
"Galium virgatum Nutt.","Galium virgatum Nutt.","Galium virgatum"
"Gamochaeta coarctata (Willd.) Kerguélen","Gamochaeta americana (Mill.) Wedd.","Gamochaeta americana"
"Gamochaeta americana (Mill.) Weddell","Gamochaeta americana (Mill.) Wedd.","Gamochaeta americana"
"Gamochaeta falcata (Lam.) Cabrera","Gamochaeta falcata (Lam.) Cabrera","Gamochaeta falcata"
"Gamochaeta pensylvanica (Willd.) Cabrera","Gamochaeta pensylvanica (Willd.) Cabrera","Gamochaeta pensylvanica"
"Gamochaeta purpurea (L.) Cabrera","Gamochaeta purpurea (L.) Cabrera","Gamochaeta purpurea"
"Gamochaeta spp.","Gamochaeta spp.","Gamochaeta sp."
"Gamochaeta sp.","Gamochaeta sp.","Gamochaeta sp."
"Garrya elliptica Douglas ex Lindl.","Garrya elliptica Douglas ex Lindl.","Garrya elliptica"
"Gastridium phleoides (Nees & Meyen) C.E. Hubbard","Gastridium phleoides (Nees & Meyen) C.E.Hubb.","Gastridium phleoides"
"Gaultheria hispidula (L.) Muhl. ex Bigelow","Gaultheria hispidula (L.) Muhl. ex Bigelow","Gaultheria hispidula"
"Gaultheria ovatifolia A. Gray","Gaultheria ovatifolia A.Gray","Gaultheria ovatifolia"
"Gaultheria procumbens L.","Gaultheria procumbens L.","Gaultheria procumbens"
"Gaultheria shallon Pursh","Gaultheria shallon Pursh","Gaultheria shallon"
"Gaultheria sp.","Gaultheria sp.","Gaultheria sp."
"Gaura sp.","Gaura sp.","Gaura sp."
"Gaylussacia baccata (Wangenh.) K. Koch","Gaylussacia baccata (Wangenh.) K.Koch","Gaylussacia baccata"
"Gaylussacia dumosa (Andrews) Torr. & A. Gray","Gaylussacia dumosa (Andrews) Torr. & A.Gray","Gaylussacia dumosa"
"Gaylussacia frondosa (L.) Torr. & A. Gray ex Torr.","Gaylussacia frondosa (L.) Torr. & A.Gray","Gaylussacia frondosa"
"Gaylussacia mosieri Small","Gaylussacia mosieri Small","Gaylussacia mosieri"
"Gaylussacia nana (A. Gray) Small","Gaylussacia nana (A.Gray) Small","Gaylussacia nana"
"Gaylussacia sp.","Gaylussacia sp.","Gaylussacia sp."
"Gaylussacia tomentosa (A. Gray) Pursh ex Small","Gaylussacia tomentosa (A.Gray) Pursh ex Small","Gaylussacia tomentosa"
"Gaylussacia ursina (M.A. Curtis) Torr. & A. Gray ex A. Gray","Gaylussacia ursina (M.A.Curtis) Torr. & A.Gray","Gaylussacia ursina"
"Gayophytum diffusum Torr. & A. Gray ssp. parviflorum F.H. Lewis & Szweykowski","Gayophytum diffusum subsp. parviflorum F.H.Lewis & Szweyk.","Gayophytum diffusum"
"Gayophytum diffusum Torr. & A. Gray","Gayophytum diffusum Torr. & A.Gray","Gayophytum diffusum"
"Gayophytum diffusum Torr. & A. Gray ssp. diffusum","Gayophytum diffusum subsp. diffusum","Gayophytum diffusum"
"Gayophytum eriospermum Coville","Gayophytum eriospermum Coville","Gayophytum eriospermum"
"Gayophytum sp.","Gayophytum sp.","Gayophytum sp."
"Gayophytum spp.","Gayophytum spp.","Gayophytum sp."
"Gelsemium sempervirens (L.) W.T. Aiton","Gelsemium sempervirens (L.) J.St.-Hil.","Gelsemium sempervirens"
"Labordia hedyosmifolia Baill.","Geniostoma hedyosmifolium (Baill.) Byng & Christenh.","Geniostoma hedyosmifolium"
"Gentiana algida Pall.","Gentiana algida Pall.","Gentiana algida"
"Gentiana austromontana Pringle & Sharp","Gentiana austromontana J.S.Pringle & Sharp","Gentiana austromontana"
"Gentiana decora Pollard","Gentiana decora Pollard","Gentiana decora"
"Gentiana parryi Engelm.","Gentiana parryi Engelm.","Gentiana parryi"
"Gentiana prostrata Haenke","Gentiana prostrata Haenke","Gentiana prostrata"
"Gentiana puberulenta J. Pringle","Gentiana puberulenta J.S.Pringle","Gentiana puberulenta"
"Gentiana sp.","Gentiana sp.","Gentiana sp."
"Gentiana villosa L.","Gentiana villosa L.","Gentiana villosa"
"Gentianella amarella (L.) Börner ssp. acuta (Michx.) J.M. Gillett","Gentianella amarella subsp. acuta (Michx.) J.M.Gillett","Gentianella amarella"
"Gentianella propinqua (Richardson) J.M. Gillett ssp. propinqua","Gentianella propinqua subsp. propinqua","Gentianella propinqua"
"Gentianella propinqua (Richardson) J.M. Gillett","Gentianella propinqua (Richardson) J.M.Gillett","Gentianella propinqua"
"Gentianella sp.","Gentianella sp.","Gentianella sp."
"Gentianopsis barbellata (Engelm.) Iltis","Gentianopsis barbellata (Engelm.) Iltis","Gentianopsis barbellata"
"Gentianopsis sp.","Gentianopsis sp.","Gentianopsis sp."
"Licania michauxii Prance","Geobalanus oblongifolius (Michx.) Small","Geobalanus oblongifolius"
"Geocaulon lividum (Richardson) Fernald","Geocaulon lividum (Richardson) Fernald","Geocaulon lividum"
"Geranium bicknellii Britton","Geranium bicknellii Britton","Geranium bicknellii"
"Geranium caespitosum James","Geranium caespitosum E.James","Geranium caespitosum"
"Geranium carolinianum L.","Geranium carolinianum L.","Geranium carolinianum"
"Geranium columbinum L.","Geranium columbinum L.","Geranium columbinum"
"Geranium cuneatum Hook.","Geranium cuneatum Hook.","Geranium cuneatum"
"Geranium maculatum L.","Geranium maculatum L.","Geranium maculatum"
"Geranium molle L.","Geranium molle L.","Geranium molle"
"Geranium viscosissimum Fisch. & C.A. Mey. ex C.A. Mey. var. incisum (Torr. & A. Gray) N.H. Holmgren","Geranium oreganum Howell","Geranium oreganum"
"Geranium richardsonii Fisch. & Trautv.","Geranium richardsonii Fisch. & Trautv.","Geranium richardsonii"
"Geranium sp.","Geranium sp.","Geranium sp."
"Geranium spp.","Geranium spp.","Geranium sp."
"Geranium viscosissimum Fisch. & C.A. Mey. ex C.A. Mey.","Geranium viscosissimum Fisch. & C.A.Mey.","Geranium viscosissimum"
"Geum aleppicum Jacq.","Geum aleppicum Jacq.","Geum aleppicum"
"Geum canadense Jacq.","Geum canadense Jacq.","Geum canadense"
"Geum canadense Jacq. var. canadense","Geum canadense Jacq. var. canadense","Geum canadense"
"Geum glaciale Adams ex Fisch. & C.A. Mey.","Geum glaciale Adams ex Fisch.","Geum glaciale"
"Geum laciniatum Murray","Geum laciniatum Murray","Geum laciniatum"
"Geum macrophyllum Willd.","Geum macrophyllum Willd.","Geum macrophyllum"
"Geum radiatum Michx.","Geum radiatum Michx.","Geum radiatum"
"Geum rivale L.","Geum rivale L.","Geum rivale"
"Geum rossii (R. Br.) Ser.","Geum rossii (R.Br.) Ser.","Geum rossii"
"Geum rossii (R. Br.) Ser. var. turbinatum (Rydb.) C.L. Hitchc.","Geum rossii var. turbinatum (Rydb.) C.L.Hitchc.","Geum rossii"
"Geum sp.","Geum sp.","Geum sp."
"Geum spp.","Geum spp.","Geum sp."
"Geum triflorum Pursh","Geum triflorum Pursh","Geum triflorum"
"Geum triflorum Pursh var. ciliatum (Pursh) Fassett","Geum triflorum var. ciliatum (Pursh) Fassett","Geum triflorum"
"Geum virginianum L.","Geum virginianum L.","Geum virginianum"
"Gilia achilleifolia Benth.","Gilia achilleifolia Benth.","Gilia achilleifolia"
"Gilia capitata Sims","Gilia capitata Sims","Gilia capitata"
"Gilia flavocincta A. Nelson","Gilia flavocincta A.Nelson","Gilia flavocincta"
"Gilia inconspicua (Sm.) Sweet","Gilia inconspicua (Sm.) Sweet","Gilia inconspicua"
"Gilia mexicana A.D. Grant & V.E. Grant","Gilia mexicana A.D.Grant & V.E.Grant","Gilia mexicana"
"Gilia sinuata Douglas ex Benth.","Gilia sinuata Douglas ex Benth.","Gilia sinuata"
"Gilia sp.","Gilia sp.","Gilia sp."
"Gilia spp.","Gilia spp.","Gilia sp."
"Gilia tricolor Benth.","Gilia tricolor Benth.","Gilia tricolor"
"Giliastrum incisum (Benth.) J.M. Porter","Giliastrum incisum (Benth.) J.M.Porter","Giliastrum incisum"
"Gillenia trifoliata (L.) Moench","Gillenia trifoliata (L.) Moench","Gillenia trifoliata"
"Githopsis sp.","Githopsis sp.","Githopsis sp."
"Githopsis specularioides Nutt.","Githopsis specularioides Nutt.","Githopsis specularioides"
"Glechoma hederacea L.","Glechoma hederacea L.","Glechoma hederacea"
"Gleditsia sp.","Gleditsia sp.","Gleditsia sp."
"Gleditsia triacanthos L.","Gleditsia triacanthos L.","Gleditsia triacanthos"
"Glyceria canadensis (Michx.) Trin.","Glyceria canadensis (Michx.) Trin.","Glyceria canadensis"
"Glyceria declinata Brébiss.","Glyceria declinata Bréb.","Glyceria declinata"
"Glyceria grandis S. Watson","Glyceria grandis S.Watson","Glyceria grandis"
"Glyceria melicaria (Michx.) F.T. Hubbard","Glyceria melicaria (Michx.) F.T.Hubb.","Glyceria melicaria"
"Glyceria sp.","Glyceria sp.","Glyceria sp."
"Glyceria striata (Lam.) Hitchc.","Glyceria striata (Lam.) Hitchc.","Glyceria striata"
"Glycine max (L.) Merr.","Glycine max (L.) Merr.","Glycine max"
"Glycyrrhiza lepidota Pursh","Glycyrrhiza lepidota Pursh","Glycyrrhiza lepidota"
"Gnaphalium palustre Nutt.","Gnaphalium palustre Nutt.","Gnaphalium palustre"
"Gnaphalium sp.","Gnaphalium sp.","Gnaphalium sp."
"Gomphrena serrata L.","Gomphrena serrata L.","Gomphrena serrata"
"Gomphrena sonorae Torr.","Gomphrena sonorae Torr.","Gomphrena sonorae"
"Gomphrena sp.","Gomphrena sp.","Gomphrena sp."
"Matelea gonocarpos (Walter) Shinners","Gonolobus gonocarpos (Walter) L.M.Perry","Gonolobus gonocarpos"
"Goodyera oblongifolia Raf.","Goodyera oblongifolia Raf.","Goodyera oblongifolia"
"Goodyera pubescens (Willd.) R. Br.","Goodyera pubescens (Willd.) R.Br.","Goodyera pubescens"
"Goodyera repens (L.) R. Br.","Goodyera repens (L.) R.Br.","Goodyera repens"
"Goodyera tesselata Lodd.","Goodyera tesselata G.Lodd.","Goodyera tesselata"
"Gordonia lasianthus (L.) Ellis","Gordonia lasianthus (L.) Ellis","Gordonia lasianthus"
"Gordonia sp.","Gordonia sp.","Gordonia sp."
"Gossypium hirsutum L.","Gossypium hirsutum L.","Gossypium hirsutum"
"Gossypium sp.","Gossypium sp.","Gossypium sp."
"Gossypium thurberi Todaro","Gossypium thurberi Tod.","Gossypium thurberi"
"Gouania lupuloides (L.) Urb.","Gouania lupuloides (L.) Urb.","Gouania lupuloides"
"Grammitis hookeri (Brack.) Copeland","Grammitis hookeri (Brack.) Copel.","Grammitis hookeri"
"Lellingeria saffordii (Maxon) A.R. Sm. & R.C. Moran","Grammitis saffordii (Maxon) C.V.Morton","Grammitis saffordii"
"Grammitis tenella Kaulf.","Grammitis tenella Kaulf.","Grammitis tenella"
"Granulopyrenis hymnothora (Ach.) Aptroot","Granulopyrenis hymnothora (Ach.) Aptroot","Granulopyrenis hymnothora"
"Trisetum canescens Buckley","Graphephorum canescens (Buckley) Röser & Tkach","Graphephorum canescens"
"Gratiola hispida (Benth. ex Lindl.) Pollard","Gratiola hispida (Benth.) Pollard","Gratiola hispida"
"Gratiola pilosa Michx.","Gratiola pilosa Michx.","Gratiola pilosa"
"Gratiola sp.","Gratiola sp.","Gratiola sp."
"Grayia sp.","Grayia sp.","Grayia sp."
"Grimmia laevigata (Brid.) Brid.","Grimmia laevigata (Brid.) Brid.","Grimmia laevigata"
"Grindelia adenodonta (Steyerm.) G.L. Nesom","Grindelia adenodonta (Steyerm.) G.L.Nesom","Grindelia adenodonta"
"Grindelia papposa G.L. Nesom & Suh","Grindelia ciliata (Nutt.) Spreng.","Grindelia ciliata"
"Grindelia hirsutula Hook. & Arn.","Grindelia hirsutula Hook. & Arn.","Grindelia hirsutula"
"Grindelia lanceolata Nutt.","Grindelia lanceolata Nutt.","Grindelia lanceolata"
"Grindelia nuda Alph. Wood var. nuda","Grindelia nuda var. nuda","Grindelia nuda"
"Grindelia nuda Alph. Wood","Grindelia nuda Alph.Wood","Grindelia nuda"
"Grindelia sp.","Grindelia sp.","Grindelia sp."
"Grindelia squarrosa (Pursh) Dunal","Grindelia squarrosa (Pursh) Dunal","Grindelia squarrosa"
"Desmodium triflorum (L.) DC.","Grona triflora (L.) H.Ohashi & K.Ohashi","Grona triflora"
"Guaiacum officinale L.","Guaiacum officinale L.","Guaiacum officinale"
"Guaiacum sanctum L.","Guaiacum sanctum L.","Guaiacum sanctum"
"Guapira discolor (Spreng.) Little","Guapira discolor (Spreng.) Little","Guapira discolor"
"Guapira fragrans (Dum. Cours.) Little","Guapira fragrans (Dum.Cours.) Little","Guapira fragrans"
"Guapira obtusata (Jacq.) Little","Guapira obtusata (Jacq.) Little","Guapira obtusata"
"Guazuma ulmifolia Lam.","Guazuma ulmifolia Lam.","Guazuma ulmifolia"
"Guettarda elliptica Sw.","Guettarda elliptica Sw.","Guettarda elliptica"
"Guettarda krugii Urb.","Guettarda krugii Urb.","Guettarda krugii"
"Guettarda sp.","Guettarda sp.","Guettarda sp."
"Gutierrezia arizonica (A. Gray) M.A. Lane","Gutierrezia arizonica (A.Gray) M.A.Lane","Gutierrezia arizonica"
"Gutierrezia microcephala (DC.) A. Gray","Gutierrezia microcephala (DC.) A.Gray","Gutierrezia microcephala"
"Gutierrezia sarothrae (Pursh) Britton & Rusby","Gutierrezia sarothrae (Pursh) Britton & Rusby","Gutierrezia sarothrae"
"Gutierrezia sp.","Gutierrezia sp.","Gutierrezia sp."
"Gutierrezia sphaerocephala A. Gray","Gutierrezia sphaerocephala A.Gray","Gutierrezia sphaerocephala"
"Gutierrezia texana (DC.) Torr. & A. Gray var. texana","Gutierrezia texana var. texana","Gutierrezia texana"
"Gyminda latifolia (Sw.) Urb.","Gyminda latifolia (Sw.) Urb.","Gyminda latifolia"
"Gymnanthes lucida Sw.","Gymnanthes lucida Sw.","Gymnanthes lucida"
"Gymnocarpium dryopteris (L.) Newman","Gymnocarpium dryopteris (L.) Newman","Gymnocarpium dryopteris"
"Gymnocarpium robertianum (Hoffm.) Newman","Gymnocarpium robertianum (Hoffm.) Newman","Gymnocarpium robertianum"
"Gymnocladus dioicus (L.) K. Koch","Gymnocladus dioicus (L.) K.Koch","Gymnocladus dioicus"
"Gymnopogon ambiguus (Michx.) Britton, Sterns & Poggenb.","Gymnopogon ambiguus (Michx.) Britton, Sterns & Poggenb.","Gymnopogon ambiguus"
"Gymnopogon brevifolius Trin.","Gymnopogon brevifolius Trin.","Gymnopogon brevifolius"
"Gymnopogon sp.","Gymnopogon sp.","Gymnopogon sp."
"Gypsophila paniculata L.","Gypsophila paniculata L.","Gypsophila paniculata"
"Vaccaria hispanica (Mill.) Rauschert","Gypsophila vaccaria (L.) Sm.","Gypsophila vaccaria"
"Gypsoplaca macrophylla (Zahlbr.) Timdal","Gypsoplaca macrophylla (Zahlbr.) Timdal","Gypsoplaca macrophylla"
"Coreopsis major Walter","Gyrophyllum major (Walter) Mesfin & D.J.Crawford","Gyrophyllum major"
"Habenaria quinqueseta (Michx.) Eaton","Habenaria quinqueseta (Michx.) Eaton","Habenaria quinqueseta"
"Habenaria repens Nutt.","Habenaria repens Nutt.","Habenaria repens"
"Habenaria sp.","Habenaria sp.","Habenaria sp."
"Hackelia floribunda (Lehm.) I.M. Johnst.","Hackelia floribunda (Lehm.) I.M.Johnst.","Hackelia floribunda"
"Hackelia micrantha (Eastw.) J.L. Gentry","Hackelia micrantha (Eastw.) J.L.Gentry","Hackelia micrantha"
"Hackelia mundula (Jeps.) Ferris","Hackelia mundula (Jeps.) Ferris","Hackelia mundula"
"Hackelia patens (Nutt.) I.M. Johnst.","Hackelia patens (Nutt.) I.M.Johnst.","Hackelia patens"
"Hackelia sp.","Hackelia sp.","Hackelia sp."
"Hackelia spp.","Hackelia spp.","Hackelia sp."
"Hackelia velutina (Piper) I.M. Johnst.","Hackelia velutina (Piper) I.M.Johnst.","Hackelia velutina"
"Hackelia virginiana (L.) I.M. Johnst.","Hackelia virginiana (L.) I.M.Johnst.","Hackelia virginiana"
"Haematoxylum campechianum L.","Haematoxylum campechianum L.","Haematoxylum campechianum"
"Halenia deflexa (Sm.) Griseb.","Halenia deflexa (Sm.) Griseb.","Halenia deflexa"
"Ranunculus cymbalaria Pursh","Halerpestes cymbalaria (Pursh) Greene","Halerpestes cymbalaria"
"Halesia tetraptera Ellis","Halesia carolina L.","Halesia carolina"
"Halesia carolina L.","Halesia carolina L.","Halesia carolina"
"Halesia diptera Ellis","Halesia diptera L.","Halesia diptera"
"Halesia sp.","Halesia sp.","Halesia sp."
"Halodule wrightii Asch.","Halodule wrightii Asch.","Halodule wrightii"
"Halogeton glomeratus (M. Bieb.) C.A. Mey.","Halogeton glomeratus (M.Bieb.) Ledeb.","Halogeton glomeratus"
"Hamamelis sp.","Hamamelis sp.","Hamamelis sp."
"Hamamelis virginiana L.","Hamamelis virginiana L.","Hamamelis virginiana"
"Harpagonella palmeri A. Gray","Harpagonella palmeri A.Gray","Harpagonella palmeri"
"Polygala barbeyana Chod.","Hebecarpa barbeyana (Chodat) J.R.Abbott","Hebecarpa barbeyana"
"Hedeoma drummondii Benth.","Hedeoma drummondii Benth.","Hedeoma drummondii"
"Hedeoma hispida Pursh","Hedeoma hispida Pursh","Hedeoma hispida"
"Hedeoma pulegioides (L.) Pers.","Hedeoma pulegioides (L.) Pers.","Hedeoma pulegioides"
"Hedeoma sp.","Hedeoma sp.","Hedeoma sp."
"Hedera helix L.","Hedera helix L.","Hedera helix"
"Hedysarum boreale Nutt.","Hedysarum boreale Nutt.","Hedysarum boreale"
"Hedysarum sp.","Hedysarum sp.","Hedysarum sp."
"Echinodorus tenellus (Mart. ex Schult. f.) Buchenau","Helanthium tenellum (Mart. ex Schult.f.) J.G.Sm.","Helanthium tenellum"
"Helenium amarum (Raf.) H. Rock","Helenium amarum (Raf.) H.Rock","Helenium amarum"
"Helenium bigelovii A. Gray","Helenium bigelovii A.Gray","Helenium bigelovii"
"Helenium microcephalum DC.","Helenium microcephalum DC.","Helenium microcephalum"
"Helianthella californica A. Gray","Helianthella californica A.Gray","Helianthella californica"
"Helianthella quinquenervis (Hook.) A. Gray","Helianthella quinquenervis (Hook.) A.Gray","Helianthella quinquenervis"
"Helianthella uniflora (Nutt.) Torr. & A. Gray","Helianthella uniflora Torr. & A.Gray","Helianthella uniflora"
"Helianthella uniflora (Nutt.) Torr. & A. Gray var. uniflora","Helianthella uniflora (Nutt.) Torr. & A. Gray var. uniflora","Helianthella uniflora"
"Helianthemum sp.","Helianthemum sp.","Helianthemum sp."
"Helianthus angustifolius L.","Helianthus angustifolius L.","Helianthus angustifolius"
"Helianthus annuus L.","Helianthus annuus L.","Helianthus annuus"
"Helianthus atrorubens L.","Helianthus atrorubens L.","Helianthus atrorubens"
"Helianthus decapetalus L.","Helianthus decapetalus L.","Helianthus decapetalus"
"Helianthus divaricatus L.","Helianthus divaricatus L.","Helianthus divaricatus"
"Helianthus grosseserratus M. Martens","Helianthus grosseserratus M.Martens","Helianthus grosseserratus"
"Helianthus hirsutus Raf.","Helianthus hirsutus Raf.","Helianthus hirsutus"
"Helianthus laciniatus A. Gray","Helianthus laciniatus A.Gray","Helianthus laciniatus"
"Helianthus longifolius Pursh","Helianthus longifolius Pursh","Helianthus longifolius"
"Helianthus maximiliani Schrad.","Helianthus maximiliani Schrad.","Helianthus maximiliani"
"Helianthus microcephalus Torr. & A. Gray","Helianthus microcephalus Torr. & A.Gray","Helianthus microcephalus"
"Helianthus occidentalis Riddell","Helianthus occidentalis Riddell","Helianthus occidentalis"
"Helianthus pauciflorus Nutt. ssp. pauciflorus","Helianthus pauciflorus subsp. pauciflorus","Helianthus pauciflorus"
"Helianthus pauciflorus Nutt.","Helianthus pauciflorus Nutt.","Helianthus pauciflorus"
"Helianthus petiolaris Nutt.","Helianthus petiolaris Nutt.","Helianthus petiolaris"
"Helianthus radula (Pursh) Torr. & A. Gray","Helianthus radula (Pursh) Torr. & A.Gray","Helianthus radula"
"Helianthus salicifolius A. Dietr.","Helianthus salicifolius A.Dietr.","Helianthus salicifolius"
"Helianthus sp.","Helianthus sp.","Helianthus sp."
"Helianthus spp.","Helianthus spp.","Helianthus sp."
"Helianthus mollis Lam.","Helianthus strumosus L.","Helianthus strumosus"
"Helianthus strumosus L.","Helianthus strumosus L.","Helianthus strumosus"
"Helianthus tuberosus L.","Helianthus tuberosus L.","Helianthus tuberosus"
"Helichrysum sp.","Helichrysum sp.","Helichrysum sp."
"Helicteres jamaicensis Jacq.","Helicteres jamaicensis Jacq.","Helicteres jamaicensis"
"Avenula hookeri (Scribn.) Holub","Helictochloa hookeri (Scribn.) Romero Zarco","Helictochloa hookeri"
"Helictotrichon mortonianum (Scribn.) Henr.","Helictotrichon mortonianum (Scribn.) Henrard","Helictotrichon mortonianum"
"Heliomeris longifolia (B.L. Rob. & Greenm.) Cockerell","Heliomeris longifolia Cockerell","Heliomeris longifolia"
"Heliomeris sp.","Heliomeris sp.","Heliomeris sp."
"Heliopsis helianthoides (L.) Sweet","Heliopsis helianthoides (L.) Sweet","Heliopsis helianthoides"
"Heliopsis helianthoides (L.) Sweet var. helianthoides","Heliopsis helianthoides var. helianthoides","Heliopsis helianthoides"
"Heliopsis helianthoides (L.) Sweet var. scabra (Dunal) Fernald","Heliopsis helianthoides var. scabra (Dunal) Fernald","Heliopsis helianthoides"
"Heliotropium angiospermum Murray","Heliotropium angiospermum Murray","Heliotropium angiospermum"
"Heliotropium curassavicum L. var. obovatum DC.","Heliotropium curassavicum var. obovatum DC.","Heliotropium curassavicum"
"Heliotropium indicum L.","Heliotropium indicum L.","Heliotropium indicum"
"Heliotropium sp.","Heliotropium sp.","Heliotropium sp."
"Pellaea atropurpurea (L.) Link","Hemionitis atropurpurea (L.) Christenh.","Hemionitis atropurpurea"
"Pellaea bridgesii Hook.","Hemionitis bridgesii (Hook.) Christenh.","Hemionitis bridgesii"
"Aspidotis densa (Brack.) Lellinger","Hemionitis densa (Brack.) Christenh.","Hemionitis densa"
"Bommeria hispida (Mett. ex Kuhn) Underw.","Hemionitis hispida (Mett.) Christenh.","Hemionitis hispida"
"Argyrochosma jonesii (Maxon) Windham","Hemionitis jonesii (Maxon) Christenh.","Hemionitis jonesii"
"Gaga kaulfussii (Kunze) F.W. Li & Windham","Hemionitis kaulfussii (Kunze) Christenh.","Hemionitis kaulfussii"
"Cheilanthes lanosa (Michx.) D.C. Eaton","Hemionitis lanosa (Michx.) Christenh.","Hemionitis lanosa"
"Pellaea mucronata (D.C. Eaton) D.C. Eaton ssp. mucronata","Hemionitis mucronata (D.C.Eaton) Christenh.","Hemionitis mucronata"
"Pellaea mucronata (D.C. Eaton) D.C. Eaton","Hemionitis mucronata (D.C.Eaton) Christenh.","Hemionitis mucronata"
"Cheilanthes notholaenoides (Desv.) Maxon ex Weath.","Hemionitis notholaenoides (Desv.) Christenh.","Hemionitis notholaenoides"
"Pentagramma pallida (Weath.) Yatsk., Windham & E. Wollenw.","Hemionitis pallida (Baker) Christenh.","Hemionitis pallida"
"Pentagramma triangularis (Kaulf.) Yatsk., Windham & E. Wollenw.","Hemionitis triangularis (Kaulf.) Christenh.","Hemionitis triangularis"
"Cheilanthes villosa Davenport ex Maxon","Hemionitis villosa (Davenp. ex Maxon) Christenh.","Hemionitis villosa"
"Hemitomes congestum A. Gray","Hemitomes congestum A.Gray","Hemitomes congestum"
"Hemitomes sp.","Hemitomes sp.","Hemitomes sp."
"Hemizonella minima (A. Gray) A. Gray","Hemizonella minima A.Gray","Hemizonella minima"
"Hemizonella sp.","Hemizonella sp.","Hemizonella sp."
"Hepatica nobilis Schreb. var. obtusa (Pursh) Steyerm.","Hepatica americana var. americana","Hepatica americana"
"Hepatica nobilis Schreb. var. acuta (Pursh) Steyerm.","Hepatica americana var. acuta (Pursh) Mabuchi & J.Massey","Hepatica americana"
"Hepatica nobilis Schreb.","Hepatica nobilis Schreb.","Hepatica nobilis"
"Hepatica sp.","Hepatica sp.","Hepatica sp."
"Heracleum maximum W. Bartram","Heracleum maximum W.Bartram","Heracleum maximum"
"Heracleum sp.","Heracleum sp.","Heracleum sp."
"Herissantia crispa (L.) Briz.","Herissantia crispa (L.) Brizicky","Herissantia crispa"
"Hesperis matronalis L.","Hesperis matronalis L.","Hesperis matronalis"
"Hesperostipa comata (Trin. & Rupr.) Barkworth","Hesperostipa comata (Trin. & Rupr.) Barkworth","Hesperostipa comata"
"Hesperostipa comata (Trin. & Rupr.) Barkworth ssp. intermedia (Scribn. & Tweedy) Barkworth","Hesperostipa comata subsp. intermedia (Scribn. & Tweedy) Barkworth","Hesperostipa comata"
"Hesperostipa comata (Trin. & Rupr.) Barkworth ssp. comata","Hesperostipa comata subsp. comata","Hesperostipa comata"
"Hesperostipa sp.","Hesperostipa sp.","Hesperostipa sp."
"Hesperostipa spp.","Hesperostipa spp.","Hesperostipa sp."
"Hesperostipa spartea (Trin.) Barkworth","Hesperostipa spartea (Trin.) Barkworth","Hesperostipa spartea"
"Heterocodon rariflorum Nutt.","Heterocodon rariflorum Nutt.","Heterocodon rariflorum"
"Heteropogon contortus (L.) P. Beauv. ex Roem. & Schult.","Heteropogon contortus (L.) P.Beauv. ex Roem. & Schult.","Heteropogon contortus"
"Heteropogon sp.","Heteropogon sp.","Heteropogon sp."
"Heteropterys purpurea (L.) Kunth","Heteropterys purpurea (L.) Kunth","Heteropterys purpurea"
"Heterotheca canescens (DC.) Shinners","Heterotheca canescens (DC.) Shinners","Heterotheca canescens"
"Heterotheca villosa (Pursh) Shinners var. depressa (Rydb.) Semple","Heterotheca depressa (Rydb.) Dorn","Heterotheca depressa"
"Heterotheca pumila (Greene) Semple","Heterotheca pumila (Greene) Semple","Heterotheca pumila"
"Heterotheca sp.","Heterotheca sp.","Heterotheca sp."
"Heterotheca subaxillaris (Lam.) Britton & Rusby","Heterotheca subaxillaris (Lam.) Britton & Rusby","Heterotheca subaxillaris"
"Heterotheca villosa (Pursh) Shinners","Heterotheca villosa (Pursh) Shinners","Heterotheca villosa"
"Heterotheca villosa (Pursh) Shinners var. villosa","Heterotheca villosa (Pursh) Shinners","Heterotheca villosa"
"Heterotheca villosa (Pursh) Shinners var. foliosa (Nutt.) V.L. Harms","Heterotheca villosa (Pursh) Shinners","Heterotheca villosa"
"Heuchera americana L.","Heuchera americana L.","Heuchera americana"
"Heuchera bracteata (Torr.) Ser.","Heuchera bracteata (Torr.) Ser.","Heuchera bracteata"
"Heuchera cylindrica Douglas ex Hook.","Heuchera cylindrica Douglas","Heuchera cylindrica"
"Heuchera cylindrica Douglas ex Hook. var. cylindrica","Heuchera cylindrica Douglas ex Hook. var. cylindrica","Heuchera cylindrica"
"Heuchera flabellifolia Rydb. var. flabellifolia","Heuchera flabellifolia Rydb. var. flabellifolia","Heuchera flabellifolia"
"Heuchera glabra Willd. ex Roem. & Schult.","Heuchera glabra Willd. ex Schult.","Heuchera glabra"
"Heuchera parvifolia Nutt. ex Torr. & A. Gray","Heuchera parvifolia Nutt.","Heuchera parvifolia"
"Heuchera richardsonii R. Br.","Heuchera richardsonii R.Br.","Heuchera richardsonii"
"Heuchera sp.","Heuchera sp.","Heuchera sp."
"Heuchera spp.","Heuchera spp.","Heuchera sp."
"Heuchera villosa Michx. var. villosa","Heuchera villosa var. villosa","Heuchera villosa"
"Heuchera villosa Michx.","Heuchera villosa Michx.","Heuchera villosa"
"Diodia apiculata (Willd. ex Roem. & Schult.) K. Schum.","Hexasepalum apiculatum (Willd.) Delprete & J.H.Kirkbr.","Hexasepalum apiculatum"
"Diodia teres Walter","Hexasepalum teres (Walter) J.H.Kirkbr.","Hexasepalum teres"
"Hexastylis sp.","Hexastylis sp.","Hexastylis sp."
"Hibiscus denudatus Benth.","Hibiscus denudatus Benth.","Hibiscus denudatus"
"Hibiscus grandiflorus Michx.","Hibiscus grandiflorus Michx.","Hibiscus grandiflorus"
"Hibiscus laevis All.","Hibiscus laevis All.","Hibiscus laevis"
"Hibiscus lasiocarpos Cav.","Hibiscus moscheutos subsp. lasiocarpos (Cav.) O.J.Blanch.","Hibiscus moscheutos"
"Hibiscus phoeniceus Jacq.","Hibiscus phoeniceus Jacq.","Hibiscus phoeniceus"
"Hibiscus sp.","Hibiscus sp.","Hibiscus sp."
"Hibiscus spp.","Hibiscus spp.","Hibiscus sp."
"Hibiscus trionum L.","Hibiscus trionum L.","Hibiscus trionum"
"Hieracium albiflorum Hook.","Hieracium albiflorum Hook.","Hieracium albiflorum"
"Hieracium gracile Hook. var. gracile","Hieracium gracile Hook. var. gracile","Hieracium gracile"
"Hieracium gronovii L.","Hieracium gronovii L.","Hieracium gronovii"
"Hieracium lachenalii C.C. Gmel.","Hieracium lachenalii Suter","Hieracium lachenalii"
"Hieracium longipilum Torr.","Hieracium longipilum Torr. ex Hook.","Hieracium longipilum"
"Hieracium megacephalon Nash","Hieracium megacephalon Nash","Hieracium megacephalon"
"Hieracium paniculatum L.","Hieracium paniculatum L.","Hieracium paniculatum"
"Hieracium scabrum Michx.","Hieracium scabrum Michx.","Hieracium scabrum"
"Hieracium scouleri Hook.","Hieracium scouleri Hook.","Hieracium scouleri"
"Hieracium scouleri Hook. var. albertinum (Farr) G.W. Douglas & G.A. Allen","Hieracium scouleri Hook.","Hieracium scouleri"
"Hieracium sp.","Hieracium sp.","Hieracium sp."
"Hieracium spp.","Hieracium spp.","Hieracium sp."
"Hieracium greenii Porter & Britton","Hieracium traillii Greene","Hieracium traillii"
"Hieracium gracile Hook.","Hieracium triste Willd. ex Spreng.","Hieracium triste"
"Hieracium kalmii L.","Hieracium umbellatum subsp. umbellatum","Hieracium umbellatum"
"Hieracium umbellatum L.","Hieracium umbellatum L.","Hieracium umbellatum"
"Hieracium venosum L.","Hieracium venosum L.","Hieracium venosum"
"Hilaria belangeri (Steud.) Nash","Hilaria belangeri (Steud.) Nash","Hilaria belangeri"
"Hilaria belangeri (Steud.) Nash var. longifolia (Vasey) Hitchc.","Hilaria belangeri var. longifolia (Vasey ex Beal) Hitchc.","Hilaria belangeri"
"Pleuraphis jamesii Torr.","Hilaria jamesii (Torr.) Benth.","Hilaria jamesii"
"Hilaria sp.","Hilaria sp.","Hilaria sp."
"Hirschfeldia incana (L.) Lagr.-Foss.","Hirschfeldia incana (L.) Lagr.-Foss.","Hirschfeldia incana"
"Hirschfeldia sp.","Hirschfeldia sp.","Hirschfeldia sp."
"Hirtella triandra Sw.","Hirtella triandra Sw.","Hirtella triandra"
"Hoffmannseggia drepanocarpa A. Gray","Hoffmannseggia drepanocarpa A.Gray","Hoffmannseggia drepanocarpa"
"Hoffmannseggia sp.","Hoffmannseggia sp.","Hoffmannseggia sp."
"Holcus lanatus L.","Holcus lanatus L.","Holcus lanatus"
"Holcus sp.","Holcus sp.","Holcus sp."
"Holodiscus discolor (Pursh) Maxim.","Holodiscus discolor (Pursh) Maxim.","Holodiscus discolor"
"Panicum obtusum Kunth","Hopia obtusa (Kunth) Zuloaga & Morrone","Hopia obtusa"
"Hordeum jubatum L.","Hordeum jubatum L.","Hordeum jubatum"
"Hordeum marinum Huds.","Hordeum marinum Huds.","Hordeum marinum"
"Hordeum marinum Huds. ssp. gussoneanum (Parl.) Thell.","Hordeum marinum subsp. gussoneanum (Parl.) Thell.","Hordeum marinum"
"Hordeum marinum/murinum","Hordeum marinum","Hordeum marinum"
"Hordeum murinum L. ssp. leporinum (Link) Arcang.","Hordeum murinum subsp. leporinum (Link) Arcang.","Hordeum murinum"
"Hordeum murinum L.","Hordeum murinum L.","Hordeum murinum"
"Hordeum pusillum Nutt.","Hordeum pusillum Nutt.","Hordeum pusillum"
"Hordeum sp.","Hordeum sp.","Hordeum sp."
"Horkelia tridentata Torr. ssp. tridentata","Horkelia tridentata Torr. ssp. tridentata","Horkelia tridentata"
"Lotus oblongifolius (Benth.) Greene","Hosackia oblongifolia Benth.","Hosackia oblongifolia"
"Lotus aboriginus Jeps.","Hosackia rosea Eastw.","Hosackia rosea"
"Houstonia caerulea L.","Houstonia caerulea L.","Houstonia caerulea"
"Houstonia croftiae Britton & Rusby","Houstonia croftiae Britton & Rusby","Houstonia croftiae"
"Houstonia humifusa (A. Gray) A. Gray","Houstonia humifusa (Engelm. ex A.Gray) A.Gray","Houstonia humifusa"
"Houstonia longifolia Gaertn.","Houstonia longifolia Gaertn.","Houstonia longifolia"
"Houstonia procumbens (Walter ex J.F. Gmel.) Standl.","Houstonia procumbens (Walter ex J.F.Gmel.) Standl.","Houstonia procumbens"
"Houstonia purpurea L. var. purpurea","Houstonia purpurea var. purpurea","Houstonia purpurea"
"Houstonia purpurea L.","Houstonia purpurea L.","Houstonia purpurea"
"Houstonia pusilla Schoepf","Houstonia pusilla Schoepf","Houstonia pusilla"
"Houstonia serpyllifolia Michx.","Houstonia serpyllifolia Michx.","Houstonia serpyllifolia"
"Houstonia sp.","Houstonia sp.","Houstonia sp."
"Humulus lupulus L.","Humulus lupulus L.","Humulus lupulus"
"Humulus japonicus Siebold & Zucc.","Humulus scandens (Lour.) Merr.","Humulus scandens"
"Huperzia lucidula (Michx.) Trevis.","Huperzia lucidula (Michx.) Trevis.","Huperzia lucidula"
"Huperzia selago (L.) Bernh. ex Schrank & Mart.","Huperzia selago (L.) Bernh. ex Schrank & Mart.","Huperzia selago"
"Huperzia sp.","Huperzia sp.","Huperzia sp."
"Hybanthus sp.","Hybanthus sp.","Hybanthus sp."
"Hydrangea arborescens L.","Hydrangea arborescens L.","Hydrangea arborescens"
"Broussaisia arguta Gaudich.","Hydrangea arguta (Gaudich.) Y.De Smet & Granados","Hydrangea arguta"
"Decumaria barbara L.","Hydrangea barbara (L.) Bernd Schulz","Hydrangea barbara"
"Hydrangea cinerea Small","Hydrangea cinerea Small","Hydrangea cinerea"
"Hydrangea quercifolia W. Bartram","Hydrangea quercifolia W.Bartram","Hydrangea quercifolia"
"Hydrangea sp.","Hydrangea sp.","Hydrangea sp."
"Limnobium spongia (Bosc) Rich. ex Steud.","Hydrocharis spongia Bosc","Hydrocharis spongia"
"Hydrocotyle americana L.","Hydrocotyle americana L.","Hydrocotyle americana"
"Hydrocotyle bonariensis Comm. ex Lam.","Hydrocotyle bonariensis Comm. ex Lam.","Hydrocotyle bonariensis"
"Hydrocotyle ranunculoides L. f.","Hydrocotyle ranunculoides L.f.","Hydrocotyle ranunculoides"
"Hydrocotyle sp.","Hydrocotyle sp.","Hydrocotyle sp."
"Hydrocotyle umbellata L.","Hydrocotyle umbellata L.","Hydrocotyle umbellata"
"Hydrocotyle verticillata Thunb.","Hydrocotyle verticillata Thunb.","Hydrocotyle verticillata"
"Hydrolea quadrivalvis Walter","Hydrolea quadrivalvis Walter","Hydrolea quadrivalvis"
"Hydrolea uniflora Raf.","Hydrolea uniflora Raf.","Hydrolea uniflora"
"Hydrophyllum canadense L.","Hydrophyllum canadense L.","Hydrophyllum canadense"
"Hydrophyllum tenuipes A. Heller","Hydrophyllum tenuipes A.Heller","Hydrophyllum tenuipes"
"Hydrophyllum virginianum L.","Hydrophyllum virginianum L.","Hydrophyllum virginianum"
"Hylocereus spp.","Hylocereus spp.","Hylocereus sp."
"Desmodium glutinosum (Muhl. ex Willd.) Alph. Wood","Hylodesmum glutinosum (Muhl. ex Willd.) H.Ohashi & R.R.Mill","Hylodesmum glutinosum"
"Desmodium nudiflorum (L.) DC.","Hylodesmum nudiflorum (L.) H.Ohashi & R.R.Mill","Hylodesmum nudiflorum"
"Desmodium pauciflorum (Nutt.) DC.","Hylodesmum pauciflorum (Nutt.) H.Ohashi & R.R.Mill","Hylodesmum pauciflorum"
"Hymenocallis crassifolia Herb.","Hymenocallis crassifolia Herb.","Hymenocallis crassifolia"
"Hymenocallis occidentalis (Leconte) Kunth","Hymenocallis occidentalis (Leconte) Kunth","Hymenocallis occidentalis"
"Hymenocallis sp.","Hymenocallis sp.","Hymenocallis sp."
"Hymenopappus filifolius Hook.","Hymenopappus filifolius Hook.","Hymenopappus filifolius"
"Hymenopappus flavescens A. Gray","Hymenopappus flavescens A.Gray","Hymenopappus flavescens"
"Hymenopappus scabiosaeus L'Hér.","Hymenopappus scabiosaeus L'Hér.","Hymenopappus scabiosaeus"
"Hymenopappus scabiosaeus L'Hér. var. scabiosaeus","Hymenopappus scabiosaeus var. scabiosaeus","Hymenopappus scabiosaeus"
"Hymenopappus scabiosaeus L'Hér. var. corymbosus (Torr. & A. Gray) B.L. Turner","Hymenopappus scabiosaeus var. corymbosus (Torr. & A.Gray) B.L.Turner","Hymenopappus scabiosaeus"
"Hymenopappus sp.","Hymenopappus sp.","Hymenopappus sp."
"Hymenopappus tenuifolius Pursh","Hymenopappus tenuifolius Pursh","Hymenopappus tenuifolius"
"Hymenophyllum lanceolatum Hook. & Arn.","Hymenophyllum lanceolatum Hook. & Arn.","Hymenophyllum lanceolatum"
"Hymenophyllum recurvum Gaudich.","Hymenophyllum recurvum Gaudich.","Hymenophyllum recurvum"
"Hymenophyllum sp.","Hymenophyllum sp.","Hymenophyllum sp."
"Bahia dissecta (A. Gray) Britton","Hymenothrix dissecta (A.Gray) B.G.Baldwin","Hymenothrix dissecta"
"Hymenothrix wislizeni A. Gray","Hymenothrix wislizeni A.Gray","Hymenothrix wislizeni"
"Hymenothrix wrightii A. Gray","Hymenothrix wrightii A.Gray","Hymenothrix wrightii"
"Tetraneuris grandiflora (Torr. & A. Gray ex A. Gray) K.F. Parker","Hymenoxys grandiflora (Torr. & A.Gray) K.F.Parker","Hymenoxys grandiflora"
"Hymenoxys sp.","Hymenoxys sp.","Hymenoxys sp."
"Hypelate trifoliata Sw.","Hypelate trifoliata Sw.","Hypelate trifoliata"
"Hypericum anagalloides Cham. & Schltdl.","Hypericum anagalloides Cham. & Schltdl.","Hypericum anagalloides"
"Hypericum brachyphyllum (Spach) Steud.","Hypericum brachyphyllum (Spach) Steud.","Hypericum brachyphyllum"
"Hypericum cistifolium Lam.","Hypericum cistifolium Lam.","Hypericum cistifolium"
"Hypericum crux-andreae (L.) Crantz","Hypericum crux-andreae (L.) Crantz","Hypericum crux-andreae"
"Hypericum drummondii (Grev. & Hook.) Torr. & A. Gray","Hypericum drummondii (Grev. & Hook.) Torr. & A.Gray","Hypericum drummondii"
"Hypericum fasciculatum Lam.","Hypericum fasciculatum Lam.","Hypericum fasciculatum"
"Triadenum fraseri (Spach) Gleason","Hypericum fraseri (Spach) Steud.","Hypericum fraseri"
"Hypericum gentianoides (L.) Britton, Sterns & Poggenb.","Hypericum gentianoides (L.) Britton, Sterns & Poggenb.","Hypericum gentianoides"
"Hypericum graveolens Buckley","Hypericum graveolens Buckley","Hypericum graveolens"
"Hypericum hypericoides (L.) Crantz","Hypericum hypericoides (L.) Crantz","Hypericum hypericoides"
"Hypericum hypericoides (L.) Crantz ssp. multicaule (Michx. ex Willd.) N. Robson","Hypericum hypericoides subsp. multicaule (Michx. ex Willd.) N.Robson","Hypericum hypericoides"
"Hypericum hypericoides (L.) Crantz ssp. hypericoides","Hypericum hypericoides subsp. hypericoides","Hypericum hypericoides"
"Hypericum majus (A. Gray) Britton","Hypericum majus (A.Gray) Britton","Hypericum majus"
"Hypericum mutilum L.","Hypericum mutilum L.","Hypericum mutilum"
"Hypericum myrtifolium Lam.","Hypericum myrtifolium Lam.","Hypericum myrtifolium"
"Hypericum nudiflorum Michx. ex Willd.","Hypericum nudiflorum Michx. ex Willd.","Hypericum nudiflorum"
"Hypericum perforatum L.","Hypericum perforatum L.","Hypericum perforatum"
"Hypericum punctatum Lam.","Hypericum punctatum Lam.","Hypericum punctatum"
"Hypericum scouleri Hook.","Hypericum scouleri Hook.","Hypericum scouleri"
"Hypericum sp.","Hypericum sp.","Hypericum sp."
"Hypericum spp.","Hypericum spp.","Hypericum sp."
"Hypericum suffruticosum P. Adams & N. Robson","Hypericum suffruticosum P.B.Adams & N.Robson","Hypericum suffruticosum"
"Hypericum tenuifolium Pursh","Hypericum tenuifolium Pursh","Hypericum tenuifolium"
"Hypericum tetrapetalum Lam.","Hypericum tetrapetalum Lam.","Hypericum tetrapetalum"
"Triadenum tubulosum (Walter) Gleason","Hypericum tubulosum Walter","Hypericum tubulosum"
"Triadenum virginicum (L.) Raf.","Hypericum virginicum L.","Hypericum virginicum"
"Triadenum walteri (J.G. Gmel.) Gleason","Hypericum walteri J.F.Gmel.","Hypericum walteri"
"Mollugo cerviana (L.) Ser.","Hypertelis cerviana (L.) Thulin","Hypertelis cerviana"
"Hypochaeris brasiliensis (Less.) Benth. & Hook. ex Griseb.","Hypochaeris chillensis (Kunth) Britton","Hypochaeris chillensis"
"Hypochaeris glabra L.","Hypochaeris glabra L.","Hypochaeris glabra"
"Hypochaeris radicata L.","Hypochaeris radicata L.","Hypochaeris radicata"
"Hypochaeris sp.","Hypochaeris sp.","Hypochaeris sp."
"Hypotrachyna thysanota (Kurok.) Hale","Hypotrachyna thysanota (Kurok.) Hale","Hypotrachyna thysanota"
"Hypoxis curtissii Rose","Hypoxis curtissii Rose","Hypoxis curtissii"
"Hypoxis hirsuta (L.) Coville","Hypoxis hirsuta (L.) Coville","Hypoxis hirsuta"
"Hypoxis juncea Sm.","Hypoxis juncea Sm.","Hypoxis juncea"
"Hypoxis sp.","Hypoxis sp.","Hypoxis sp."
"Hypoxis spp.","Hypoxis spp.","Hypoxis sp."
"Hypoxis wrightii (Baker) Brackett","Hypoxis wrightii (Baker) Brackett","Hypoxis wrightii"
"Hyptis alata (Raf.) Shinners","Hyptis alata (Raf.) Shinners","Hyptis alata"
"Hyptis sp.","Hyptis sp.","Hyptis sp."
"Matelea maritima (Jacq.) Woodson","Ibatia maritima (Jacq.) Decne.","Ibatia maritima"
"Ichnanthus pallens (Sw.) Munro ex Benth.","Ichnanthus pallens (Sw.) Munro ex Benth.","Ichnanthus pallens"
"Ilex ambigua (Michx.) Torr.","Ilex ambigua (Michx.) Torr.","Ilex ambigua"
"Ilex anomala Hook. & Arn.","Ilex anomala Hook. & Arn.","Ilex anomala"
"Ilex aquifolium L.","Ilex aquifolium L.","Ilex aquifolium"
"Ilex cassine L.","Ilex cassine L.","Ilex cassine"
"Ilex coriacea (Pursh) Chapm.","Ilex coriacea (Pursh) Chapm.","Ilex coriacea"
"Ilex decidua Walter","Ilex decidua Walter","Ilex decidua"
"Ilex glabra (L.) A. Gray","Ilex glabra (L.) A.Gray","Ilex glabra"
"Ilex laevigata (Pursh) A. Gray","Ilex laevigata A.Gray","Ilex laevigata"
"Ilex montana Torr. & A. Gray ex A. Gray","Ilex montana Torr. & A.Gray","Ilex montana"
"Ilex mucronata (L.) Powell, Savolainen & Andrews","Ilex mucronata (L.) M.Powell, Savol. & S.Andrews","Ilex mucronata"
"Ilex myrtifolia Walter","Ilex myrtifolia Walter","Ilex myrtifolia"
"Ilex opaca Aiton","Ilex opaca Aiton","Ilex opaca"
"Ilex sp.","Ilex sp.","Ilex sp."
"Ilex verticillata (L.) A. Gray","Ilex verticillata (L.) A.Gray","Ilex verticillata"
"Ilex vomitoria Aiton","Ilex vomitoria Aiton","Ilex vomitoria"
"Illicium floridanum Ellis","Illicium floridanum J.Ellis","Illicium floridanum"
"Impatiens balsamina L.","Impatiens balsamina L.","Impatiens balsamina"
"Impatiens capensis Meerb.","Impatiens capensis Meerb.","Impatiens capensis"
"Impatiens pallida Nutt.","Impatiens pallida Nutt.","Impatiens pallida"
"Impatiens sp.","Impatiens sp.","Impatiens sp."
"Imperata cylindrica (L.) P. Beauv.","Imperata cylindrica (L.) Raeusch.","Imperata cylindrica"
"Indigofera caroliniana Mill.","Indigofera caroliniana Mill.","Indigofera caroliniana"
"Indigofera hirsuta L.","Indigofera hirsuta L.","Indigofera hirsuta"
"Indigofera miniata Ortega","Indigofera miniata Ortega","Indigofera miniata"
"Indigofera sp.","Indigofera sp.","Indigofera sp."
"Indigofera spp.","Indigofera spp.","Indigofera sp."
"Ionactis alpina (Nutt.) Greene","Ionactis alpina (Nutt.) Greene","Ionactis alpina"
"Ionactis linariifolius (L.) Greene","Ionactis linariifolia (L.) Greene","Ionactis linariifolia"
"Ionactis sp.","Ionactis sp.","Ionactis sp."
"Ipomoea alba L.","Ipomoea alba L.","Ipomoea alba"
"Ipomoea barbatisepala A. Gray","Ipomoea barbatisepala A.Gray","Ipomoea barbatisepala"
"Ipomoea cairica (L.) Sweet","Ipomoea cairica (L.) Sweet","Ipomoea cairica"
"Ipomoea carnea Jacq. ssp. fistulosa (Mart. ex Choisy) D. Austin","Ipomoea carnea subsp. fistulosa (Mart. ex Choisy) D.F.Austin","Ipomoea carnea"
"Ipomoea coccinea L.","Ipomoea coccinea L.","Ipomoea coccinea"
"Ipomoea cordatotriloba Dennst.","Ipomoea cordatotriloba Dennst.","Ipomoea cordatotriloba"
"Ipomoea costellata Torr.","Ipomoea costellata Torr.","Ipomoea costellata"
"Ipomoea cristulata Hallier f.","Ipomoea cristulata Hallier f.","Ipomoea cristulata"
"Ipomoea hederacea Jacq.","Ipomoea hederacea Jacq.","Ipomoea hederacea"
"Ipomoea hederifolia L.","Ipomoea hederifolia L.","Ipomoea hederifolia"
"Ipomoea wrightii A. Gray","Ipomoea heptaphylla Sweet","Ipomoea heptaphylla"
"Ipomoea imperati (Vahl) Griseb.","Ipomoea imperati (Vahl) Griseb.","Ipomoea imperati"
"Ipomoea lacunosa L.","Ipomoea lacunosa L.","Ipomoea lacunosa"
"Ipomoea leptophylla Torr.","Ipomoea leptophylla Torr.","Ipomoea leptophylla"
"Ipomoea longifolia Benth.","Ipomoea longifolia Benth.","Ipomoea longifolia"
"Ipomoea nil (L.) Roth","Ipomoea nil (L.) Roth","Ipomoea nil"
"Ipomoea pandurata (L.) G. Mey.","Ipomoea pandurata (L.) G.Mey.","Ipomoea pandurata"
"Ipomoea purpurea (L.) Roth","Ipomoea purpurea (L.) Roth","Ipomoea purpurea"
"Ipomoea quamoclit L.","Ipomoea quamoclit L.","Ipomoea quamoclit"
"Ipomoea sp.","Ipomoea sp.","Ipomoea sp."
"Ipomoea spp.","Ipomoea spp.","Ipomoea sp."
"Ipomoea steudelii Millsp.","Ipomoea steudelii Millsp.","Ipomoea steudelii"
"Ipomoea tenuiloba Torr.","Ipomoea tenuiloba Torr.","Ipomoea tenuiloba"
"Ipomoea ternifolia Cav. var. leptotoma (Torr.) J.A. McDonald","Ipomoea ternifolia subsp. leptotoma (Torr.) J.R.I.Wood & Scotland","Ipomoea ternifolia"
"Ipomoea ternifolia Cav.","Ipomoea ternifolia Cav.","Ipomoea ternifolia"
"Ipomoea triloba L.","Ipomoea triloba L.","Ipomoea triloba"
"Ipomopsis aggregata (Pursh) V.E. Grant","Ipomopsis aggregata (Pursh) V.E.Grant","Ipomopsis aggregata"
"Ipomopsis congesta (Hook.) V.E. Grant","Ipomopsis congesta (Hook.) V.E.Grant","Ipomopsis congesta"
"Ipomopsis laxiflora (J.M. Coult.) V.E. Grant","Ipomopsis laxiflora (J.M.Coult.) V.E.Grant","Ipomopsis laxiflora"
"Ipomopsis longiflora (Torr.) V.E. Grant","Ipomopsis longiflora (Torr.) V.E.Grant","Ipomopsis longiflora"
"Ipomopsis pumila (Nutt.) V.E. Grant","Ipomopsis pumila (Nutt.) V.E.Grant","Ipomopsis pumila"
"Ipomopsis sp.","Ipomopsis sp.","Ipomopsis sp."
"Ipomopsis spp.","Ipomopsis spp.","Ipomopsis sp."
"Ipomopsis tenuifolia (A. Gray) V.E. Grant","Ipomopsis tenuifolia (A.Gray) V.E.Grant","Ipomopsis tenuifolia"
"Iris brevicaulis Raf.","Iris brevicaulis Raf.","Iris brevicaulis"
"Iris cristata Aiton","Iris cristata Aiton","Iris cristata"
"Belamcanda chinensis (L.) DC.","Iris domestica (L.) Goldblatt & Mabb.","Iris domestica"
"Iris hartwegii Baker","Iris hartwegii Baker","Iris hartwegii"
"Iris missouriensis Nutt.","Iris missouriensis Nutt.","Iris missouriensis"
"Iris setosa Pall. ex Link","Iris setosa Pall. ex Link","Iris setosa"
"Iris setosa Pall. ex Link var. interior E.S. Anderson","Iris setosa var. setosa","Iris setosa"
"Iris sp.","Iris sp.","Iris sp."
"Iris tenax Douglas ex Lindl.","Iris tenax Douglas ex Lindl.","Iris tenax"
"Iris verna L.","Iris verna L.","Iris verna"
"Iris versicolor L.","Iris versicolor L.","Iris versicolor"
"Iris virginica L. var. shrevei (Small) E.S. Anderson","Iris virginica L.","Iris virginica"
"Isocoma pluriflora (Torr. & A. Gray) Greene","Isocoma pluriflora Greene","Isocoma pluriflora"
"Isocoma tenuisecta Greene","Isocoma tenuisecta Greene","Isocoma tenuisecta"
"Isoetes melanopoda Gay & Durieu ex Durieu","Isoetes melanopoda J.Gay & Durieu","Isoetes melanopoda"
"Isolepis sp.","Isolepis sp.","Isolepis sp."
"Isotria verticillata Raf.","Isotria verticillata (Muhl. ex Willd.) Raf.","Isotria verticillata"
"Itea virginica L.","Itea virginica L.","Itea virginica"
"Iva annua L.","Iva annua L.","Iva annua"
"Iva angustifolia Nutt. ex DC.","Iva asperifolia var. angustifolia (Nutt. ex DC.) B.L.Turner","Iva asperifolia"
"Iva axillaris Pursh","Iva axillaris Pursh","Iva axillaris"
"Senecio jacobaea L.","Jacobaea vulgaris Gaertn.","Jacobaea vulgaris"
"Jacquemontia cumanensis (Kunth) Kuntze","Jacquemontia cumanensis (Kunth) Kuntze","Jacquemontia cumanensis"
"Convolvulus nodiflorus Desv.","Jacquemontia nodiflora (Desr.) G.Don","Jacquemontia nodiflora"
"Jacquemontia solanifolia (L.) Hallier","Jacquemontia solanifolia (L.) Hallier f.","Jacquemontia solanifolia"
"Jacquemontia sp.","Jacquemontia sp.","Jacquemontia sp."
"Jacquemontia spp.","Jacquemontia spp.","Jacquemontia sp."
"Jacquemontia tamnifolia (L.) Griseb.","Jacquemontia tamnifolia (L.) Griseb.","Jacquemontia tamnifolia"
"Jacquinia armillaris Jacq.","Jacquinia armillaris Jacq.","Jacquinia armillaris"
"Jacquinia berteroi Spreng.","Jacquinia berteroi Spreng.","Jacquinia berteroi"
"Jacquinia sp.","Jacquinia sp.","Jacquinia sp."
"Jacquiniella sp.","Jacquiniella sp.","Jacquiniella sp."
"Jamesia americana Torr. & A. Gray","Jamesia americana Torr. & A.Gray","Jamesia americana"
"Janusia gracilis A. Gray","Janusia gracilis A.Gray","Janusia gracilis"
"Jasminum fluminense Vell.","Jasminum fluminense Vell.","Jasminum fluminense"
"Jatropha curcas L.","Jatropha curcas L.","Jatropha curcas"
"Jatropha gossypiifolia L.","Jatropha gossypiifolia L.","Jatropha gossypiifolia"
"Jatropha hernandiifolia Vent.","Jatropha hernandiifolia Vent.","Jatropha hernandiifolia"
"Cryptantha angustifolia (Torr.) Greene","Johnstonella angustifolia (Torr.) Hasenstab & M.G.Simpson","Johnstonella angustifolia"
"Cryptantha pusilla (Torr. & A. Gray) Greene","Johnstonella pusilla (Torr. & A.Gray) Hasenstab & M.G.Simpson","Johnstonella pusilla"
"Juglans cinerea L.","Juglans cinerea L.","Juglans cinerea"
"Juglans nigra L.","Juglans nigra L.","Juglans nigra"
"Juglans sp.","Juglans sp.","Juglans sp."
"Juncus alpinoarticulatus Chaix","Juncus alpinoarticulatus Chaix","Juncus alpinoarticulatus"
"Juncus arcticus Willd.","Juncus arcticus Willd.","Juncus arcticus"
"Juncus arcticus Willd. ssp. littoralis (Engelm.) Hultén","Juncus balticus subsp. littoralis (Engelm.) Snogerup","Juncus balticus"
"Juncus biflorus Elliott","Juncus biflorus Elliott","Juncus biflorus"
"Juncus biglumis L.","Juncus biglumis L.","Juncus biglumis"
"Juncus bufonius L.","Juncus bufonius L.","Juncus bufonius"
"Juncus castaneus Sm.","Juncus castaneus Sm.","Juncus castaneus"
"Juncus castaneus Sm. ssp. castaneus","Juncus castaneus subsp. castaneus","Juncus castaneus"
"Juncus confusus Coville","Juncus confusus Coville","Juncus confusus"
"Juncus coriaceus Mack.","Juncus coriaceus Mack.","Juncus coriaceus"
"Juncus debilis A. Gray","Juncus debilis A.Gray","Juncus debilis"
"Juncus dichotomus Elliott","Juncus dichotomus Elliott","Juncus dichotomus"
"Juncus drummondii E. Mey.","Juncus drummondii E.Mey.","Juncus drummondii"
"Juncus dudleyi Wiegand","Juncus dudleyi Wiegand","Juncus dudleyi"
"Juncus effusus L.","Juncus effusus L.","Juncus effusus"
"Juncus ensifolius Wikstr.","Juncus ensifolius Wikstr.","Juncus ensifolius"
"Juncus filiformis L.","Juncus filiformis L.","Juncus filiformis"
"Juncus inflexus L.","Juncus inflexus L.","Juncus inflexus"
"Juncus interior Wiegand","Juncus interior Wiegand","Juncus interior"
"Juncus marginatus Rostk.","Juncus marginatus Rostk.","Juncus marginatus"
"Juncus nodatus Coville","Juncus nodatus Coville","Juncus nodatus"
"Juncus pelocarpus E. Mey.","Juncus pelocarpus E.Mey.","Juncus pelocarpus"
"Juncus planifolius R. Br.","Juncus planifolius R.Br.","Juncus planifolius"
"Juncus effusus L. var. pylaei (Laharpe) Fernald & Wiegand","Juncus pylaei Laharpe","Juncus pylaei"
"Juncus scirpoides Lam.","Juncus scirpoides Lam.","Juncus scirpoides"
"Juncus sp.","Juncus sp.","Juncus sp."
"Juncus spp.","Juncus spp.","Juncus sp."
"Juncus tenuis Willd.","Juncus tenuis Willd.","Juncus tenuis"
"Juncus torreyi Coville","Juncus torreyi Coville","Juncus torreyi"
"Juncus triglumis L.","Juncus triglumis L.","Juncus triglumis"
"Juncus xiphioides E. Mey.","Juncus xiphioides E.Mey.","Juncus xiphioides"
"Juniperus ashei J. Buchholz","Juniperus ashei J.Buchholz","Juniperus ashei"
"Juniperus communis L.","Juniperus communis L.","Juniperus communis"
"Juniperus communis L. var. depressa Pursh","Juniperus communis var. depressa Pursh","Juniperus communis"
"Juniperus grandis R.P. Adams","Juniperus grandis R.P.Adams","Juniperus grandis"
"Juniperus osteosperma (Torr.) Little","Juniperus osteosperma (Torr.) Little","Juniperus osteosperma"
"Juniperus scopulorum Sarg.","Juniperus scopulorum Sarg.","Juniperus scopulorum"
"Juniperus sp.","Juniperus sp.","Juniperus sp."
"Juniperus virginiana L. var. virginiana","Juniperus virginiana var. virginiana","Juniperus virginiana"
"Juniperus virginiana L.","Juniperus virginiana L.","Juniperus virginiana"
"Justicia longii Hilsenb.","Justicia longii Hilsenb.","Justicia longii"
"Justicia sp.","Justicia sp.","Justicia sp."
"Justicia spp.","Justicia spp.","Justicia sp."
"Hedyotis terminalis (Hook. & Arn.) W.L. Wagner & D.R. Herbst","Kadua affinis Cham. & Schltdl.","Kadua affinis"
"Kallstroemia californica (S. Watson) Vail","Kallstroemia californica (S.Watson) Vail","Kallstroemia californica"
"Kallstroemia grandiflora Torr. ex A. Gray","Kallstroemia grandiflora Torr. ex A.Gray","Kallstroemia grandiflora"
"Kallstroemia hirsutissima Vail ex Small","Kallstroemia hirsutissima Vail","Kallstroemia hirsutissima"
"Kallstroemia parviflora J.B.S. Norton","Kallstroemia parviflora Norton","Kallstroemia parviflora"
"Kallstroemia sp.","Kallstroemia sp.","Kallstroemia sp."
"Kallstroemia spp.","Kallstroemia spp.","Kallstroemia sp."
"Kalmia angustifolia L.","Kalmia angustifolia L.","Kalmia angustifolia"
"Kalmia latifolia L.","Kalmia latifolia L.","Kalmia latifolia"
"Kalmia polifolia Wangenh.","Kalmia polifolia Wangenh.","Kalmia polifolia"
"Loiseleuria procumbens (L.) Desv.","Kalmia procumbens (L.) Gift, Kron & P.F.Stevens ex Galasso, Banfi & F.Conti","Kalmia procumbens"
"Kalmia sp.","Kalmia sp.","Kalmia sp."
"Panicum verrucosum Muhl.","Kellochloa verrucosa (Muhl.) Lizarazu, Nicola & Scataglini","Kellochloa verrucosa"
"Kelloggia galioides Torr.","Kelloggia galioides Torr.","Kelloggia galioides"
"Koeleria macrantha (Ledeb.) Schult.","Koeleria macrantha (Ledeb.) Schult.","Koeleria macrantha"
"Koeleria sp.","Koeleria sp.","Koeleria sp."
"Trisetum spicatum (L.) K. Richt.","Koeleria spicata (L.) Barberá, Quintanar, Soreng & P.M.Peterson","Koeleria spicata"
"Polygonum alpinum All.","Koenigia alpina (All.) T.M.Schust. & Reveal","Koenigia alpina"
"Korthalsella complanata (v. Tiegh.) Engl.","Korthalsella complanata (Tiegh.) Engl.","Korthalsella complanata"
"Krameria erecta Willd. ex Schult.","Krameria erecta Willd.","Krameria erecta"
"Krameria ixine L.","Krameria ixine L.","Krameria ixine"
"Krameria lanceolata Torr.","Krameria lanceolata Torr.","Krameria lanceolata"
"Krameria sp.","Krameria sp.","Krameria sp."
"Krascheninnikovia lanata (Pursh) A. Meeuse & Smit","Krascheninnikovia lanata (Pursh) A.Meeuse & A.Smit","Krascheninnikovia lanata"
"Krigia caespitosa (Raf.) K.L. Chambers","Krigia cespitosa (Raf.) K.L.Chambers","Krigia cespitosa"
"Krigia sp.","Krigia sp.","Krigia sp."
"Krugiodendron ferreum (Vahl) Urb.","Krugiodendron ferreum (Vahl) Urb.","Krugiodendron ferreum"
"Kummerowia sp.","Kummerowia sp.","Kummerowia sp."
"Kummerowia stipulacea (Maxim.) Makino","Kummerowia stipulacea (Maxim.) Makino","Kummerowia stipulacea"
"Kummerowia striata (Thunb.) Schindl.","Kummerowia striata (Thunb.) Schindl.","Kummerowia striata"
"Kyllinga sp.","Kyllinga sp.","Kyllinga sp."
"Lachnanthes caroliana (Lam.) Dandy","Lachnanthes caroliana (Lam.) Dandy","Lachnanthes caroliana"
"Lachnanthes sp.","Lachnanthes sp.","Lachnanthes sp."
"Lachnocaulon sp.","Lachnocaulon sp.","Lachnocaulon sp."
"Lachnocaulon spp.","Lachnocaulon spp.","Lachnocaulon sp."
"Dioclea multiflora (Torr. & A. Gray) C. Mohr","Lackeya multiflora (Torr. & A.Gray) Fortunato, L.P.Queiroz & G.P.Lewis","Lackeya multiflora"
"Lactuca biennis (Moench) Fernald","Lactuca biennis (Moench) Fernald","Lactuca biennis"
"Lactuca canadensis L.","Lactuca canadensis L.","Lactuca canadensis"
"Lactuca floridana (L.) Gaertn.","Lactuca floridana (L.) Gaertn.","Lactuca floridana"
"Lactuca graminifolia Michx.","Lactuca graminifolia Michx.","Lactuca graminifolia"
"Lactuca hirsuta Muhl. ex Nutt.","Lactuca hirsuta Muhl. ex Nutt.","Lactuca hirsuta"
"Lactuca ludoviciana (Nutt.) Riddell","Lactuca ludoviciana (Nutt.) Riddell","Lactuca ludoviciana"
"Mycelis muralis (L.) Dumort.","Lactuca muralis (L.) Gaertn.","Lactuca muralis"
"Lactuca tatarica (L.) C.A. Mey. var. pulchella (Pursh) Breitung","Lactuca pulchella DC.","Lactuca pulchella"
"Lactuca saligna L.","Lactuca saligna L.","Lactuca saligna"
"Lactuca serriola L.","Lactuca serriola L.","Lactuca serriola"
"Lactuca sp.","Lactuca sp.","Lactuca sp."
"Lactuca spp.","Lactuca spp.","Lactuca sp."
"Psoralidium lanceolatum (Pursh) Rydb.","Ladeania lanceolata (Pursh) Reveal & A.N.Egan","Ladeania lanceolata"
"Lagotis glauca Gaertn.","Lagotis glauca Gaertn.","Lagotis glauca"
"Lamarckia aurea (L.) Moench","Lamarckia aurea (L.) Moench","Lamarckia aurea"
"Lamium amplexicaule L.","Lamium amplexicaule L.","Lamium amplexicaule"
"Lamium purpureum L.","Lamium purpureum L.","Lamium purpureum"
"Lamium sp.","Lamium sp.","Lamium sp."
"Lantana camara L.","Lantana camara L.","Lantana camara"
"Lantana exarata Urb. & Ekman","Lantana exarata Urb. & Ekman","Lantana exarata"
"Lantana involucrata L.","Lantana involucrata L.","Lantana involucrata"
"Lantana reticulata Pers.","Lantana reticulata Pers.","Lantana reticulata"
"Perityle stansburyi (A. Gray) J.F. Macbr.","Laphamia stansburyi A.Gray","Laphamia stansburyi"
"Laportea canadensis (L.) Weddell","Laportea canadensis (L.) Wedd.","Laportea canadensis"
"Lappula occidentalis (S. Watson) Greene","Lappula occidentalis (S.Watson) Greene","Lappula occidentalis"
"Lappula occidentalis (S. Watson) Greene var. occidentalis","Lappula occidentalis (S. Watson) Greene var. occidentalis","Lappula occidentalis"
"Lappula sp.","Lappula sp.","Lappula sp."
"Lappula spp.","Lappula spp.","Lappula sp."
"Lappula squarrosa (Retz.) Dumort.","Lappula squarrosa (Retz.) Dumort.","Lappula squarrosa"
"Lappula occidentalis (S. Watson) Greene var. cupulata (A. Gray) Higgins","Lappula texana (Scheele) Britton","Lappula texana"
"Lapsana communis L.","Lapsana communis L.","Lapsana communis"
"Larix laricina (Du Roi) K. Koch","Larix laricina (Du Roi) K.Koch","Larix laricina"
"Larix occidentalis Nutt.","Larix occidentalis Nutt.","Larix occidentalis"
"Larix sp.","Larix sp.","Larix sp."
"Larrea tridentata (DC.) Coville","Larrea tridentata (DC.) Coville","Larrea tridentata"
"Lasiacis divaricata (L.) Hitchc.","Lasiacis divaricata (L.) Hitchc.","Lasiacis divaricata"
"Lasthenia californica DC. ex Lindl. ssp. californica","Lasthenia californica subsp. californica","Lasthenia californica"
"Lasthenia debilis (Greene ex A. Gray) Ornduff","Lasthenia debilis (Greene ex A.Gray) Ornduff","Lasthenia debilis"
"Lathyrus aphaca L.","Lathyrus aphaca L.","Lathyrus aphaca"
"Lathyrus brachycalyx Rydb.","Lathyrus brachycalyx Rydb.","Lathyrus brachycalyx"
"Lathyrus lanszwertii Kellogg var. brownii (Eastw.) Jeps.","Lathyrus brownii Eastw.","Lathyrus brownii"
"Lathyrus hirsutus L.","Lathyrus hirsutus L.","Lathyrus hirsutus"
"Lathyrus japonicus Willd. var. maritimus (L.) Kartesz & Gandhi","Lathyrus japonicus var. maritimus (L.) J.T.Kartesz & Gandhi","Lathyrus japonicus"
"Lathyrus nevadensis S. Watson ssp. nevadensis","Lathyrus nevadensis S. Watson ssp. nevadensis","Lathyrus nevadensis"
"Lathyrus nevadensis S. Watson","Lathyrus nevadensis S.Watson","Lathyrus nevadensis"
"Lathyrus polyphyllus Nutt.","Lathyrus polyphyllus Nutt.","Lathyrus polyphyllus"
"Lathyrus sp.","Lathyrus sp.","Lathyrus sp."
"Lathyrus sulphureus W.H. Brewer ex A. Gray","Lathyrus sulphureus W.H.Brewer ex A.Gray","Lathyrus sulphureus"
"Layia pentachaeta A. Gray","Layia pentachaeta A.Gray","Layia pentachaeta"
"Layia pentachaeta A. Gray ssp. pentachaeta","Layia pentachaeta subsp. pentachaeta","Layia pentachaeta"
"Layia sp.","Layia sp.","Layia sp."
"Layia spp.","Layia spp.","Layia sp."
"Lechea deckertii Small","Lechea deckertii Small","Lechea deckertii"
"Lechea divaricata Shuttlw. ex Britton","Lechea divaricata Shuttlew. ex Britton","Lechea divaricata"
"Lechea minor L.","Lechea minor L.","Lechea minor"
"Lechea mucronata Raf.","Lechea mucronata Raf.","Lechea mucronata"
"Lechea pulchella Raf.","Lechea pulchella Raf.","Lechea pulchella"
"Lechea san-sabeana (Buckley) Hodgdon","Lechea san-sabeana (Buckley) Hodgdon","Lechea san-sabeana"
"Lechea sessiliflora Raf.","Lechea sessiliflora Raf.","Lechea sessiliflora"
"Lechea sp.","Lechea sp.","Lechea sp."
"Lechea spp.","Lechea spp.","Lechea sp."
"Lechea tenuifolia Michx.","Lechea tenuifolia Michx.","Lechea tenuifolia"
"Lechea torreyi Leggett ex Britton","Lechea torreyi (Chapm.) Legg. ex Britton","Lechea torreyi"
"Ledum sp.","Ledum sp.","Ledum sp."
"Leersia hexandra Sw.","Leersia hexandra Sw.","Leersia hexandra"
"Leersia lenticularis Michx.","Leersia lenticularis Michx.","Leersia lenticularis"
"Leersia oryzoides (L.) Sw.","Leersia oryzoides (L.) Sw.","Leersia oryzoides"
"Leersia sp.","Leersia sp.","Leersia sp."
"Leersia virginica Willd.","Leersia virginica Willd.","Leersia virginica"
"Leitneria floridana Chapm.","Leitneria floridana Chapm.","Leitneria floridana"
"Lemna aequinoctialis Welw.","Lemna aequinoctialis Welw.","Lemna aequinoctialis"
"Lemna minor L.","Lemna minor L.","Lemna minor"
"Lemna minor/turionifera","Lemna minor","Lemna minor"
"Lemna minuta Kunth","Lemna minuta Kunth","Lemna minuta"
"Lemna perpusilla Torr.","Lemna perpusilla Torr.","Lemna perpusilla"
"Lemna sp.","Lemna sp.","Lemna sp."
"Lemna spp.","Lemna spp.","Lemna sp."
"Lemna trisulca L.","Lemna trisulca L.","Lemna trisulca"
"Lemna turionifera Landolt","Lemna turionifera Landolt","Lemna turionifera"
"Lemna valdiviana Phil.","Lemna valdiviana Phil.","Lemna valdiviana"
"Leontodon hispidus L.","Leontodon hispidus L.","Leontodon hispidus"
"Leonurus cardiaca L. ssp. cardiaca","Leonurus cardiaca L. ssp. cardiaca","Leonurus cardiaca"
"Cardaria pubescens (C.A. Mey.) Jarmolenko","Lepidium appelianum Al-Shehbaz","Lepidium appelianum"
"Lepidium bonariense L.","Lepidium bonariense L.","Lepidium bonariense"
"Lepidium campestre (L.) W.T. Aiton","Lepidium campestre (L.) W.T.Aiton","Lepidium campestre"
"Lepidium densiflorum Schrad.","Lepidium densiflorum Schrad.","Lepidium densiflorum"
"Cardaria draba (L.) Desv.","Lepidium draba L.","Lepidium draba"
"Lepidium lasiocarpum Nutt.","Lepidium lasiocarpum Nutt.","Lepidium lasiocarpum"
"Lepidium montanum Nutt.","Lepidium montanum Nutt.","Lepidium montanum"
"Lepidium nitidum Nutt.","Lepidium nitidum Nutt.","Lepidium nitidum"
"Lepidium oblongum Small","Lepidium oblongum Small","Lepidium oblongum"
"Lepidium perfoliatum L.","Lepidium perfoliatum L.","Lepidium perfoliatum"
"Lepidium ramosissimum A. Nelson","Lepidium ramosissimum A.Nelson","Lepidium ramosissimum"
"Lepidium sp.","Lepidium sp.","Lepidium sp."
"Lepidium spp.","Lepidium spp.","Lepidium sp."
"Lepidium virginicum L.","Lepidium virginicum L.","Lepidium virginicum"
"Lepidium virginicum L. var. virginicum","Lepidium virginicum L. var. virginicum","Lepidium virginicum"
"Lepisorus sp.","Lepisorus sp.","Lepisorus sp."
"Lepisorus thunbergianus (Kaulf.) Ching","Lepisorus thunbergianus (Kaulf.) Ching","Lepisorus thunbergianus"
"Styphelia tameiameiae (Cham. & Schltdl.) F. Muell.","Leptecophylla tameiameiae (Cham.) C.M.Weiller","Leptecophylla tameiameiae"
"Leptocereus quadricostatus (Bello) Britton & Rose","Leptocereus quadricostatus (Bello) Britton & Rose","Leptocereus quadricostatus"
"Leptochloa panicea (Retz.) Ohwi ssp. mucronata (Michx.) Nowack","Leptochloa mucronata (Michx.) Kunth","Leptochloa mucronata"
"Leptosiphon acicularis (Greene) Jeps.","Leptosiphon acicularis Jeps.","Leptosiphon acicularis"
"Leptosiphon bolanderi (A. Gray) J.M. Porter & L.A. Johnson","Leptosiphon bolanderi (A.Gray) J.M.Porter & L.A.Johnson","Leptosiphon bolanderi"
"Leptosiphon ciliatus (Benth.) Jeps.","Leptosiphon ciliatus (Benth.) Jeps.","Leptosiphon ciliatus"
"Leptosiphon ciliatus (Benth.) Jeps. ssp. ciliatus","Leptosiphon ciliatus subsp. ciliatus","Leptosiphon ciliatus"
"Leptosiphon montanus (Greene) J.M. Porter & L.A. Johnson","Leptosiphon montanus (Greene) J.M.Porter & L.A.Johnson","Leptosiphon montanus"
"Leptosiphon septentrionalis (H. Mason) J.M. Porter & L.A. Johnson","Leptosiphon septentrionalis (H.Mason) J.M.Porter & L.A.Johnson","Leptosiphon septentrionalis"
"Leptosiphon sp.","Leptosiphon sp.","Leptosiphon sp."
"Lepuropetalon spathulatum Elliott","Lepuropetalon spathulatum Elliott","Lepuropetalon spathulatum"
"Lescuraea saxicola (Schimp.) Milde","Lescuraea saxicola (Schimp.) Milde","Lescuraea saxicola"
"Lespedeza angustifolia (Pursh) Elliott","Lespedeza angustifolia (Pursh) Elliott","Lespedeza angustifolia"
"Lespedeza bicolor Turcz.","Lespedeza bicolor Turcz.","Lespedeza bicolor"
"Lespedeza capitata Michx.","Lespedeza capitata Michx.","Lespedeza capitata"
"Lespedeza cuneata (Dum. Cours.) G. Don","Lespedeza cuneata (Dum.Cours.) G.Don","Lespedeza cuneata"
"Lespedeza frutescens (L.) Hornem.","Lespedeza frutescens (L.) Hornem.","Lespedeza frutescens"
"Lespedeza hirta (L.) Hornem.","Lespedeza hirta (L.) Hornem.","Lespedeza hirta"
"Lespedeza procumbens Michx.","Lespedeza procumbens Michx.","Lespedeza procumbens"
"Lespedeza repens (L.) W.P.C. Barton","Lespedeza repens (L.) W.P.C.Barton","Lespedeza repens"
"Lespedeza sp.","Lespedeza sp.","Lespedeza sp."
"Lespedeza spp.","Lespedeza spp.","Lespedeza sp."
"Lespedeza stuevei Nutt.","Lespedeza stuevei Nutt.","Lespedeza stuevei"
"Lespedeza thunbergii (DC.) Nakai","Lespedeza thunbergii (DC.) Nakai","Lespedeza thunbergii"
"Lespedeza violacea (L.) Pers.","Lespedeza violacea (L.) Pers.","Lespedeza violacea"
"Lespedeza virginica (L.) Britton","Lespedeza virginica (L.) Britton","Lespedeza virginica"
"Lesquerella sp.","Lesquerella sp.","Lesquerella sp."
"Lessingia sp.","Lessingia sp.","Lessingia sp."
"Leucaena leucocephala (Lam.) de Wit","Leucaena leucocephala (Lam.) de Wit","Leucaena leucocephala"
"Leucanthemum sp.","Leucanthemum sp.","Leucanthemum sp."
"Leucanthemum vulgare Lam.","Leucanthemum vulgare Lam.","Leucanthemum vulgare"
"Leucocrinum montanum Nutt. ex A. Gray","Leucocrinum montanum Nutt. ex A.Gray","Leucocrinum montanum"
"Leucopoa sp.","Leucopoa sp.","Leucopoa sp."
"Leucospora multifida (Michx.) Nutt.","Leucospora multifida (Michx.) Nutt.","Leucospora multifida"
"Leucospora sp.","Leucospora sp.","Leucospora sp."
"Leucothoe axillaris (Lam.) D. Don","Leucothoe axillaris (Lam.) D.Don","Leucothoe axillaris"
"Leucothoe fontanesiana (Steud.) Sleumer","Leucothoe fontanesiana (Steud.) Sleumer","Leucothoe fontanesiana"
"Leucothrinax morrisii","Leucothrinax morrisii (H.Wendl.) C.Lewis & Zona","Leucothrinax morrisii"
"Lewisia pygmaea (A. Gray) B.L. Rob.","Lewisia pygmaea (A.Gray) B.L.Rob.","Lewisia pygmaea"
"Lewisia rediviva Pursh","Lewisia rediviva Pursh","Lewisia rediviva"
"Leymus cinereus (Scribn. & Merr.) Á. Löve","Leymus cinereus (Scribn. & Merr.) Á.Löve","Leymus cinereus"
"Leymus innovatus (Beal) Pilg.","Leymus innovatus (Beal) Pilg.","Leymus innovatus"
"Leymus mollis (Trin.) Pilg.","Leymus mollis (Trin.) Pilg.","Leymus mollis"
"Leymus sp.","Leymus sp.","Leymus sp."
"Leymus triticoides (Buckley) Pilg.","Leymus triticoides (Buckley) Pilg.","Leymus triticoides"
"Liatris aspera Michx.","Liatris aspera Michx.","Liatris aspera"
"Liatris chapmanii Torr. & A. Gray","Liatris chapmanii Torr. & A.Gray","Liatris chapmanii"
"Liatris elegans (Walter) Michx.","Liatris elegans (Walter) Michx.","Liatris elegans"
"Liatris elegantula (Greene) K. Schum.","Liatris elegantula K.Schum.","Liatris elegantula"
"Liatris gracilis Pursh","Liatris gracilis Pursh","Liatris gracilis"
"Liatris squarrosa (L.) Michx. var. hirsuta (Rydb.) Gaiser","Liatris hirsuta Rydb.","Liatris hirsuta"
"Liatris pauciflora Pursh","Liatris pauciflora Pursh","Liatris pauciflora"
"Liatris pilosa (Aiton) Willd.","Liatris pilosa (Aiton) Willd.","Liatris pilosa"
"Liatris punctata Hook.","Liatris punctata Hook.","Liatris punctata"
"Liatris mucronata DC.","Liatris punctata var. mucronata (DC.) B.L.Turner","Liatris punctata"
"Liatris punctata Hook. var. punctata","Liatris punctata var. punctata","Liatris punctata"
"Liatris punctata Hook. var. mexicana Gaiser","Liatris punctata var. mexicana Gaiser","Liatris punctata"
"Liatris punctata Hook. var. nebraskana Gaiser","Liatris punctata var. punctata","Liatris punctata"
"Liatris pycnostachya Michx.","Liatris pycnostachya Michx.","Liatris pycnostachya"
"Liatris tenuifolia Nutt. var. quadriflora Chapm.","Liatris quadriflora (Chapm.) E.L.Bridges & Orzell","Liatris quadriflora"
"Liatris sp.","Liatris sp.","Liatris sp."
"Liatris spp.","Liatris spp.","Liatris sp."
"Liatris spicata (L.) Willd.","Liatris spicata (L.) Willd.","Liatris spicata"
"Liatris squarrosa (L.) Michx.","Liatris squarrosa (L.) Michx.","Liatris squarrosa"
"Liatris tenuifolia Nutt.","Liatris tenuifolia Nutt.","Liatris tenuifolia"
"Liatris tenuifolia Nutt. var. tenuifolia","Liatris tenuifolia Nutt. var. tenuifolia","Liatris tenuifolia"
"Ligusticum canadense (L.) Britton","Ligusticum canadense (L.) Britton","Ligusticum canadense"
"Ligusticum filicinum S. Watson","Ligusticum filicinum S.Watson","Ligusticum filicinum"
"Ligusticum porteri J.M. Coult. & Rose","Ligusticum porteri J.M.Coult. & Rose","Ligusticum porteri"
"Ligusticum sp.","Ligusticum sp.","Ligusticum sp."
"Ligustrum japonicum Thunb.","Ligustrum japonicum Thunb.","Ligustrum japonicum"
"Ligustrum lucidum W.T. Aiton","Ligustrum lucidum W.T.Aiton","Ligustrum lucidum"
"Ligustrum obtusifolium Siebold & Zucc.","Ligustrum obtusifolium Siebold & Zucc.","Ligustrum obtusifolium"
"Ligustrum sinense Lour.","Ligustrum sinense Lour.","Ligustrum sinense"
"Ligustrum sp.","Ligustrum sp.","Ligustrum sp."
"Ligustrum vulgare L.","Ligustrum vulgare L.","Ligustrum vulgare"
"Lilaeopsis chinensis (L.) Kuntze","Lilaeopsis chinensis (L.) Kuntze","Lilaeopsis chinensis"
"Lilium bolanderi S. Watson","Lilium bolanderi S.Watson","Lilium bolanderi"
"Lilium columbianum Leichtlin","Lilium columbianum Leichtlin","Lilium columbianum"
"Lilium michauxii Poir.","Lilium michauxii Poir.","Lilium michauxii"
"Lilium michiganense Farw.","Lilium michiganense Farw.","Lilium michiganense"
"Lilium parvum Kellogg","Lilium parvum Kellogg","Lilium parvum"
"Lilium philadelphicum L.","Lilium philadelphicum L.","Lilium philadelphicum"
"Lilium sp.","Lilium sp.","Lilium sp."
"Lilium superbum L.","Lilium superbum L.","Lilium superbum"
"Limnophila ×ludoviciana Thieret","Limnophila × ludoviciana Thieret","Limnophila × ludoviciana"
"Linanthus bigelovii (A. Gray) Greene","Linanthus bigelovii (A.Gray) Greene","Linanthus bigelovii"
"Linanthus pungens (Torr.) J.M. Porter & L.A. Johnson","Linanthus pungens (Torr.) J.M.Porter & L.A.Johnson","Linanthus pungens"
"Linaria dalmatica (L.) Mill.","Linaria dalmatica (L.) Mill.","Linaria dalmatica"
"Linaria dalmatica (L.) Mill. ssp. dalmatica","Linaria dalmatica (L.) Mill. ssp. dalmatica","Linaria dalmatica"
"Linaria vulgaris Mill.","Linaria vulgaris Mill.","Linaria vulgaris"
"Lindera benzoin (L.) Blume var. benzoin","Lindera benzoin (L.) Blume var. benzoin","Lindera benzoin"
"Lindera benzoin (L.) Blume","Lindera benzoin (L.) Blume","Lindera benzoin"
"Lindernia dubia (L.) Pennell","Lindernia dubia (L.) Pennell","Lindernia dubia"
"Lindernia grandiflora Nutt.","Lindernia grandiflora Nutt.","Lindernia grandiflora"
"Lindernia sp.","Lindernia sp.","Lindernia sp."
"Lindheimera texana A. Gray & Engelm.","Lindheimera texana A.Gray & Engelm.","Lindheimera texana"
"Linnaea borealis L.","Linnaea borealis L.","Linnaea borealis"
"Linnaea borealis L. ssp. longiflora (Torr.) Hultén","Linnaea borealis var. longiflora Torr.","Linnaea borealis"
"Linum australe A. Heller","Linum australe A.Heller","Linum australe"
"Linum floridanum (Planch.) Trel.","Linum floridanum (Planch.) Trel.","Linum floridanum"
"Linum lewisii Pursh","Linum lewisii Pursh","Linum lewisii"
"Linum medium (Planch.) Britton var. texanum (Planch.) Fernald","Linum medium var. texanum (Planch.) Fernald","Linum medium"
"Linum medium (Planch.) Britton","Linum medium (Planch.) Britton","Linum medium"
"Linum perenne L.","Linum perenne L.","Linum perenne"
"Linum pratense (Norton) Small","Linum pratense (Norton) Small","Linum pratense"
"Linum rigidum Pursh","Linum rigidum Pursh","Linum rigidum"
"Linum rigidum Pursh var. rigidum","Linum rigidum var. rigidum","Linum rigidum"
"Linum carteri Small var. smallii C.M. Rogers","Linum smallii (C.M.Rogers) K.Bradley & Weakley","Linum smallii"
"Linum sp.","Linum sp.","Linum sp."
"Linum spp.","Linum spp.","Linum sp."
"Linum striatum Walter","Linum striatum Walter","Linum striatum"
"Linum sulcatum Riddell","Linum sulcatum Riddell","Linum sulcatum"
"Linum virginianum L.","Linum virginianum L.","Linum virginianum"
"Chenopodium polyspermum L.","Lipandra polysperma (L.) S.Fuentes, Uotila & Borsch","Lipandra polysperma"
"Liparis liliifolia (L.) Rich. ex Ker Gawl.","Liparis liliifolia (L.) Rich. ex Lindl.","Liparis liliifolia"
"Liparis sp.","Liparis sp.","Liparis sp."
"Liquidambar styraciflua L.","Liquidambar styraciflua L.","Liquidambar styraciflua"
"Liriodendron tulipifera L.","Liriodendron tulipifera L.","Liriodendron tulipifera"
"Liriope sp.","Liriope sp.","Liriope sp."
"Listera sp.","Listera sp.","Listera sp."
"Lithophragma bolanderi A. Gray","Lithophragma bolanderi A.Gray","Lithophragma bolanderi"
"Lithophragma heterophyllum (Hook. & Arn.) Torr. & A. Gray","Lithophragma heterophyllum (Hook. & Arn.) Torr. & A.Gray","Lithophragma heterophyllum"
"Lithophragma parviflorum (Hook.) Nutt. ex Torr. & A. Gray","Lithophragma parviflorum (Hook.) Nutt.","Lithophragma parviflorum"
"Lithophragma sp.","Lithophragma sp.","Lithophragma sp."
"Lithophragma spp.","Lithophragma spp.","Lithophragma sp."
"Lithophragma tenellum Nutt.","Lithophragma tenellum Nutt.","Lithophragma tenellum"
"Lithospermum canescens (Michx.) Lehm.","Lithospermum canescens (Michx.) Lehm.","Lithospermum canescens"
"Lithospermum caroliniense (Walter ex J.F. Gmel.) MacMill.","Lithospermum caroliniense (J.F.Gmel.) MacMill.","Lithospermum caroliniense"
"Lithospermum caroliniense (Walter ex J.F. Gmel.) MacMill. var. croceum (Fernald) Cronquist","Lithospermum caroliniense var. croceum (Fernald) Cronquist","Lithospermum caroliniense"
"Lithospermum incisum Lehm.","Lithospermum incisum Lehm.","Lithospermum incisum"
"Onosmodium bejariense DC. ex A. DC. var. occidentale (Mack.) B.L. Turner","Lithospermum occidentale (Mack.) Weakley","Lithospermum occidentale"
"Lithospermum ruderale Douglas ex Lehm.","Lithospermum ruderale Douglas ex Lehm.","Lithospermum ruderale"
"Lithospermum sp.","Lithospermum sp.","Lithospermum sp."
"Lithospermum spp.","Lithospermum spp.","Lithospermum sp."
"Lithospermum tuberosum Rugel ex DC.","Lithospermum tuberosum Rugel ex DC.","Lithospermum tuberosum"
"Onosmodium virginianum (L.) A. DC.","Lithospermum virginianum L.","Lithospermum virginianum"
"Lithospermum viride Greene","Lithospermum viride Greene","Lithospermum viride"
"Littorella uniflora (L.) Asch.","Littorella uniflora (L.) Asch.","Littorella uniflora"
"Lobelia cardinalis L.","Lobelia cardinalis L.","Lobelia cardinalis"
"Lobelia floridana Chapm.","Lobelia floridana Chapm.","Lobelia floridana"
"Lobelia glandulosa Walter","Lobelia glandulosa Walter","Lobelia glandulosa"
"Lobelia inflata L.","Lobelia inflata L.","Lobelia inflata"
"Lobelia paludosa Nutt.","Lobelia paludosa Nutt.","Lobelia paludosa"
"Lobelia puberula Michx.","Lobelia puberula Michx.","Lobelia puberula"
"Lobelia sp.","Lobelia sp.","Lobelia sp."
"Lobelia spicata Lam.","Lobelia spicata Lam.","Lobelia spicata"
"Lobularia maritima (L.) Desv.","Lobularia maritima (L.) Desv.","Lobularia maritima"
"Loeflingia squarrosa Nutt.","Loeflingia squarrosa Nutt.","Loeflingia squarrosa"
"Logfia gallica (L.) Coss. & Germ.","Logfia gallica (L.) Coss. & Germ.","Logfia gallica"
"Logfia sp.","Logfia sp.","Logfia sp."
"Logfia spp.","Logfia spp.","Logfia sp."
"Schedonorus arundinaceus (Schreb.) Dumort., nom. cons.","Lolium arundinaceum (Schreb.) Darbysh.","Lolium arundinaceum"
"Lolium perenne L. ssp. multiflorum (Lam.) Husnot","Lolium multiflorum Lam.","Lolium multiflorum"
"Lolium perenne L.","Lolium perenne L.","Lolium perenne"
"Lolium rigidum Gaudin","Lolium rigidum Gaudin","Lolium rigidum"
"Lolium sp.","Lolium sp.","Lolium sp."
"Lolium spp.","Lolium spp.","Lolium sp."
"Lomatium foeniculaceum (Nutt.) J.M. Coult. & Rose","Lomatium foeniculaceum (Nutt.) J.M.Coult. & Rose","Lomatium foeniculaceum"
"Lomatium nuttallii (A. Gray) J.F. Macbr.","Lomatium nuttallii (A.Gray) J.F.Macbr.","Lomatium nuttallii"
"Lomatium orientale J.M. Coult. & Rose","Lomatium orientale J.M.Coult. & Rose","Lomatium orientale"
"Cymopterus planosus (Osterh.) Mathias","Lomatium planosum (Osterh.) Mansfield & S.R.Downie","Lomatium planosum"
"Lomatium sp.","Lomatium sp.","Lomatium sp."
"Lomatium spp.","Lomatium spp.","Lomatium sp."
"Lomatium torreyi (J.M. Coult. & Rose) J.M. Coult. & Rose","Lomatium torreyi (J.M.Coult. & Rose) J.M.Coult. & Rose","Lomatium torreyi"
"Lomatium triternatum (Pursh) J.M. Coult. & Rose","Lomatium triternatum (Pursh) J.M.Coult. & Rose","Lomatium triternatum"
"Lomatium utriculatum (Nutt. ex Torr. & A. Gray) J.M. Coult. & Rose","Lomatium utriculatum (Nutt.) J.M.Coult. & Rose","Lomatium utriculatum"
"Lonicera albiflora Torr. & A. Gray","Lonicera albiflora Torr. & A.Gray","Lonicera albiflora"
"Lonicera canadensis W. Bartram ex Marshall","Lonicera canadensis J.Bartram & W.Bartram ex Marshall","Lonicera canadensis"
"Lonicera ciliosa (Pursh) Poir. ex DC.","Lonicera ciliosa Poir.","Lonicera ciliosa"
"Lonicera dioica L.","Lonicera dioica L.","Lonicera dioica"
"Lonicera fragrantissima Lindl. & Paxton","Lonicera fragrantissima Lindl. & Paxton","Lonicera fragrantissima"
"Lonicera hirsuta Eaton","Lonicera hirsuta Eaton","Lonicera hirsuta"
"Lonicera hispidula (Lindl.) Douglas ex Torr. & A. Gray","Lonicera hispidula (Lindl.) F.Dietr.","Lonicera hispidula"
"Lonicera interrupta Benth.","Lonicera interrupta Benth.","Lonicera interrupta"
"Lonicera involucrata (Richardson) Banks ex Spreng. var. involucrata","Lonicera involucrata var. involucrata","Lonicera involucrata"
"Lonicera involucrata (Richardson) Banks ex Spreng.","Lonicera involucrata (Richardson) Banks ex Spreng.","Lonicera involucrata"
"Lonicera japonica Thunb.","Lonicera japonica Thunb.","Lonicera japonica"
"Lonicera maackii (Rupr.) Herder","Lonicera maackii (Rupr.) Maxim.","Lonicera maackii"
"Lonicera morrowii A. Gray","Lonicera morrowii A.Gray","Lonicera morrowii"
"Lonicera oblongifolia (Goldie) Hook.","Lonicera oblongifolia Hook.","Lonicera oblongifolia"
"Lonicera sempervirens L.","Lonicera sempervirens L.","Lonicera sempervirens"
"Lonicera sp.","Lonicera sp.","Lonicera sp."
"Lonicera spp.","Lonicera spp.","Lonicera sp."
"Lonicera tatarica L.","Lonicera tatarica L.","Lonicera tatarica"
"Lonicera utahensis S. Watson","Lonicera utahensis S.Watson","Lonicera utahensis"
"Lonicera villosa (Michx.) Schult.","Lonicera villosa (Michx.) Schult.","Lonicera villosa"
"Lonicera ×bella Zabel","Lonicera × bella Zabel","Lonicera × bella"
"Lotus argophyllus (A. Gray) Greene var. argophyllus","Lotus argophyllus (A. Gray) Greene var. argophyllus","Lotus argophyllus"
"Lotus corniculatus L.","Lotus corniculatus L.","Lotus corniculatus"
"Lotus crassifolius (Benth.) Greene var. crassifolius","Lotus crassifolius (Benth.) Greene var. crassifolius","Lotus crassifolius"
"Lotus oblongifolius (Benth.) Greene var. oblongifolius","Lotus oblongifolius (Benth.) Greene var. oblongifolius","Lotus oblongifolius"
"Lotus sp.","Lotus sp.","Lotus sp."
"Lotus spp.","Lotus spp.","Lotus sp."
"Lotus unifoliolatus (Hook.) Benth. var. unifoliolatus","Lotus unifoliolatus (Hook.) Benth. var. unifoliolatus","Lotus unifoliolatus"
"Ludwigia alata Elliott","Ludwigia alata Elliott","Ludwigia alata"
"Ludwigia alternifolia L.","Ludwigia alternifolia L.","Ludwigia alternifolia"
"Ludwigia arcuata Walter","Ludwigia arcuata Walter","Ludwigia arcuata"
"Ludwigia decurrens Walter","Ludwigia decurrens Walter","Ludwigia decurrens"
"Ludwigia erecta (L.) H. Hara","Ludwigia erecta (L.) H.Hara","Ludwigia erecta"
"Ludwigia glandulosa Walter","Ludwigia glandulosa Walter","Ludwigia glandulosa"
"Ludwigia hirtella Raf.","Ludwigia hirtella Raf.","Ludwigia hirtella"
"Ludwigia lanceolata Elliott","Ludwigia lanceolata Elliott","Ludwigia lanceolata"
"Ludwigia leptocarpa (Nutt.) H. Hara","Ludwigia leptocarpa (Nutt.) H.Hara","Ludwigia leptocarpa"
"Ludwigia linearis Walter","Ludwigia linearis Walter","Ludwigia linearis"
"Ludwigia maritima Harper","Ludwigia maritima R.M.Harper","Ludwigia maritima"
"Ludwigia microcarpa Michx.","Ludwigia microcarpa Michx.","Ludwigia microcarpa"
"Ludwigia octovalvis (Jacq.) P.H. Raven","Ludwigia octovalvis (Jacq.) P.H.Raven","Ludwigia octovalvis"
"Ludwigia palustris (L.) Elliott","Ludwigia palustris (L.) Elliott","Ludwigia palustris"
"Ludwigia peruviana (L.) H. Hara","Ludwigia peruviana (L.) H.Hara","Ludwigia peruviana"
"Ludwigia repens J.R. Forst.","Ludwigia repens J.R.Forst.","Ludwigia repens"
"Ludwigia sp.","Ludwigia sp.","Ludwigia sp."
"Ludwigia spp.","Ludwigia spp.","Ludwigia sp."
"Ludwigia suffruticosa Walter","Ludwigia suffruticosa Walter","Ludwigia suffruticosa"
"Ludwigia virgata Michx.","Ludwigia virgata Michx.","Ludwigia virgata"
"Lupinus albifrons Benth.","Lupinus albifrons Benth.","Lupinus albifrons"
"Lupinus arcticus S. Watson","Lupinus arcticus S.Watson","Lupinus arcticus"
"Lupinus argenteus Pursh","Lupinus argenteus Pursh","Lupinus argenteus"
"Lupinus benthamii A. Heller","Lupinus benthamii A.Heller","Lupinus benthamii"
"Lupinus bicolor Lindl.","Lupinus bicolor Lindl.","Lupinus bicolor"
"Lupinus brevicaulis S. Watson","Lupinus brevicaulis S.Watson","Lupinus brevicaulis"
"Lupinus breweri A. Gray","Lupinus breweri A.Gray","Lupinus breweri"
"Lupinus caudatus Kellogg ssp. caudatus","Lupinus caudatus subsp. caudatus","Lupinus caudatus"
"Lupinus caudatus Kellogg","Lupinus caudatus Kellogg","Lupinus caudatus"
"Lupinus concinnus J. Agardh","Lupinus concinnus J.Agardh","Lupinus concinnus"
"Lupinus diffusus Nutt.","Lupinus diffusus Nutt.","Lupinus diffusus"
"Lupinus formosus Greene var. robustus C.P. Sm.","Lupinus formosus var. robustus C.P.Sm.","Lupinus formosus"
"Lupinus fulcratus Greene","Lupinus fulcratus Greene","Lupinus fulcratus"
"Lupinus latifolius Lindl. ex J. Agardh","Lupinus latifolius Lindl. ex J.Agardh","Lupinus latifolius"
"Lupinus latifolius Lindl. ex J. Agardh ssp. latifolius","Lupinus latifolius subsp. latifolius","Lupinus latifolius"
"Lupinus lepidus Douglas ex Lindl.","Lupinus lepidus Douglas ex Lindl.","Lupinus lepidus"
"Lupinus leucophyllus Douglas ex Lindl.","Lupinus leucophyllus Douglas ex Lindl.","Lupinus leucophyllus"
"Lupinus nanus Douglas ex Benth.","Lupinus nanus Douglas ex Benth.","Lupinus nanus"
"Lupinus onustus S. Watson","Lupinus onustus S.Watson","Lupinus onustus"
"Lupinus polyphyllus Lindl.","Lupinus polyphyllus Lindl.","Lupinus polyphyllus"
"Lupinus pusillus Pursh","Lupinus pusillus Pursh","Lupinus pusillus"
"Lupinus sericeus Pursh","Lupinus sericeus Pursh","Lupinus sericeus"
"Lupinus sericeus Pursh ssp. sericeus","Lupinus sericeus subsp. sericeus","Lupinus sericeus"
"Lupinus sp.","Lupinus sp.","Lupinus sp."
"Lupinus spp.","Lupinus spp.","Lupinus sp."
"Lupinus sparsiflorus Benth.","Lupinus sparsiflorus Benth.","Lupinus sparsiflorus"
"Lupinus stiversii Kellogg","Lupinus stiversii Kellogg","Lupinus stiversii"
"Lupinus villosus Willd.","Lupinus villosus Willd.","Lupinus villosus"
"Luzula acuminata Raf.","Luzula acuminata Raf.","Luzula acuminata"
"Luzula comosa E. Mey.","Luzula comosa E.Mey.","Luzula comosa"
"Luzula confusa Lindeberg","Luzula confusa Lindeb.","Luzula confusa"
"Luzula divaricata S. Watson","Luzula divaricata S.Watson","Luzula divaricata"
"Luzula echinata (Small) F.J. Herm.","Luzula echinata (Small) F.J.Herm.","Luzula echinata"
"Luzula hawaiiensis Buchenau","Luzula hawaiiensis Buchenau","Luzula hawaiiensis"
"Luzula arctica Blytt ssp. latifolia (Kjellm.) A.E. Porsild","Luzula kjellmaniana Miyabe & Kudô","Luzula kjellmaniana"
"Luzula multiflora (Ehrh.) Lej.","Luzula multiflora (Ehrh.) Lej.","Luzula multiflora"
"Luzula multiflora (Ehrh.) Lej. ssp. multiflora","Luzula multiflora subsp. multiflora","Luzula multiflora"
"Luzula arctica Blytt","Luzula nivalis (Laest.) Spreng.","Luzula nivalis"
"Luzula parviflora (Ehrh.) Desv.","Luzula parviflora (Ehrh.) Desv.","Luzula parviflora"
"Luzula rufescens Fisch. ex E. Mey.","Luzula rufescens Fisch. ex E.Mey.","Luzula rufescens"
"Luzula sp.","Luzula sp.","Luzula sp."
"Luzula spp.","Luzula spp.","Luzula sp."
"Luzula spicata (L.) DC.","Luzula spicata (L.) DC.","Luzula spicata"
"Luzula subcongesta (S. Watson) Jeps.","Luzula subcongesta (S.Watson) Jeps.","Luzula subcongesta"
"Lycium andersonii A. Gray","Lycium andersonii A.Gray","Lycium andersonii"
"Lycium berlandieri Dunal","Lycium berlandieri Dunal","Lycium berlandieri"
"Lycium exsertum A. Gray","Lycium exsertum A.Gray","Lycium exsertum"
"Lycium pallidum Miers","Lycium pallidum Miers","Lycium pallidum"
"Lycium sp.","Lycium sp.","Lycium sp."
"Lycopodiella cernua (L.) Pic. Serm. var. cernua","Lycopodiella cernua (L.) Pic. Serm. var. cernua","Lycopodiella cernua"
"Lycopodiella cernua (L.) Pic. Serm.","Lycopodiella cernua (L.) Pic.Serm.","Lycopodiella cernua"
"Lycopodiella inundata (L.) Holub","Lycopodiella inundata (L.) Holub","Lycopodiella inundata"
"Lycopodiella prostrata (Harper) Cranfill","Lycopodiella prostrata (R.M.Harper) Cranfill","Lycopodiella prostrata"
"Lycopodiella sp.","Lycopodiella sp.","Lycopodiella sp."
"Lycopodium annotinum L.","Lycopodium annotinum L.","Lycopodium annotinum"
"Lycopodium clavatum L.","Lycopodium clavatum L.","Lycopodium clavatum"
"Lycopodium complanatum L.","Lycopodium complanatum L.","Lycopodium complanatum"
"Lycopodium dendroideum Michx.","Lycopodium dendroideum Michx.","Lycopodium dendroideum"
"Lycopodium digitatum Dill. ex A. Braun","Lycopodium digitatum Dill. ex A.Braun","Lycopodium digitatum"
"Lycopodium hickeyi W.H. Wagner, Beitel & Moran","Lycopodium hickeyi W.H.Wagner, Beitel & R.C.Moran","Lycopodium hickeyi"
"Lycopodium lagopus (Laest. ex Hartm.) Zinserl. ex Kuzen","Lycopodium lagopus Zinserl. ex Kuzen.","Lycopodium lagopus"
"Lycopodium obscurum L.","Lycopodium obscurum L.","Lycopodium obscurum"
"Lycopodium sp.","Lycopodium sp.","Lycopodium sp."
"Lycopodium spp.","Lycopodium spp.","Lycopodium sp."
"Lycopus americanus Muhl. ex W.P.C. Barton","Lycopus americanus Muhl. ex W.P.C.Barton","Lycopus americanus"
"Lycopus asper Greene","Lycopus asper Greene","Lycopus asper"
"Lycopus rubellus Moench","Lycopus rubellus Moench","Lycopus rubellus"
"Lycopus sp.","Lycopus sp.","Lycopus sp."
"Lycopus spp.","Lycopus spp.","Lycopus sp."
"Lycopus uniflorus Michx. var. uniflorus","Lycopus uniflorus Michx. var. uniflorus","Lycopus uniflorus"
"Lycopus uniflorus Michx.","Lycopus uniflorus Michx.","Lycopus uniflorus"
"Lycopus virginicus L.","Lycopus virginicus L.","Lycopus virginicus"
"Lygodesmia aphylla (Nutt.) DC.","Lygodesmia aphylla DC.","Lygodesmia aphylla"
"Lygodesmia juncea (Pursh) D. Don ex Hook.","Lygodesmia juncea (Pursh) D.Don ex Hook.","Lygodesmia juncea"
"Lygodesmia juncea/Stephanomeria pauciflora","Lygodesmia juncea","Lygodesmia juncea"
"Lygodesmia sp.","Lygodesmia sp.","Lygodesmia sp."
"Lygodium japonicum (Thunb.) Sw.","Lygodium japonicum (Thunb.) Sw.","Lygodium japonicum"
"Lygodium microphyllum (Cav.) R. Br.","Lygodium microphyllum (Cav.) R.Br.","Lygodium microphyllum"
"Lyonia ferruginea (Walter) Nutt.","Lyonia ferruginea (Walter) Nutt.","Lyonia ferruginea"
"Lyonia fruticosa (Michx.) G.S. Torr.","Lyonia fruticosa (Michx.) G.S.Torr. ex B.L.Rob.","Lyonia fruticosa"
"Lyonia ligustrina (L.) DC. var. ligustrina","Lyonia ligustrina var. ligustrina","Lyonia ligustrina"
"Lyonia ligustrina (L.) DC.","Lyonia ligustrina (L.) DC.","Lyonia ligustrina"
"Lyonia lucida (Lam.) K. Koch","Lyonia lucida (Lam.) K.Koch","Lyonia lucida"
"Lyonia mariana (L.) D. Don","Lyonia mariana (L.) D.Don","Lyonia mariana"
"Lyonia sp.","Lyonia sp.","Lyonia sp."
"Lysichiton americanus Hultén & H. St. John","Lysichiton americanus Hultén & H.St.John","Lysichiton americanus"
"Anagallis arvensis L.","Lysimachia arvensis (L.) U.Manns & Anderb.","Lysimachia arvensis"
"Trientalis borealis Raf.","Lysimachia borealis (Raf.) U.Manns & Anderb.","Lysimachia borealis"
"Lysimachia ciliata L.","Lysimachia ciliata L.","Lysimachia ciliata"
"Trientalis europaea L.","Lysimachia europaea (L.) U.Manns & Anderb.","Lysimachia europaea"
"Lysimachia hybrida Michx.","Lysimachia hybrida Michx.","Lysimachia hybrida"
"Lysimachia lanceolata Walter","Lysimachia lanceolata Walter","Lysimachia lanceolata"
"Trientalis borealis Raf. ssp. latifolia (Hook.) Hultén","Lysimachia latifolia (Hook.) Cholewa","Lysimachia latifolia"
"Glaux maritima L.","Lysimachia maritima (L.) Galasso, Banfi & Soldano","Lysimachia maritima"
"Lysimachia nummularia L.","Lysimachia nummularia L.","Lysimachia nummularia"
"Lysimachia punctata L.","Lysimachia punctata L.","Lysimachia punctata"
"Lysimachia quadriflora Sims","Lysimachia quadriflora Sims","Lysimachia quadriflora"
"Lysimachia quadrifolia L.","Lysimachia quadrifolia L.","Lysimachia quadrifolia"
"Lysimachia remyi Hillebr. ssp. remyi","Lysimachia remyi subsp. remyi","Lysimachia remyi"
"Lysimachia sp.","Lysimachia sp.","Lysimachia sp."
"Lysimachia terrestris (L.) Britton, Sterns & Poggenb.","Lysimachia terrestris (L.) Britton, Sterns & Poggenb.","Lysimachia terrestris"
"Lysimachia thyrsiflora L.","Lysimachia thyrsiflora L.","Lysimachia thyrsiflora"
"Lysimachia tonsa (Alph. Wood) Alph. Wood ex Pax & R. Knuth","Lysimachia tonsa (Alph.Wood) R.Knuth","Lysimachia tonsa"
"Lysimachia vulgaris L.","Lysimachia vulgaris L.","Lysimachia vulgaris"
"Lythrum alatum Pursh","Lythrum alatum Pursh","Lythrum alatum"
"Lythrum flagellare Shuttlw. ex Chapm.","Lythrum flagellare Shuttlew. ex Chapm.","Lythrum flagellare"
"Lythrum hyssopifolium L.","Lythrum hyssopifolia L.","Lythrum hyssopifolia"
"Lythrum salicaria L.","Lythrum salicaria L.","Lythrum salicaria"
"Lythrum sp.","Lythrum sp.","Lythrum sp."
"Macbridea caroliniana (Walter) S.F. Blake","Macbridea caroliniana (Walter) S.F.Blake","Macbridea caroliniana"
"Machaeranthera asteroides (Torr.) Greene var. asteroides","Machaeranthera asteroides (Torr.) Greene var. asteroides","Machaeranthera asteroides"
"Machaeranthera bigelovii (A. Gray) Greene var. bigelovii","Machaeranthera bigelovii (A. Gray) Greene var. bigelovii","Machaeranthera bigelovii"
"Machaeranthera pinnatifida/tanacetifolia","Machaeranthera pinnatifida","Machaeranthera pinnatifida"
"Machaeranthera pinnatifida (Hook.) Shinners ssp. pinnatifida","Machaeranthera pinnatifida (Hook.) Shinners ssp. pinnatifida","Machaeranthera pinnatifida"
"Machaeranthera sp.","Machaeranthera sp.","Machaeranthera sp."
"Machaeranthera spp.","Machaeranthera spp.","Machaeranthera sp."
"Machaeranthera tagetina Greene","Machaeranthera tagetina Greene","Machaeranthera tagetina"
"Machaeranthera tanacetifolia (Kunth) Nees","Machaeranthera tanacetifolia (Kunth) Nees","Machaeranthera tanacetifolia"
"Machaerina angustifolia (Gaudich.) T. Koyama","Machaerina angustifolia (Gaudich.) T.Koyama","Machaerina angustifolia"
"Machaonia portoricensis Baill.","Machaonia portoricensis Baill.","Machaonia portoricensis"
"Maclura pomifera (Raf.) C.K. Schneid.","Maclura pomifera (Raf.) C.K.Schneid.","Maclura pomifera"
"Macroptilium atropurpureum (Moc. & Sessé ex DC.) Urb.","Macroptilium atropurpureum (DC.) Urb.","Macroptilium atropurpureum"
"Macroptilium lathyroides (L.) Urb.","Macroptilium lathyroides (L.) Urb.","Macroptilium lathyroides"
"Macrothelypteris torresiana (Gaudich.) Ching","Macrothelypteris torresiana (Gaudich.) Ching","Macrothelypteris torresiana"
"Madia elegans D. Don ex Lindl.","Madia elegans D.Don","Madia elegans"
"Madia glomerata Hook.","Madia glomerata Hook.","Madia glomerata"
"Madia sativa Molina","Madia sativa Molina","Madia sativa"
"Madia sp.","Madia sp.","Madia sp."
"Magnolia acuminata (L.) L.","Magnolia acuminata (L.) L.","Magnolia acuminata"
"Magnolia fraseri Walter","Magnolia fraseri Walter","Magnolia fraseri"
"Magnolia pyramidata W. Bartram","Magnolia fraseri var. pyramidata (W.Bartram) Pamp.","Magnolia fraseri"
"Magnolia grandiflora L.","Magnolia grandiflora L.","Magnolia grandiflora"
"Magnolia macrophylla Michx.","Magnolia macrophylla Michx.","Magnolia macrophylla"
"Magnolia sp.","Magnolia sp.","Magnolia sp."
"Magnolia tripetala (L.) L.","Magnolia tripetala (L.) L.","Magnolia tripetala"
"Magnolia virginiana L.","Magnolia virginiana L.","Magnolia virginiana"
"Maianthemum canadense Desf.","Maianthemum canadense Desf.","Maianthemum canadense"
"Maianthemum dilatatum (Alph. Wood) A. Nelson & J.F. Macbr.","Maianthemum dilatatum (Alph.Wood) A.Nelson & J.F.Macbr.","Maianthemum dilatatum"
"Maianthemum racemosum (L.) Link ssp. racemosum","Maianthemum racemosum subsp. racemosum","Maianthemum racemosum"
"Maianthemum racemosum (L.) Link","Maianthemum racemosum (L.) Link","Maianthemum racemosum"
"Maianthemum racemosum (L.) Link ssp. amplexicaule (Nutt.) LaFrankie","Maianthemum racemosum subsp. amplexicaule (Nutt.) LaFrankie","Maianthemum racemosum"
"Maianthemum sp.","Maianthemum sp.","Maianthemum sp."
"Maianthemum spp.","Maianthemum spp.","Maianthemum sp."
"Maianthemum stellatum (L.) Link","Maianthemum stellatum (L.) Link","Maianthemum stellatum"
"Maianthemum trifolium (L.) Sloboda","Maianthemum trifolium (L.) Sloboda","Maianthemum trifolium"
"Malachra capitata (L.) L.","Malachra capitata (L.) L.","Malachra capitata"
"Malacothrix fendleri A. Gray","Malacothrix fendleri A.Gray","Malacothrix fendleri"
"Malacothrix glabrata (A. Gray ex D.C. Eaton) A. Gray","Malacothrix glabrata A.Gray","Malacothrix glabrata"
"Malacothrix sonchoides (Nutt.) Torr. & A. Gray","Malacothrix sonchoides (Nutt.) Torr. & A.Gray","Malacothrix sonchoides"
"Malacothrix sp.","Malacothrix sp.","Malacothrix sp."
"Malacothrix stebbinsii W.S. Davis & P.H. Raven","Malacothrix stebbinsii W.S.Davis & P.H.Raven","Malacothrix stebbinsii"
"Malaxis unifolia Michx.","Malaxis unifolia Michx.","Malaxis unifolia"
"Malus angustifolia (Aiton) Michx.","Malus angustifolia (Aiton) Michx.","Malus angustifolia"
"Malus pumila Mill.","Malus domestica (Suckow) Borkh.","Malus domestica"
"Malus fusca (Raf.) C.K. Schneid.","Malus fusca (Raf.) C.K.Schneid.","Malus fusca"
"Malus sp.","Malus sp.","Malus sp."
"Malva neglecta Wallr.","Malva neglecta Wallr.","Malva neglecta"
"Malva sp.","Malva sp.","Malva sp."
"Malvastrum corchorifolium (Desv.) Britton ex Small","Malvastrum corchorifolium (Desr.) Britton ex Small","Malvastrum corchorifolium"
"Malvastrum coromandelianum (L.) Garcke","Malvastrum coromandelianum (L.) Garcke","Malvastrum coromandelianum"
"Malvastrum hispidum (Pursh) Hochr.","Malvastrum hispidum (Pursh) Hochr.","Malvastrum hispidum"
"Mammillaria heyderi Muehlenpf.","Mammillaria heyderi Muehlenpf.","Mammillaria heyderi"
"Mammillaria heyderi Muehlenpf. var. macdougalii (Rose) L.D. Benson","Mammillaria heyderi subsp. heyderi","Mammillaria heyderi"
"Mammillaria sp.","Mammillaria sp.","Mammillaria sp."
"Mangifera indica L.","Mangifera indica L.","Mangifera indica"
"Manihot esculenta Crantz","Manihot esculenta Crantz","Manihot esculenta"
"Marah fabaceus (Naud.) Naud. ex Greene","Marah fabacea (Naudin) Greene","Marah fabacea"
"Marah horridus (Congd.) S.T. Dunn","Marah horrida (Congdon) Dunn","Marah horrida"
"Marah sp.","Marah sp.","Marah sp."
"Maranta sp.","Maranta sp.","Maranta sp."
"Marattia douglasii (C. Presl) Baker","Marattia douglasii (C.Presl) Baker","Marattia douglasii"
"Marrubium vulgare L.","Marrubium vulgare L.","Marrubium vulgare"
"Marshallia caespitosa Nutt. ex DC.","Marshallia caespitosa Nutt. ex DC.","Marshallia caespitosa"
"Matelea sp.","Matelea sp.","Matelea sp."
"Matricaria discoidea DC.","Matricaria discoidea DC.","Matricaria discoidea"
"Mayaca fluviatilis Aubl.","Mayaca fluviatilis Aubl.","Mayaca fluviatilis"
"Mayaca sp.","Mayaca sp.","Mayaca sp."
"Mecardonia acuminata (Walter) Small","Mecardonia acuminata (Walter) Small","Mecardonia acuminata"
"Mecardonia procumbens (Mill.) Small","Mecardonia procumbens (Mill.) Small","Mecardonia procumbens"
"Medeola virginiana L.","Medeola virginiana L.","Medeola virginiana"
"Medicago sativa L. ssp. falcata (L.) Arcang.","Medicago falcata L.","Medicago falcata"
"Medicago lupulina L.","Medicago lupulina L.","Medicago lupulina"
"Medicago minima (L.) L.","Medicago minima (L.) Bartal.","Medicago minima"
"Medicago sativa L.","Medicago sativa L.","Medicago sativa"
"Medicago sp.","Medicago sp.","Medicago sp."
"Urochloa maxima (Jacq.) R. Webster","Megathyrsus maximus (Jacq.) B.K.Simon & S.W.L.Jacobs","Megathyrsus maximus"
"Melampyrum lineare Desr.","Melampyrum lineare Lam.","Melampyrum lineare"
"Campanula uniflora L.","Melanocalyx uniflora (L.) Morin","Melanocalyx uniflora"
"Melanthera aspera (Jacq.) Steud. ex Small","Melanthera nivea (L.) Small","Melanthera nivea"
"Veratrum parviflorum Michx.","Melanthium parviflorum (Michx.) S.Watson","Melanthium parviflorum"
"Veratrum virginicum (L.) W.T. Aiton","Melanthium virginicum L.","Melanthium virginicum"
"Melia azedarach L.","Melia azedarach L.","Melia azedarach"
"Melica bulbosa Geyer ex Porter & J.M. Coult.","Melica bulbosa Porter & J.M.Coult.","Melica bulbosa"
"Melica californica Scribn.","Melica californica Scribn.","Melica californica"
"Melica imperfecta Trin.","Melica imperfecta Trin.","Melica imperfecta"
"Melica mutica Walter","Melica mutica Walter","Melica mutica"
"Melica nitens (Scribn.) Nutt. ex Piper","Melica nitens (Scribn.) Nutt. ex Piper","Melica nitens"
"Melica sp.","Melica sp.","Melica sp."
"Melica spp.","Melica spp.","Melica sp."
"Melica spectabilis Scribn.","Melica spectabilis Scribn.","Melica spectabilis"
"Melica subulata (Griseb.) Scribn.","Melica subulata (Griseb.) Scribn.","Melica subulata"
"Melicoccus bijugatus Jacq.","Melicoccus bijugatus Jacq.","Melicoccus bijugatus"
"Melicope clusiifolia (A. Gray) T.G. Hartley & B.C. Stone","Melicope clusiifolia (A.Gray) T.G.Hartley & B.C.Stone","Melicope clusiifolia"
"Melicope radiata (H. St. John) T.G. Hartley & B.C. Stone","Melicope radiata (H.St.John) T.G.Hartley & B.C.Stone","Melicope radiata"
"Melicope sp.","Melicope sp.","Melicope sp."
"Melicope spp.","Melicope spp.","Melicope sp."
"Melilotus indicus (L.) All.","Melilotus indicus (L.) All.","Melilotus indicus"
"Melilotus officinalis (L.) Lam.","Melilotus officinalis (L.) Lam.","Melilotus officinalis"
"Melilotus sp.","Melilotus sp.","Melilotus sp."
"Melinis repens (Willd.) Zizka","Melinis repens (Willd.) Zizka","Melinis repens"
"Melocactus intortus (Mill.) Urb.","Melocactus intortus (Mill.) Urb.","Melocactus intortus"
"Melochia pyramidata L.","Melochia pyramidata L.","Melochia pyramidata"
"Melochia tomentosa L.","Melochia tomentosa L.","Melochia tomentosa"
"Melothria pendula L.","Melothria pendula L.","Melothria pendula"
"Menispermum canadense L.","Menispermum canadense L.","Menispermum canadense"
"Menodora scabra A. Gray","Menodora scabra Engelm. ex A.Gray","Menodora scabra"
"Mentha arvensis L.","Mentha arvensis L.","Mentha arvensis"
"Mentha sp.","Mentha sp.","Mentha sp."
"Mentha ×piperita L. (pro sp.)","Mentha × piperita L.","Mentha × piperita"
"Mentha ×villosa Huds. (pro sp.)","Mentha × villosa Huds.","Mentha × villosa"
"Mentzelia affinis Greene","Mentzelia affinis Greene","Mentzelia affinis"
"Mentzelia albicaulis (Hook.) Torr. & A. Gray","Mentzelia albicaulis (Douglas ex Hook.) Douglas ex Torr. & A.Gray","Mentzelia albicaulis"
"Mentzelia laciniata (Rydb.) J. Darl.","Mentzelia laciniata (Rydb.) J.Darl.","Mentzelia laciniata"
"Mentzelia multiflora (Nutt.) A. Gray","Mentzelia multiflora (Nutt.) A.Gray","Mentzelia multiflora"
"Mentzelia nuda (Pursh) Torr. & A. Gray","Mentzelia nuda (Pursh) Torr. & A.Gray","Mentzelia nuda"
"Mentzelia nuda (Pursh) Torr. & A. Gray var. nuda","Mentzelia nuda (Pursh) Torr. & A. Gray var. nuda","Mentzelia nuda"
"Mentzelia oligosperma Nutt. ex Sims","Mentzelia oligosperma Nutt. ex Sims","Mentzelia oligosperma"
"Mentzelia pumila Nutt. ex Torr. & A. Gray","Mentzelia pumila Torr. & A.Gray","Mentzelia pumila"
"Mentzelia saxicola H.J. Thomp. & Zavort.","Mentzelia saxicola H.J.Thomps. & Zavort.","Mentzelia saxicola"
"Mentzelia spp.","Mentzelia spp.","Mentzelia sp."
"Mentzelia sp.","Mentzelia sp.","Mentzelia sp."
"Menyanthes trifoliata L.","Menyanthes trifoliata L.","Menyanthes trifoliata"
"Mertensia ciliata (James ex Torr.) G. Don","Mertensia ciliata (E.James ex Torr.) G.Don","Mertensia ciliata"
"Mertensia lanceolata (Pursh) DC.","Mertensia lanceolata (Pursh) DC.","Mertensia lanceolata"
"Mertensia oblongifolia (Nutt.) G. Don","Mertensia oblongifolia (Nutt.) G.Don","Mertensia oblongifolia"
"Mertensia paniculata (Aiton) G. Don","Mertensia paniculata (Aiton) G.Don","Mertensia paniculata"
"Mertensia sp.","Mertensia sp.","Mertensia sp."
"Mertensia virginica (L.) Pers. ex Link","Mertensia virginica (L.) Pers. ex Link","Mertensia virginica"
"Mesadenus lucayanus (Britton) Schltr.","Mesadenus lucayanus (Britton) Schltr.","Mesadenus lucayanus"
"Cynanchum lineare (Bello) Alain, nom. inq.","Metastelma lineare Bello","Metastelma lineare"
"Metrosideros polymorpha Gaudich.","Metrosideros polymorpha Gaudich.","Metrosideros polymorpha"
"Tetrazygia bicolor (Mill.) Cogn.","Miconia bicolor (Mill.) Triana","Miconia bicolor"
"Micranthemum umbrosum (J.F. Gmel.) S.F. Blake","Micranthemum umbrosum (J.F.Gmel.) S.F.Blake","Micranthemum umbrosum"
"Saxifraga californica Greene","Micranthes californica (Greene) Small","Micranthes californica"
"Saxifraga foliolosa R. Br.","Micranthes foliolosa (R.Br.) Gornall","Micranthes foliolosa"
"Saxifraga hieraciifolia Waldst. & Kit. ex Willd.","Micranthes hieraciifolia (Waldst. & Kit. ex Willd.) Haw.","Micranthes hieraciifolia"
"Saxifraga micranthidifolia (Haw.) Steud.","Micranthes micranthidifolia (Haw.) Small","Micranthes micranthidifolia"
"Saxifraga nelsoniana D. Don","Micranthes nelsoniana (D.Don) Small","Micranthes nelsoniana"
"Saxifraga pensylvanica L.","Micranthes pensylvanica (L.) Haw.","Micranthes pensylvanica"
"Saxifraga michauxii Britton","Micranthes petiolaris var. petiolaris","Micranthes petiolaris"
"Saxifraga razshivinii Zhmylev","Micranthes razshivinii (Zhmylev) Brouillet & Gornall","Micranthes razshivinii"
"Saxifraga reflexa Hook.","Micranthes reflexa (Hook.) Small","Micranthes reflexa"
"Saxifraga rhomboidea Greene","Micranthes rhomboidea (Greene) Small","Micranthes rhomboidea"
"Saxifraga hieraciifolia Waldst. & Kit. ex Willd. var. rufopilosa Hultén","Micranthes rufopilosa (Hultén) D.F.Murray & Elven","Micranthes rufopilosa"
"Microlaena stipoides (Labill.) R. Br.","Microlaena stipoides (Labill.) R.Br.","Microlaena stipoides"
"Microlepia sp.","Microlepia sp.","Microlepia sp."
"Clinopodium douglasii (Benth.) Kuntze","Micromeria douglasii Benth.","Micromeria douglasii"
"Micropholis garciniifolia Pierre","Micropholis garciniifolia Pierre","Micropholis garciniifolia"
"Micropholis guyanensis (A. DC.) Pierre","Micropholis guyanensis (A.DC.) Pierre","Micropholis guyanensis"
"Micropus californicus Fisch. & C.A. Mey.","Micropus californicus Fisch. & C.A.Mey.","Micropus californicus"
"Micropus sp.","Micropus sp.","Micropus sp."
"Microseris lindleyi (DC.) A. Gray","Microseris lindleyi (DC.) A.Gray","Microseris lindleyi"
"Microseris nutans (Hook.) Sch. Bip.","Microseris nutans (Hook.) Sch.Bip.","Microseris nutans"
"Microseris sp.","Microseris sp.","Microseris sp."
"Microstegium vimineum (Trin.) A. Camus","Microstegium vimineum (Trin.) A.Camus","Microstegium vimineum"
"Microsteris gracilis (Hook.) Greene","Microsteris gracilis (Hook.) Greene","Microsteris gracilis"
"Microsteris gracilis (Hook.) Greene var. gracilis","Microsteris gracilis var. gracilis","Microsteris gracilis"
"Microsteris sp.","Microsteris sp.","Microsteris sp."
"Mikania congesta DC.","Mikania congesta DC.","Mikania congesta"
"Mikania cordifolia (L. f.) Willd.","Mikania cordifolia (L.f.) Willd.","Mikania cordifolia"
"Mikania scandens (L.) Willd.","Mikania scandens (L.) Willd.","Mikania scandens"
"Mikania sp.","Mikania sp.","Mikania sp."
"Milium effusum L.","Milium effusum L.","Milium effusum"
"Milium sp.","Milium sp.","Milium sp."
"Mimosa borealis A. Gray","Mimosa borealis A.Gray","Mimosa borealis"
"Mimosa dysocarpa Benth.","Mimosa dysocarpa Benth.","Mimosa dysocarpa"
"Mimosa microphylla Dryand.","Mimosa microphylla Dryand.","Mimosa microphylla"
"Mimosa nuttallii (DC. ex Britton & Rose) B.L. Turner","Mimosa nuttallii (Raspail) B.L.Turner","Mimosa nuttallii"
"Mimosa pellita Kunth ex Willd.","Mimosa pigra var. pigra","Mimosa pigra"
"Mimosa pudica L.","Mimosa pudica L.","Mimosa pudica"
"Mimosa pudica L. var. pudica","Mimosa pudica var. pudica","Mimosa pudica"
"Mimosa quadrivalvis L.","Mimosa quadrivalvis L.","Mimosa quadrivalvis"
"Mimosa roemeriana Scheele","Mimosa roemeriana Scheele","Mimosa roemeriana"
"Mimosa rupertiana B.L. Turner","Mimosa rupertiana B.L.Turner","Mimosa rupertiana"
"Mimosa sp.","Mimosa sp.","Mimosa sp."
"Mimulus alatus Aiton","Mimulus alatus Aiton","Mimulus alatus"
"Mimulus layneae (Greene) Jeps.","Mimulus layneae (Greene) Jeps.","Mimulus layneae"
"Mimulus ringens L.","Mimulus ringens L.","Mimulus ringens"
"Mimulus ringens L. var. ringens","Mimulus ringens var. ringens","Mimulus ringens"
"Mimulus sp.","Mimulus sp.","Mimulus sp."
"Mimulus spp.","Mimulus spp.","Mimulus sp."
"Minuartia sp.","Minuartia sp.","Minuartia sp."
"Mirabilis albida (Walter) Heimerl","Mirabilis albida (Walter) Heimerl","Mirabilis albida"
"Mirabilis linearis (Pursh) Heimerl","Mirabilis linearis (Pursh) Heimerl","Mirabilis linearis"
"Mirabilis multiflora (Torr.) A. Gray","Mirabilis multiflora (Torr.) A.Gray","Mirabilis multiflora"
"Mirabilis nyctaginea (Michx.) MacMill.","Mirabilis nyctaginea (Michx.) MacMill.","Mirabilis nyctaginea"
"Mirabilis sp.","Mirabilis sp.","Mirabilis sp."
"Mirabilis spp.","Mirabilis spp.","Mirabilis sp."
"Miriquidica pulvinata (Arnold) Hertel & Rambold","Miriquidica pulvinata (Arnold) Hertel & Rambold","Miriquidica pulvinata"
"Miscanthus sinensis Andersson","Miscanthus sinensis Andersson","Miscanthus sinensis"
"Mitchella repens L.","Mitchella repens L.","Mitchella repens"
"Mitella diphylla L.","Mitella diphylla L.","Mitella diphylla"
"Mitella nuda L.","Mitella nuda L.","Mitella nuda"
"Mitella sp.","Mitella sp.","Mitella sp."
"Mitella caulescens Nutt.","Mitellastra caulescens (Nutt.) Howell","Mitellastra caulescens"
"Mitracarpus hirtus (L.) DC.","Mitracarpus hirtus (L.) DC.","Mitracarpus hirtus"
"Mitracarpus polycladus Urb.","Mitracarpus polycladus Urb.","Mitracarpus polycladus"
"Mitracarpus sp.","Mitracarpus sp.","Mitracarpus sp."
"Mitracarpus spp.","Mitracarpus spp.","Mitracarpus sp."
"Mitreola petiolata (J.F. Gmel.) Torr. & A. Gray","Mitreola petiolata (J.F.Gmel.) Torr. & A.Gray","Mitreola petiolata"
"Mitreola sessilifolia (J.F. Gmel.) G. Don","Mitreola sessilifolia (J.F.Gmel.) G.Don","Mitreola sessilifolia"
"Mitreola sp.","Mitreola sp.","Mitreola sp."
"Modiola caroliniana (L.) G. Don","Modiola caroliniana (L.) G.Don","Modiola caroliniana"
"Moehringia lateriflora (L.) Fenzl","Moehringia lateriflora (L.) Fenzl","Moehringia lateriflora"
"Moehringia macrophylla (Hook.) Fenzl","Moehringia macrophylla (Hook.) Fenzl","Moehringia macrophylla"
"Moehringia sp.","Moehringia sp.","Moehringia sp."
"Molinia caerulea (L.) Moench","Molinia caerulea (L.) Moench","Molinia caerulea"
"Mollugo sp.","Mollugo sp.","Mollugo sp."
"Mollugo verticillata L.","Mollugo verticillata L.","Mollugo verticillata"
"Momordica charantia L.","Momordica charantia L.","Momordica charantia"
"Monarda bradburiana Beck","Monarda bradburyana Beck","Monarda bradburyana"
"Monarda citriodora Cerv. ex Lag.","Monarda citriodora Cerv. ex Lag.","Monarda citriodora"
"Monarda clinopodia L.","Monarda clinopodia L.","Monarda clinopodia"
"Monarda fistulosa L. ssp. fistulosa var. fistulosa","Monarda fistulosa L.","Monarda fistulosa"
"Monarda fistulosa L. ssp. fistulosa","Monarda fistulosa L. ssp. fistulosa","Monarda fistulosa"
"Monarda fistulosa L.","Monarda fistulosa L.","Monarda fistulosa"
"Monarda punctata L.","Monarda punctata L.","Monarda punctata"
"Monarda russeliana Nutt. ex Sims","Monarda russeliana Nutt. ex Sims","Monarda russeliana"
"Monarda sp.","Monarda sp.","Monarda sp."
"Monardella odoratissima Benth.","Monardella odoratissima Benth.","Monardella odoratissima"
"Moneses sp.","Moneses sp.","Moneses sp."
"Moneses uniflora (L.) A. Gray","Moneses uniflora (L.) A.Gray","Moneses uniflora"
"Monotropa hypopithys L.","Monotropa hypopitys L.","Monotropa hypopitys"
"Monotropa sp.","Monotropa sp.","Monotropa sp."
"Monotropa uniflora L.","Monotropa uniflora L.","Monotropa uniflora"
"Montia bostockii (A.E. Porsild) S.L. Welsh","Montia bostockii (A.E.Porsild) S.L.Welsh","Montia bostockii"
"Montia fontana L.","Montia fontana L.","Montia fontana"
"Montia parvifolia (Moc. ex DC.) Greene ssp. parvifolia","Montia parvifolia (Moc. ex DC.) Greene ssp. parvifolia","Montia parvifolia"
"Montia parvifolia (Moc. ex DC.) Greene ssp. flagellaris (Bong.) Ferris","Montia parvifolia var. parvifolia","Montia parvifolia"
"Morelotia gahniiformis Gaudich.","Morelotia gahniiformis Gaudich.","Morelotia gahniiformis"
"Capparis cynophallophora L.","Morisonia cynophallophora (L.) Christenh. & Byng","Morisonia cynophallophora"
"Capparis flexuosa (L.) L.","Morisonia flexuosa L.","Morisonia flexuosa"
"Capparis hastata Jacq.","Morisonia hastata (Jacq.) Christenh. & Byng","Morisonia hastata"
"Capparis incana Kunth","Morisonia incana (Kunth) Christenh. & Byng","Morisonia incana"
"Capparis indica (L.) Druce","Morisonia indica (L.) ined.","Morisonia indica"
"Morus alba L.","Morus alba L.","Morus alba"
"Morus rubra L.","Morus rubra L.","Morus rubra"
"Morus rubra L. var. rubra","Morus rubra L.","Morus rubra"
"Morus sp.","Morus sp.","Morus sp."
"Morus spp.","Morus spp.","Morus sp."
"Eugenia xerophytica Britton","Mosiera xerophytica (Britton) Salywon","Mosiera xerophytica"
"Mosla dianthera (Buch.-Ham. ex Roxb.) Maxim.","Mosla dianthera (Buch.-Ham. ex Roxb.) Maxim.","Mosla dianthera"
"Muhlenbergia arenacea (Buckley) Hitchc.","Muhlenbergia arenacea (Buckley) Hitchc.","Muhlenbergia arenacea"
"Muhlenbergia bushii Pohl","Muhlenbergia bushii R.W.Pohl","Muhlenbergia bushii"
"Muhlenbergia capillaris (Lam.) Trin.","Muhlenbergia capillaris (Lam.) Trin.","Muhlenbergia capillaris"
"Muhlenbergia cuspidata (Torr. ex Hook.) Rydb.","Muhlenbergia cuspidata (Torr. ex Hook.) Rydb.","Muhlenbergia cuspidata"
"Muhlenbergia filiformis (Thurb. ex S. Watson) Rydb.","Muhlenbergia filiformis (Thurb.) Rydb.","Muhlenbergia filiformis"
"Muhlenbergia fragilis Swallen","Muhlenbergia fragilis Swallen","Muhlenbergia fragilis"
"Muhlenbergia frondosa (Poir.) Fernald","Muhlenbergia frondosa (Poir.) Fernald","Muhlenbergia frondosa"
"Muhlenbergia glomerata (Willd.) Trin.","Muhlenbergia glomerata (Willd.) Trin.","Muhlenbergia glomerata"
"Muhlenbergia mexicana (L.) Trin.","Muhlenbergia mexicana (L.) Trin.","Muhlenbergia mexicana"
"Muhlenbergia minutissima (Steud.) Swallen","Muhlenbergia minutissima (Steud.) Swallen","Muhlenbergia minutissima"
"Muhlenbergia montana (Nutt.) Hitchc.","Muhlenbergia montana (Nutt.) Hitchc.","Muhlenbergia montana"
"Muhlenbergia palmeri Vasey","Muhlenbergia palmeri Vasey","Muhlenbergia palmeri"
"Schedonnardus paniculatus (Nutt.) Trel.","Muhlenbergia paniculata (Nutt.) P.M.Peterson","Muhlenbergia paniculata"
"Muhlenbergia polycaulis Scribn.","Muhlenbergia polycaulis Scribn.","Muhlenbergia polycaulis"
"Muhlenbergia porteri Scribn. ex Beal","Muhlenbergia porteri Scribn.","Muhlenbergia porteri"
"Muhlenbergia pungens Thurb.","Muhlenbergia pungens Thurb.","Muhlenbergia pungens"
"Muhlenbergia racemosa (Michx.) Britton, Sterns & Poggenb.","Muhlenbergia racemosa (Michx.) Britton, Sterns & Poggenb.","Muhlenbergia racemosa"
"Muhlenbergia reverchonii Vasey & Scribn.","Muhlenbergia reverchonii Vasey & Scribn.","Muhlenbergia reverchonii"
"Muhlenbergia richardsonis (Trin.) Rydb.","Muhlenbergia richardsonis (Trin.) Rydb.","Muhlenbergia richardsonis"
"Muhlenbergia schreberi J.F. Gmel.","Muhlenbergia schreberi J.F.Gmel.","Muhlenbergia schreberi"
"Muhlenbergia filipes M.A. Curtis","Muhlenbergia sericea (Michx.) P.M.Peterson","Muhlenbergia sericea"
"Muhlenbergia sobolifera (Muhl. ex Willd.) Trin.","Muhlenbergia sobolifera (Muhl. ex Willd.) Trin.","Muhlenbergia sobolifera"
"Muhlenbergia sp.","Muhlenbergia sp.","Muhlenbergia sp."
"Muhlenbergia spp.","Muhlenbergia spp.","Muhlenbergia sp."
"Muhlenbergia sylvatica (Torr.) Torr. ex A. Gray","Muhlenbergia sylvatica Torr.","Muhlenbergia sylvatica"
"Muhlenbergia tenuiflora (Willd.) Britton, Sterns & Poggenb.","Muhlenbergia tenuiflora (Willd.) Britton, Sterns & Poggenb.","Muhlenbergia tenuiflora"
"Muhlenbergia torreyi (Kunth) Hitchc. ex Bush","Muhlenbergia torreyi (Kunth) Hitchc. ex Bush","Muhlenbergia torreyi"
"Muilla maritima (Torr.) S. Watson","Muilla maritima (Torr.) S.Watson ex Benth.","Muilla maritima"
"Dasyochloa pulchella (Kunth) Willd. ex Rydb.","Munroa pulchella (Kunth) Amarilla","Munroa pulchella"
"Munroa sp.","Munroa sp.","Munroa sp."
"Munroa squarrosa (Nutt.) Torr.","Munroa squarrosa (Nutt.) Torr.","Munroa squarrosa"
"Muntingia calabura L.","Muntingia calabura L.","Muntingia calabura"
"Murdannia sp.","Murdannia sp.","Murdannia sp."
"Murraya exotica L.","Murraya paniculata (L.) Jack","Murraya paniculata"
"Muscari botryoides (L.) Mill.","Muscari botryoides (L.) Mill.","Muscari botryoides"
"Myoporum sandwicense (A. DC.) A. Gray","Myoporum sandwicense (A.DC.) A.Gray","Myoporum sandwicense"
"Myosotis arvensis (L.) Hill","Myosotis arvensis (L.) Hill","Myosotis arvensis"
"Myosotis asiatica (Vesterg.) Schischkin & Sergievskaja","Myosotis asiatica (Vestergr.) Schischk. & Serg.","Myosotis asiatica"
"Myosotis laxa Lehm.","Myosotis laxa Lehm.","Myosotis laxa"
"Myosotis macrosperma Engelm.","Myosotis macrosperma Engelm.","Myosotis macrosperma"
"Myosotis scorpioides L.","Myosotis scorpioides L.","Myosotis scorpioides"
"Myosotis sp.","Myosotis sp.","Myosotis sp."
"Myosotis stricta Link ex Roem. & Schult.","Myosotis stricta Link ex Roem. & Schult.","Myosotis stricta"
"Myosotis sylvatica Ehrh.","Myosotis sylvatica Ehrh. ex Hoffm.","Myosotis sylvatica"
"Myosotis verna Nutt.","Myosotis verna Nutt.","Myosotis verna"
"Myrcianthes fragrans (Sw.) McVaugh","Myrcianthes fragrans (Sw.) McVaugh","Myrcianthes fragrans"
"Morella caroliniensis (Mill.) Small","Myrica caroliniensis Mill.","Myrica caroliniensis"
"Morella cerifera (L.) Small","Myrica cerifera L.","Myrica cerifera"
"Myrica gale L.","Myrica gale L.","Myrica gale"
"Myriophyllum aquaticum (Vell.) Verdc.","Myriophyllum aquaticum (Vell.) Verdc.","Myriophyllum aquaticum"
"Myriophyllum sibiricum Kom.","Myriophyllum sibiricum Kom.","Myriophyllum sibiricum"
"Myriophyllum sp.","Myriophyllum sp.","Myriophyllum sp."
"Myriophyllum spicatum L.","Myriophyllum spicatum L.","Myriophyllum spicatum"
"Tournefortia volubilis L.","Myriopus volubilis (L.) Small","Myriopus volubilis"
"Myriotrema erodens R.C. Harris","Myriotrema erodens R.C. Harris","Myriotrema erodens"
"Myrrhis odorata (L.) Scop.","Myrrhis odorata (L.) Scop.","Myrrhis odorata"
"Myrsine lessertiana A. DC.","Myrsine lessertiana A.DC.","Myrsine lessertiana"
"Myrsine sandwicensis A. DC.","Myrsine sandwicensis A.DC.","Myrsine sandwicensis"
"Myrsine sp.","Myrsine sp.","Myrsine sp."
"Myurella sibirica (Müll. Hal.) Reim.","Myurella sibirica (Müll. Hal.) Reim.","Myurella sibirica"
"Prenanthes alba L.","Nabalus albus (L.) Hook.","Nabalus albus"
"Prenanthes altissima L.","Nabalus altissimus (L.) Hook.","Nabalus altissimus"
"Prenanthes aspera Michx.","Nabalus asper (Michx.) Torr. & A.Gray","Nabalus asper"
"Prenanthes serpentaria Pursh","Nabalus serpentaria (Pursh) Hook.","Nabalus serpentaria"
"Prenanthes trifoliolata (Cass.) Fernald","Nabalus trifoliolatus Cass.","Nabalus trifoliolatus"
"Najas guadalupensis (Spreng.) Magnus","Najas guadalupensis (Spreng.) Magnus","Najas guadalupensis"
"Nama hispidum A. Gray","Nama hispidum A. Gray","Nama hispidum"
"Nama sp.","Nama sp.","Nama sp."
"Nandina domestica Thunb.","Nandina domestica Thunb.","Nandina domestica"
"Nassella leucotricha (Trin. & Rupr.) Pohl","Nassella leucotricha (Trin. & Rupr.) R.W.Pohl","Nassella leucotricha"
"Nassella viridula (Trin.) Barkworth","Nassella viridula (Trin.) Barkworth","Nassella viridula"
"Nasturtium officinale W.T. Aiton","Nasturtium officinale W.T.Aiton","Nasturtium officinale"
"Nasturtium sp.","Nasturtium sp.","Nasturtium sp."
"Navarretia sp.","Navarretia sp.","Navarretia sp."
"Ampelopsis arborea (L.) Koehne","Nekemias arborea (L.) J.Wen & Boggan","Nekemias arborea"
"Prosopis glandulosa Torr.","Neltuma glandulosa (Torr.) Britton & Rose","Neltuma glandulosa"
"Prosopis juliflora (Sw.) DC.","Neltuma juliflora (Sw.) Raf.","Neltuma juliflora"
"Prosopis velutina Woot.","Neltuma velutina (Wooton) Britton & Rose","Neltuma velutina"
"Nelumbo lutea Willd.","Nelumbo lutea (Willd.) Pers.","Nelumbo lutea"
"Nemacladus glanduliferus Jeps.","Nemacladus glandulifer Jeps.","Nemacladus glandulifer"
"Nemophila heterophylla Fisch. & C.A. Mey.","Nemophila heterophylla Fisch. & C.A.Mey.","Nemophila heterophylla"
"Nemophila maculata Benth. ex Lindl.","Nemophila maculata Benth. ex Lindl.","Nemophila maculata"
"Nemophila menziesii Hook. & Arn.","Nemophila menziesii Hook. & Arn.","Nemophila menziesii"
"Nemophila menziesii Hook. & Arn. var. atomaria (Fisch. & C.A. Mey.) Chandler","Nemophila menziesii var. atomaria (Fisch. & C.A.Mey.) H.P.Chandler","Nemophila menziesii"
"Nemophila pedunculata Douglas ex Benth.","Nemophila pedunculata Douglas ex Benth.","Nemophila pedunculata"
"Nemophila pulchella Eastw. var. gracilis (Eastw.) Constance","Nemophila pulchella var. gracilis (Eastw.) Constance","Nemophila pulchella"
"Nemophila pulchella Eastw.","Nemophila pulchella Eastw.","Nemophila pulchella"
"Nemophila sp.","Nemophila sp.","Nemophila sp."
"Bassia americana (S. Watson) A.J. Scott","Neokochia americana (S.Watson) G.L.Chu & S.C.Sand.","Neokochia americana"
"Listera caurina Piper","Neottia banksiana (Lindl.) Rchb.f.","Neottia banksiana"
"Listera cordata (L.) R. Br.","Neottia cordata (L.) Rich.","Neottia cordata"
"Nepeta cataria L.","Nepeta cataria L.","Nepeta cataria"
"Cocculus carolinus (L.) DC.","Nephroia carolina (L.) L.Lian & Wei Wang","Nephroia carolina"
"Cocculus diversifolius DC.","Nephroia diversifolia (DC.) L.Lian & Wei Wang","Nephroia diversifolia"
"Nephrolepis cordifolia (L.) C. Presl","Nephrolepis cordifolia (L.) C.Presl","Nephrolepis cordifolia"
"Nephrolepis sp.","Nephrolepis sp.","Nephrolepis sp."
"Neptunia lutea (Leavenworth) Benth.","Neptunia lutea (Leavenw.) Benth.","Neptunia lutea"
"Neptunia plena (L.) Benth.","Neptunia plena (L.) Benth.","Neptunia plena"
"Nerisyrenia camporum (A. Gray) Greene","Nerisyrenia camporum (A.Gray) Greene","Nerisyrenia camporum"
"Coprosma granadensis (L. f.) Heads","Nertera granadensis (Mutis ex L.f.) Druce","Nertera granadensis"
"Noccaea fendleri (A. Gray) Holub ssp. glauca (A. Nelson) Al-Shehbaz & M. Koch","Noccaea fendleri subsp. glauca (A.Nelson) Al-Shehbaz & M.Koch","Noccaea fendleri"
"Noccaea fendleri (A. Gray) Holub","Noccaea fendleri (A.Gray) Holub","Noccaea fendleri"
"Microthlaspi perfoliatum (L.) F.K. Mey.","Noccaea perfoliata (L.) Al-Shehbaz","Noccaea perfoliata"
"Noccaea sp.","Noccaea sp.","Noccaea sp."
"Nothochelone nemorosa (Douglas ex Lindl.) Straw","Nothochelone nemorosa (Douglas ex Lindl.) Straw","Nothochelone nemorosa"
"Nothoscordum bivalve (L.) Britton","Nothoscordum bivalve (L.) Britton","Nothoscordum bivalve"
"Nothoscordum sp.","Nothoscordum sp.","Nothoscordum sp."
"Nuphar sp.","Nuphar sp.","Nuphar sp."
"Nuttallanthus canadensis (L.) D.A. Sutton","Nuttallanthus canadensis (L.) D.A.Sutton","Nuttallanthus canadensis"
"Nuttallanthus sp.","Nuttallanthus sp.","Nuttallanthus sp."
"Nuttallanthus texanus (Scheele) D.A. Sutton","Nuttallanthus texanus (Scheele) D.A.Sutton","Nuttallanthus texanus"
"Nymphaea odorata Aiton","Nymphaea odorata Aiton","Nymphaea odorata"
"Nymphaea sp.","Nymphaea sp.","Nymphaea sp."
"Nymphoides aquatica (J.F. Gmel.) Kuntze","Nymphoides aquatica (J.F.Gmel.) Kuntze","Nymphoides aquatica"
"Nyssa aquatica L.","Nyssa aquatica L.","Nyssa aquatica"
"Nyssa biflora Walter","Nyssa biflora Walter","Nyssa biflora"
"Nyssa sp.","Nyssa sp.","Nyssa sp."
"Nyssa sylvatica Marshall","Nyssa sylvatica Marshall","Nyssa sylvatica"
"Obolaria virginica L.","Obolaria virginica L.","Obolaria virginica"
"Ocimum campechianum Mill.","Ocimum campechianum Mill.","Ocimum campechianum"
"Oclemena acuminata (Michx.) Greene","Oclemena acuminata (Michx.) Greene","Oclemena acuminata"
"Oclemena reticulata (Pursh) G.L. Nesom","Oclemena reticulata (Pursh) G.L.Nesom","Oclemena reticulata"
"Oclemena sp.","Oclemena sp.","Oclemena sp."
"Odontosoria chinensis (L.) J. Sm.","Odontosoria chinensis (L.) J.Sm.","Odontosoria chinensis"
"Matelea obliqua (Jacq.) Woodson","Odontostephana obliqua (Jacq.) Alexander","Odontostephana obliqua"
"Oemleria cerasiformis (Torr. & A. Gray ex Hook. & Arn.) Landon","Oemleria cerasiformis (Torr. & A.Gray ex Hook. & Arn.) J.W.Landon","Oemleria cerasiformis"
"Oenanthe sarmentosa C. Presl ex DC.","Oenanthe sarmentosa C.Presl ex DC.","Oenanthe sarmentosa"
"Oenanthe sp.","Oenanthe sp.","Oenanthe sp."
"Oenothera acutissima W.L. Wagner","Oenothera acutissima W.L.Wagner","Oenothera acutissima"
"Oenothera albicaulis Pursh","Oenothera albicaulis Pursh","Oenothera albicaulis"
"Oenothera nuttallii Sweet","Oenothera albicaulis Pursh","Oenothera albicaulis"
"Oenothera biennis L.","Oenothera biennis L.","Oenothera biennis"
"Oenothera canescens Torr. & Frém.","Oenothera canescens Torr. & Frém.","Oenothera canescens"
"Calylophus berlandieri Spach","Oenothera capillifolia subsp. berlandieri (Spach) W.L.Wagner & Hoch","Oenothera capillifolia"
"Calylophus berlandieri Spach ssp. pinifolius (Engelm. ex A. Gray) Towner","Oenothera capillifolia subsp. capillifolia","Oenothera capillifolia"
"Oenothera coronopifolia Torr. & A. Gray","Oenothera coronopifolia Torr. & A.Gray","Oenothera coronopifolia"
"Gaura parviflora Douglas ex Lehm.","Oenothera curtiflora W.L.Wagner & Hoch","Oenothera curtiflora"
"Gaura filipes Spach","Oenothera filipes (Spach) W.L.Wagner & Hoch","Oenothera filipes"
"Oenothera fruticosa L.","Oenothera fruticosa L.","Oenothera fruticosa"
"Gaura biennis L.","Oenothera gaura W.L.Wagner & Hoch","Oenothera gaura"
"Stenosiphon linifolius (Nutt. ex James) Heynh.","Oenothera glaucifolia W.L.Wagner & Hoch","Oenothera glaucifolia"
"Oenothera grandis (Britton) Smyth","Oenothera grandis Smyth","Oenothera grandis"
"Calylophus hartwegii (Benth.) P.H. Raven ssp. fendleri (A. Gray) Towner & P.H. Raven","Oenothera hartwegii subsp. fendleri (A.Gray) W.L.Wagner & Hoch","Oenothera hartwegii"
"Oenothera laciniata Hill","Oenothera laciniata Hill","Oenothera laciniata"
"Oenothera linifolia Nutt.","Oenothera linifolia Nutt.","Oenothera linifolia"
"Oenothera macrocarpa Nutt.","Oenothera macrocarpa Nutt.","Oenothera macrocarpa"
"Oenothera macrocarpa Nutt. ssp. incana (A. Gray) Wagner","Oenothera macrocarpa subsp. incana (A.Gray) W.L.Wagner","Oenothera macrocarpa"
"Oenothera pallida Lindl.","Oenothera pallida Lindl.","Oenothera pallida"
"Oenothera pilosella Raf.","Oenothera pilosella Raf.","Oenothera pilosella"
"Oenothera primiveris A. Gray","Oenothera primiveris A.Gray","Oenothera primiveris"
"Calylophus serrulatus (Nutt.) P.H. Raven","Oenothera serrulata Nutt.","Oenothera serrulata"
"Gaura sinuata Nutt. ex Ser.","Oenothera sinuosa W.L.Wagner & Hoch","Oenothera sinuosa"
"Oenothera sp.","Oenothera sp.","Oenothera sp."
"Oenothera spp.","Oenothera spp.","Oenothera sp."
"Oenothera speciosa Nutt.","Oenothera speciosa Nutt.","Oenothera speciosa"
"Oenothera suffrutescens (Ser.) W.L. Wagner & Hoch","Oenothera suffrutescens (Moc. & Sessé ex Ser.) W.L.Wagner & Hoch","Oenothera suffrutescens"
"Oenothera triloba Nutt.","Oenothera triloba Nutt.","Oenothera triloba"
"Oenothera villosa Thunb.","Oenothera villosa Thunb.","Oenothera villosa"
"Oldenlandia boscii (DC.) Chapm.","Oldenlandia boscii (DC.) Chapm.","Oldenlandia boscii"
"Oldenlandia corymbosa L.","Oldenlandia corymbosa L.","Oldenlandia corymbosa"
"Oldenlandia sp.","Oldenlandia sp.","Oldenlandia sp."
"Oligoneuron rigidum (L.) Small var. rigidum","Oligoneuron rigidum (L.) Small var. rigidum","Oligoneuron rigidum"
"Oligoneuron sp.","Oligoneuron sp.","Oligoneuron sp."
"Olneya tesota A. Gray","Olneya tesota A.Gray","Olneya tesota"
"Onobrychis viciifolia Scop.","Onobrychis viciifolia Scop.","Onobrychis viciifolia"
"Onoclea sensibilis L.","Onoclea sensibilis L.","Onoclea sensibilis"
"Onoclea sp.","Onoclea sp.","Onoclea sp."
"Matteuccia struthiopteris (L.) Todaro","Onoclea struthiopteris (L.) Roth","Onoclea struthiopteris"
"Onosmodium bejariense DC. ex A. DC. var. bejariense","Onosmodium bejariense DC. ex A. DC. var. bejariense","Onosmodium bejariense"
"Ophioglossum engelmannii Prantl","Ophioglossum engelmannii Prantl","Ophioglossum engelmannii"
"Ophioglossum nudicaule L. f.","Ophioglossum nudicaule L.f.","Ophioglossum nudicaule"
"Ophioglossum sp.","Ophioglossum sp.","Ophioglossum sp."
"Ophioglossum vulgatum L.","Ophioglossum vulgatum L.","Ophioglossum vulgatum"
"Oplismenus hirtellus (L.) P. Beauv. ssp. setarius (Lam.) Mez ex Ekman","Oplismenus compositus (L.) P.Beauv.","Oplismenus compositus"
"Oplismenus hirtellus (L.) P. Beauv.","Oplismenus hirtellus (L.) P.Beauv.","Oplismenus hirtellus"
"Oplismenus sp.","Oplismenus sp.","Oplismenus sp."
"Oplismenus hirtellus (L.) P. Beauv. ssp. undulatifolius (Ard.) U. Scholz","Oplismenus undulatifolius (Ard.) P.Beauv.","Oplismenus undulatifolius"
"Oplonia spp.","Oplonia spp.","Oplonia sp."
"Oplopanax horridus (Sm.) Miq.","Oplopanax horridus (Sm.) Miq.","Oplopanax horridus"
"Opuntia ammophila Small","Opuntia austrina Small","Opuntia austrina"
"Opuntia engelmannii Salm-Dyck ex Engelm.","Opuntia engelmannii Salm-Dyck ex Engelm.","Opuntia engelmannii"
"Opuntia polyacantha Haw. var. erinacea (Engelm. & J.M. Bigelow ex Engelm.) Parfitt","Opuntia erinacea Engelm. & J.M.Bigelow","Opuntia erinacea"
"Opuntia fragilis (Nutt.) Haw.","Opuntia fragilis (Nutt.) Haw.","Opuntia fragilis"
"Opuntia santa-rita (Griffiths & Hare) Rose","Opuntia gosseliniana F.A.C.Weber","Opuntia gosseliniana"
"Opuntia humifusa (Raf.) Raf.","Opuntia humifusa (Raf.) Raf.","Opuntia humifusa"
"Opuntia macrocentra Engelm.","Opuntia macrocentra Engelm.","Opuntia macrocentra"
"Opuntia macrorhiza Engelm.","Opuntia macrorhiza Engelm.","Opuntia macrorhiza"
"Opuntia mesacantha Raf. subsp. lata (Small)Majure","Opuntia mesacantha subsp. lata (Small) Majure","Opuntia mesacantha"
"Opuntia phaeacantha Engelm.","Opuntia phaeacantha Engelm.","Opuntia phaeacantha"
"Opuntia polyacantha Haw.","Opuntia polyacantha Haw.","Opuntia polyacantha"
"Opuntia polyacantha Haw. var. polyacantha","Opuntia polyacantha var. polyacantha","Opuntia polyacantha"
"Opuntia repens Bello","Opuntia repens Bello","Opuntia repens"
"Opuntia sp.","Opuntia sp.","Opuntia sp."
"Opuntia spp.","Opuntia spp.","Opuntia sp."
"Opuntia triacantha (Willd.) Sweet","Opuntia triacanthos (Willd.) Sweet","Opuntia triacanthos"
"Opuntia dillenii (Ker Gawl.) Haw.","Opuntia tuna (L.) Mill.","Opuntia tuna"
"Orbexilum lupinellum (Michx.) Isely","Orbexilum lupinellus (Michx.) Isely","Orbexilum lupinellus"
"Orbexilum pedunculatum (Mill.) Rydb.","Orbexilum pedunculatum (Mill.) Rydb.","Orbexilum pedunculatum"
"Oreobolus furcatus H. Mann","Oreobolus furcatus H.Mann","Oreobolus furcatus"
"Cryptantha flava (A. Nelson) Payson","Oreocarya flava A.Nelson","Oreocarya flava"
"Cryptantha flavoculata (A. Nelson) Payson","Oreocarya flavoculata A.Nelson","Oreocarya flavoculata"
"Cryptantha humilis (A. Gray) Payson","Oreocarya humilis (A.Gray) Greene","Oreocarya humilis"
"Cryptantha paysonii (J.F. Macbr.) I.M. Johnst.","Oreocarya paysonii J.F.Macbr.","Oreocarya paysonii"
"Cryptantha cinerea (Greene) Cronquist var. jamesii (Torr.) Cronquist","Oreocarya suffruticosa var. suffruticosa","Oreocarya suffruticosa"
"Cryptantha virgata (Porter) Payson","Oreocarya virgata (Porter) Greene","Oreocarya virgata"
"Oreochrysum parryi (A. Gray) Rydb.","Oreochrysum parryi Rydb.","Oreochrysum parryi"
"Oreochrysum sp.","Oreochrysum sp.","Oreochrysum sp."
"Papaver lapponicum (Tolm.) Nordh.","Oreomecon lapponica (Tolm.) Galasso, Banfi & Bartolucci","Oreomecon lapponica"
"Papaver macounii Greene","Oreomecon macounii (Greene) Galasso, Banfi & Bartolucci","Oreomecon macounii"
"Oreoxis alpina (A. Gray) J.M. Coult. & Rose ssp. alpina","Oreoxis alpina (A. Gray) J.M. Coult. & Rose ssp. alpina","Oreoxis alpina"
"Origanum sp.","Origanum sp.","Origanum sp."
"Ornithogalum sp.","Ornithogalum sp.","Ornithogalum sp."
"Orobanche fasciculata Nutt.","Orobanche fasciculata Nutt.","Orobanche fasciculata"
"Orobanche ludoviciana Nutt.","Orobanche ludoviciana Nutt.","Orobanche ludoviciana"
"Orobanche sp.","Orobanche sp.","Orobanche sp."
"Orobanche spp.","Orobanche spp.","Orobanche sp."
"Orobanche uniflora L.","Orobanche uniflora L.","Orobanche uniflora"
"Orthilia secunda (L.) House","Orthilia secunda (L.) House","Orthilia secunda"
"Orthilia sp.","Orthilia sp.","Orthilia sp."
"Orthocarpus luteus Nutt.","Orthocarpus luteus Nutt.","Orthocarpus luteus"
"Oryza sativa L.","Oryza sativa L.","Oryza sativa"
"Oryzopsis asperifolia Michx.","Oryzopsis asperifolia Michx.","Oryzopsis asperifolia"
"Oryzopsis asperifolia/Schizachne purpurascens","Oryzopsis asperifolia","Oryzopsis asperifolia"
"Oryzopsis sp.","Oryzopsis sp.","Oryzopsis sp."
"Osmanthus americanus (L.) Benth. & Hook. f. ex A. Gray var. americanus","Osmanthus americanus (L.) Benth. & Hook. f. ex A. Gray var. americanus","Osmanthus americanus"
"Osmorhiza berteroi DC.","Osmorhiza berteroi DC.","Osmorhiza berteroi"
"Osmorhiza brachypoda Torr.","Osmorhiza brachypoda Torr. ex Durand","Osmorhiza brachypoda"
"Osmorhiza claytonii (Michx.) C.B. Clarke","Osmorhiza claytonii (Michx.) C.B.Clarke","Osmorhiza claytonii"
"Osmorhiza depauperata Phil.","Osmorhiza depauperata Phil.","Osmorhiza depauperata"
"Osmorhiza longistylis (Torr.) DC.","Osmorhiza longistylis (Torr.) DC.","Osmorhiza longistylis"
"Osmorhiza sp.","Osmorhiza sp.","Osmorhiza sp."
"Osmunda cinnamomea L. var. cinnamomea","Osmunda cinnamomea L. var. cinnamomea","Osmunda cinnamomea"
"Osmunda claytoniana L.","Osmunda claytoniana L.","Osmunda claytoniana"
"Osmunda regalis L.","Osmunda regalis L.","Osmunda regalis"
"Osmunda sp.","Osmunda sp.","Osmunda sp."
"Osmunda regalis L. var. spectabilis (Willd.) A. Gray","Osmunda spectabilis Willd.","Osmunda spectabilis"
"Osmunda cinnamomea L.","Osmundastrum cinnamomeum (L.) C.Presl","Osmundastrum cinnamomeum"
"Ostrya chisosensis Correll","Ostrya knowltonii Coville","Ostrya knowltonii"
"Ostrya sp.","Ostrya sp.","Ostrya sp."
"Ostrya virginiana (Mill.) K. Koch","Ostrya virginiana (Mill.) K.Koch","Ostrya virginiana"
"Oxalis albicans Kunth","Oxalis albicans Kunth","Oxalis albicans"
"Oxalis rubra A. St.-Hil.","Oxalis articulata Savigny","Oxalis articulata"
"Oxalis albicans Kunth ssp. californica (Abrams) Eiten","Oxalis californica (Abrams) R.Knuth","Oxalis californica"
"Oxalis corniculata L.","Oxalis corniculata L.","Oxalis corniculata"
"Oxalis radicosa A. Rich.","Oxalis corniculata L.","Oxalis corniculata"
"Oxalis debilis Kunth var. corymbosa (DC.) Lourteig","Oxalis debilis Kunth","Oxalis debilis"
"Oxalis debilis Kunth","Oxalis debilis Kunth","Oxalis debilis"
"Oxalis dichondrifolia A. Gray","Oxalis dichondrifolia A.Gray","Oxalis dichondrifolia"
"Oxalis dillenii Jacq.","Oxalis dillenii Jacq.","Oxalis dillenii"
"Oxalis montana Raf.","Oxalis montana Raf.","Oxalis montana"
"Oxalis oregana Nutt.","Oxalis oregana Nutt.","Oxalis oregana"
"Oxalis sp.","Oxalis sp.","Oxalis sp."
"Oxalis spp.","Oxalis spp.","Oxalis sp."
"Oxalis stricta L.","Oxalis stricta L.","Oxalis stricta"
"Oxalis violacea L.","Oxalis violacea L.","Oxalis violacea"
"Chenopodium glaucum L.","Oxybasis glauca (L.) S.Fuentes, Uotila & Borsch","Oxybasis glauca"
"Chenopodium rubrum L.","Oxybasis rubra (L.) S.Fuentes, Uotila & Borsch","Oxybasis rubra"
"Oxycaryum sp.","Oxycaryum sp.","Oxycaryum sp."
"Oxydendrum arboreum (L.) DC.","Oxydendrum arboreum (L.) DC.","Oxydendrum arboreum"
"Oxypolis fendleri (A. Gray) A. Heller","Oxypolis fendleri (A.Gray) A.Heller","Oxypolis fendleri"
"Oxypolis occidentalis J.M. Coult. & Rose","Oxypolis occidentalis J.M.Coult. & Rose","Oxypolis occidentalis"
"Oxyria digyna (L.) Hill","Oxyria digyna (L.) Hill","Oxyria digyna"
"Oxytropis besseyi (Rydb.) Blank.","Oxytropis besseyi (Rydb.) Blank.","Oxytropis besseyi"
"Oxytropis campestris (L.) DC.","Oxytropis campestris (L.) DC.","Oxytropis campestris"
"Oxytropis lagopus Nutt.","Oxytropis lagopus Nutt.","Oxytropis lagopus"
"Oxytropis lambertii Pursh","Oxytropis lambertii Pursh","Oxytropis lambertii"
"Oxytropis multiceps Nutt.","Oxytropis multiceps Nutt.","Oxytropis multiceps"
"Oxytropis nigrescens (Pall.) Fisch. ex DC.","Oxytropis nigrescens (Pall.) Fisch. ex DC.","Oxytropis nigrescens"
"Oxytropis scammaniana Hultén","Oxytropis scammaniana Hultén","Oxytropis scammaniana"
"Oxytropis sericea Nutt.","Oxytropis sericea Nutt.","Oxytropis sericea"
"Oxytropis sp.","Oxytropis sp.","Oxytropis sp."
"Oxytropis spp.","Oxytropis spp.","Oxytropis sp."
"Packera anonyma (Alph. Wood) W.A. Weber & Á. Löve","Packera anonyma (Alph.Wood) W.A.Weber & Á.Löve","Packera anonyma"
"Packera aurea (L.) Á. Löve & D. Löve","Packera aurea (L.) Á.Löve & D.Löve","Packera aurea"
"Packera cana (Hook.) W.A. Weber & Á. Löve","Packera cana (Hook.) W.A.Weber & Á.Löve","Packera cana"
"Packera tomentosa (Michx.) C. Jeffrey","Packera dubia (Spreng.) Trock & Mabb.","Packera dubia"
"Packera fendleri (A. Gray) W.A. Weber & Á. Löve","Packera fendleri (A.Gray) W.A.Weber & Á.Löve","Packera fendleri"
"Packera glabella (Poir.) C. Jeffrey","Packera glabella (Poir.) C.Jeffrey","Packera glabella"
"Packera indecora (Greene) Á. Löve & D. Löve","Packera indecora (Greene) Á.Löve & D.Löve","Packera indecora"
"Packera multilobata (Torr. & A. Gray ex A. Gray) W.A. Weber & Á. Löve","Packera multilobata (Torr. & A.Gray) W.A.Weber & Á.Löve","Packera multilobata"
"Packera neomexicana (A. Gray) W.A. Weber & Á. Löve","Packera neomexicana (A.Gray) W.A.Weber & Á.Löve","Packera neomexicana"
"Packera obovata (Muhl. ex Willd.) W.A. Weber & Á. Löve","Packera obovata (Willd.) W.A.Weber & Á.Löve","Packera obovata"
"Packera paupercula (Michx.) Á. Löve & D. Löve","Packera paupercula (Michx.) Á.Löve & D.Löve","Packera paupercula"
"Packera plattensis (Nutt.) W.A. Weber & Á. Löve","Packera plattensis (Nutt.) W.A.Weber & Á.Löve","Packera plattensis"
"Packera pseudaurea (Rydb.) W.A. Weber & Á. Löve","Packera pseudaurea (Rydb.) W.A.Weber & Á.Löve","Packera pseudaurea"
"Packera sp.","Packera sp.","Packera sp."
"Packera spp.","Packera spp.","Packera sp."
"Packera streptanthifolia (Greene) W.A. Weber & Á. Löve","Packera streptanthifolia (Greene) W.A.Weber & Á.Löve","Packera streptanthifolia"
"Packera tampicana (DC.) C. Jeffrey","Packera tampicana (DC.) C.Jeffrey","Packera tampicana"
"Packera tridenticulata (Rydb.) W.A. Weber & Á. Löve","Packera thurberi (A.Gray) B.L.Turner","Packera thurberi"
"Lachnocaulon anceps (Walter) Morong","Paepalanthus anceps (Walter) Christenh. & Byng","Paepalanthus anceps"
"Lachnocaulon beyrichianum Sporleder ex Koern.","Paepalanthus beyrichianus (Sporl. ex Körn.) Christenh. & Byng","Paepalanthus beyrichianus"
"Lachnocaulon minus (Chapm.) Small","Paepalanthus minus (Chapm.) Christenh. & Byng","Paepalanthus minus"
"Palafoxia callosa (Nutt.) Torr. & A. Gray","Palafoxia callosa (Nutt.) Torr. & A.Gray","Palafoxia callosa"
"Palafoxia feayi A. Gray","Palafoxia feayi A.Gray","Palafoxia feayi"
"Palafoxia integrifolia (Nutt.) Torr. & A. Gray","Palafoxia integrifolia Torr. & A.Gray","Palafoxia integrifolia"
"Palafoxia rosea (Bush) Cory","Palafoxia rosea (Bush) Cory","Palafoxia rosea"
"Palafoxia sp.","Palafoxia sp.","Palafoxia sp."
"Palafoxia sphacelata (Nutt. ex Torr.) Cory","Palafoxia sphacelata (Nutt. ex Torr.) Cory","Palafoxia sphacelata"
"Campanula aparinoides Pursh","Palustricodon aparinoides (Pursh) Morin","Palustricodon aparinoides"
"Panax quinquefolius L.","Panax quinquefolius L.","Panax quinquefolius"
"Panax trifolius L.","Panax trifolius L.","Panax trifolius"
"Panicum capillare L.","Panicum capillare L.","Panicum capillare"
"Panicum coloratum L.","Panicum coloratum L.","Panicum coloratum"
"Panicum dichotomiflorum Michx. var. dichotomiflorum","Panicum dichotomiflorum Michx. var. dichotomiflorum","Panicum dichotomiflorum"
"Panicum dichotomiflorum Michx.","Panicum dichotomiflorum Michx.","Panicum dichotomiflorum"
"Panicum flexile (Gattinger) Scribn.","Panicum flexile (Gatt.) Scribn.","Panicum flexile"
"Panicum gattingeri Nash","Panicum gattingeri Nash","Panicum gattingeri"
"Phanopyrum gymnocarpon (Elliott) Nash","Panicum gymnocarpon Elliott","Panicum gymnocarpon"
"Panicum hallii Vasey","Panicum hallii Vasey","Panicum hallii"
"Panicum hemitomon Schult.","Panicum hemitomon Schult.","Panicum hemitomon"
"Panicum hirticaule J. Presl","Panicum hirticaule J.Presl","Panicum hirticaule"
"Panicum miliaceum L.","Panicum miliaceum L.","Panicum miliaceum"
"Panicum philadelphicum Bernh. ex Trin.","Panicum philadelphicum Bernh. ex Nees","Panicum philadelphicum"
"Panicum repens L.","Panicum repens L.","Panicum repens"
"Panicum sp.","Panicum sp.","Panicum sp."
"Panicum spp.","Panicum spp.","Panicum sp."
"Panicum virgatum L.","Panicum virgatum L.","Panicum virgatum"
"Panicum virgatum L. var. virgatum","Panicum virgatum L. var. virgatum","Panicum virgatum"
"Stylomecon heterophylla (Benth.) G. Taylor","Papaver heterophyllum (Benth.) Greene","Papaver heterophyllum"
"Papaver sp.","Papaver sp.","Papaver sp."
"Pappophorum bicolor Fourn.","Pappophorum bicolor E.Fourn.","Pappophorum bicolor"
"Pappophorum vaginatum Buckley","Pappophorum mucronulatum Nees","Pappophorum mucronulatum"
"Parapholis incurva (L.) C.E. Hubbard","Parapholis incurva (L.) C.E.Hubb.","Parapholis incurva"
"Parietaria hespera Hinton","Parietaria hespera Hinton","Parietaria hespera"
"Parietaria pensylvanica Muhl. ex Willd.","Parietaria pensylvanica Muhl. ex Willd.","Parietaria pensylvanica"
"Parkinsonia florida (Benth. ex A. Gray) S. Watson","Parkinsonia florida (Benth. ex A.Gray) S.Watson","Parkinsonia florida"
"Parkinsonia microphylla Torr.","Parkinsonia microphylla Torr.","Parkinsonia microphylla"
"Parmotrema ultralucens (Krog) Hale","Parmotrema ultralucens (Krog) Hale","Parmotrema ultralucens"
"Parnassia palustris L.","Parnassia palustris L.","Parnassia palustris"
"Polygonum cilinode Michx.","Parogonum ciliinode (Michx.) Desjardins & J.P.Bailey","Parogonum ciliinode"
"Paronychia americana (Nutt.) Fenzl ex Walp.","Paronychia americana (Nutt.) Fenzl ex Walp.","Paronychia americana"
"Paronychia baldwinii (Torr. & A. Gray) Fenzl ex Walp.","Paronychia baldwinii (Torr. & A.Gray) Fenzl ex Walp.","Paronychia baldwinii"
"Paronychia canadensis (L.) Alph. Wood","Paronychia canadensis (L.) Alph.Wood","Paronychia canadensis"
"Paronychia jamesii Torr. & A. Gray","Paronychia jamesii Torr. & A.Gray","Paronychia jamesii"
"Paronychia patula Shinners","Paronychia patula Shinners","Paronychia patula"
"Paronychia pulvinata A. Gray","Paronychia pulvinata A.Gray","Paronychia pulvinata"
"Paronychia rugelii (Chapm.) Shuttlw. ex Chapm.","Paronychia rugelii (Chapm.) Shuttlew. ex Chapm.","Paronychia rugelii"
"Paronychia sessiliflora Nutt.","Paronychia sessiliflora Nutt.","Paronychia sessiliflora"
"Paronychia setacea Torr. & A. Gray","Paronychia setacea Torr. & A.Gray","Paronychia setacea"
"Paronychia sp.","Paronychia sp.","Paronychia sp."
"Paronychia virginica Spreng.","Paronychia virginica Spreng.","Paronychia virginica"
"Parrya nudicaulis (L.) Regel","Parrya nudicaulis (L.) Regel","Parrya nudicaulis"
"Parthenice mollis A. Gray","Parthenice mollis A.Gray","Parthenice mollis"
"Parthenium hysterophorus L.","Parthenium hysterophorus L.","Parthenium hysterophorus"
"Parthenium incanum Kunth","Parthenium incanum Kunth","Parthenium incanum"
"Parthenium sp.","Parthenium sp.","Parthenium sp."
"Parthenocissus quinquefolia (L.) Planch.","Parthenocissus quinquefolia (L.) Planch.","Parthenocissus quinquefolia"
"Parthenocissus sp.","Parthenocissus sp.","Parthenocissus sp."
"Pascopyrum spp.","Pascopyrum spp.","Pascopyrum sp."
"Pascopyrum sp.","Pascopyrum sp.","Pascopyrum sp."
"Paspalidium spp.","Paspalidium spp.","Paspalidium sp."
"Paspalidium sp.","Paspalidium sp.","Paspalidium sp."
"Paspalum bifidum (Bertol.) Nash","Paspalum bifidum (Bertol.) Nash","Paspalum bifidum"
"Paspalum caespitosum Flueggé","Paspalum caespitosum Flüggé","Paspalum caespitosum"
"Paspalum conjugatum P.J. Bergius","Paspalum conjugatum P.J.Bergius","Paspalum conjugatum"
"Paspalum dilatatum Poir.","Paspalum dilatatum Poir.","Paspalum dilatatum"
"Paspalum distichum L.","Paspalum distichum L.","Paspalum distichum"
"Paspalum fasciculatum Willd. ex Flueggé","Paspalum fasciculatum Willd. ex Flüggé","Paspalum fasciculatum"
"Paspalum fimbriatum Kunth","Paspalum fimbriatum Kunth","Paspalum fimbriatum"
"Paspalum floridanum Michx.","Paspalum floridanum Michx.","Paspalum floridanum"
"Paspalum laeve Michx.","Paspalum laeve Michx.","Paspalum laeve"
"Paspalum laxum Lam.","Paspalum laxum Lam.","Paspalum laxum"
"Paspalum millegrana Schrad.","Paspalum millegranum Schrad.","Paspalum millegranum"
"Paspalum notatum Flueggé","Paspalum notatum Flüggé","Paspalum notatum"
"Paspalum paniculatum L.","Paspalum paniculatum L.","Paspalum paniculatum"
"Paspalum plicatulum Michx.","Paspalum plicatulum Michx.","Paspalum plicatulum"
"Paspalum praecox Walter","Paspalum praecox Walter","Paspalum praecox"
"Paspalum pubiflorum Rupr. ex Fourn.","Paspalum pubiflorum Rupr. ex E.Fourn.","Paspalum pubiflorum"
"Paspalum notatum Flueggé var. saurae Parodi","Paspalum saurae (Parodi) Parodi","Paspalum saurae"
"Paspalum setaceum Michx.","Paspalum setaceum Michx.","Paspalum setaceum"
"Paspalum sp.","Paspalum sp.","Paspalum sp."
"Paspalum spp.","Paspalum spp.","Paspalum sp."
"Paspalum urvillei Steud.","Paspalum urvillei Steud.","Paspalum urvillei"
"Paspalum virgatum L.","Paspalum virgatum L.","Paspalum virgatum"
"Passiflora bilobata Juss.","Passiflora bilobata Juss.","Passiflora bilobata"
"Passiflora edulis Sims","Passiflora edulis Sims","Passiflora edulis"
"Passiflora incarnata L.","Passiflora incarnata L.","Passiflora incarnata"
"Passiflora lutea L.","Passiflora lutea L.","Passiflora lutea"
"Passiflora sp.","Passiflora sp.","Passiflora sp."
"Passiflora suberosa L.","Passiflora suberosa L.","Passiflora suberosa"
"Pastinaca sativa L.","Pastinaca sativa L.","Pastinaca sativa"
"Patis racemosa (Sm.) Romasch., P.M. Peterson & R. J. Soreng","Patis racemosa (Sm.) Romasch., P.M.Peterson & Soreng","Patis racemosa"
"Paullinia pinnata L.","Paullinia pinnata L.","Paullinia pinnata"
"Paullinia sp.","Paullinia sp.","Paullinia sp."
"Paulownia tomentosa (Thunb.) Siebold & Zucc. ex Steud.","Paulownia tomentosa (Thunb.) Steud.","Paulownia tomentosa"
"Pavonia spinifex (L.) Cav.","Pavonia spinifex (L.) Cav.","Pavonia spinifex"
"Paxistima myrsinites (Pursh) Raf.","Paxistima myrsinites (Pursh) Raf.","Paxistima myrsinites"
"Pectis angustifolia Torr.","Pectis angustifolia Torr.","Pectis angustifolia"
"Pectis angustifolia Torr. var. angustifolia","Pectis angustifolia var. angustifolia","Pectis angustifolia"
"Pectis cylindrica (Fernald) Rydb.","Pectis cylindrica Rydb.","Pectis cylindrica"
"Pectis filipes Harv. & A. Gray","Pectis filipes Harv. & A.Gray","Pectis filipes"
"Pectis imberbis A. Gray","Pectis imberbis A.Gray","Pectis imberbis"
"Pectis linifolia L.","Pectis linifolia L.","Pectis linifolia"
"Pectis longipes A. Gray","Pectis longipes A.Gray","Pectis longipes"
"Pectis papposa Harv. & A. Gray","Pectis papposa Harv. & A.Gray","Pectis papposa"
"Pectis papposa Harv. & A. Gray var. grandis Keil","Pectis papposa var. grandis D.J.Keil","Pectis papposa"
"Pectis prostrata Cav.","Pectis prostrata Cav.","Pectis prostrata"
"Pectis sp.","Pectis sp.","Pectis sp."
"Pectocarya heterocarpa (I.M. Johnst.) I.M. Johnst.","Pectocarya heterocarpa (I.M.Johnst.) I.M.Johnst.","Pectocarya heterocarpa"
"Pectocarya platycarpa (Munz & I.M. Johnst.) Munz & I.M. Johnst.","Pectocarya platycarpa (Munz & I.M.Johnst.) Munz & I.M.Johnst.","Pectocarya platycarpa"
"Pectocarya recurvata I.M. Johnst.","Pectocarya recurvata I.M.Johnst.","Pectocarya recurvata"
"Pectocarya setosa A. Gray","Pectocarya setosa A.Gray","Pectocarya setosa"
"Pectocarya sp.","Pectocarya sp.","Pectocarya sp."
"Pectocarya spp.","Pectocarya spp.","Pectocarya sp."
"Pedicularis bracteosa Benth. var. paysoniana (Pennell) Cronquist","Pedicularis bracteosa var. paysoniana (Pennell) Cronquist","Pedicularis bracteosa"
"Pedicularis canadensis L. ssp. canadensis","Pedicularis canadensis L. ssp. canadensis","Pedicularis canadensis"
"Pedicularis canadensis L.","Pedicularis canadensis L.","Pedicularis canadensis"
"Pedicularis capitata M.F. Adams","Pedicularis capitata Adams","Pedicularis capitata"
"Pedicularis groenlandica Retz.","Pedicularis groenlandica Retz.","Pedicularis groenlandica"
"Pedicularis groenlandica/parryi","Pedicularis groenlandica","Pedicularis groenlandica"
"Pedicularis labradorica Wirsing","Pedicularis labradorica Wirsing","Pedicularis labradorica"
"Pedicularis lanata Cham. & Schltdl.","Pedicularis lanata Cham. & Schltdl.","Pedicularis lanata"
"Pedicularis langsdorffii Fisch. ex Stev.","Pedicularis langsdorffii Fisch. ex Steven","Pedicularis langsdorffii"
"Pedicularis lapponica L.","Pedicularis lapponica L.","Pedicularis lapponica"
"Pedicularis oederi Vahl ex Hornem.","Pedicularis oederi Vahl","Pedicularis oederi"
"Pedicularis ornithorhyncha Benth.","Pedicularis ornithorhynchos Benth.","Pedicularis ornithorhynchos"
"Pedicularis parryi A. Gray","Pedicularis parryi A.Gray","Pedicularis parryi"
"Pedicularis racemosa Douglas ex Benth. ssp. alba Pennell","Pedicularis racemosa subsp. alba Pennell","Pedicularis racemosa"
"Pedicularis racemosa Douglas ex Benth.","Pedicularis racemosa Douglas ex Benth.","Pedicularis racemosa"
"Pedicularis semibarbata A. Gray","Pedicularis semibarbata A.Gray","Pedicularis semibarbata"
"Pedicularis spp.","Pedicularis spp.","Pedicularis sp."
"Pedicularis sp.","Pedicularis sp.","Pedicularis sp."
"Pedicularis sudetica Willd.","Pedicularis sudetica Willd.","Pedicularis sudetica"
"Pediocactus simpsonii (Engelm.) Britton & Rose","Pediocactus simpsonii (Engelm.) Britton & Rose","Pediocactus simpsonii"
"Pediocactus simpsonii (Engelm.) Britton & Rose var. simpsonii","Pediocactus simpsonii (Engelm.) Britton & Rose var. simpsonii","Pediocactus simpsonii"
"Pediocactus spp.","Pediocactus spp.","Pediocactus sp."
"Pediocactus sp.","Pediocactus sp.","Pediocactus sp."
"Pediomelum argophyllum (Pursh) J. Grimes","Pediomelum argophyllum (Pursh) J.W.Grimes","Pediomelum argophyllum"
"Pediomelum canescens (Michx.) Rydb.","Pediomelum canescens (Michx.) Rydb.","Pediomelum canescens"
"Pediomelum cuspidatum (Pursh) Rydb.","Pediomelum cuspidatum (Pursh) Rydb.","Pediomelum cuspidatum"
"Pediomelum esculentum (Pursh) Rydb.","Pediomelum esculentum (Pursh) Rydb.","Pediomelum esculentum"
"Pediomelum linearifolium (Torr. & A. Gray) J. Grimes","Pediomelum linearifolium (Torr. & A.Gray) J.W.Grimes","Pediomelum linearifolium"
"Pediomelum rhombifolium (Torr. & A. Gray) Rydb.","Pediomelum rhombifolium (Torr. & A.Gray) Rydb.","Pediomelum rhombifolium"
"Pediomelum sp.","Pediomelum sp.","Pediomelum sp."
"Psoralidium tenuiflorum (Pursh) Rydb.","Pediomelum tenuiflorum (Pursh) A.N.Egan","Pediomelum tenuiflorum"
"Escobaria missouriensis (Sweet) D.R. Hunt","Pelecyphora missouriensis (Sweet) D.Aquino & Dan.Sánchez","Pelecyphora missouriensis"
"Escobaria vivipara (Nutt.) Buxbaum","Pelecyphora vivipara (Nutt.) D.Aquino & Dan.Sánchez","Pelecyphora vivipara"
"Pellia endiviifolia (Dicks.) Dumort.","Pellia endiviifolia (Dicks.) Dumort.","Pellia endiviifolia"
"Peltandra sp.","Peltandra sp.","Peltandra sp."
"Peltandra virginica (L.) Schott","Peltandra virginica (L.) Schott","Peltandra virginica"
"Peniocereus greggii (Engelm.) Britton & Rose","Peniocereus greggii (Engelm.) Britton & Rose","Peniocereus greggii"
"Peniocereus greggii (Engelm.) Britton & Rose var. transmontanus (Engelm.) Backeb.","Peniocereus greggii subsp. transmontanus (Engelm.) U.Guzmán","Peniocereus greggii"
"Pennisetum sp.","Pennisetum sp.","Pennisetum sp."
"Penstemon albidus Nutt.","Penstemon albidus Nutt.","Penstemon albidus"
"Penstemon angustifolius Nutt. ex Pursh","Penstemon angustifolius Nutt. ex Pursh","Penstemon angustifolius"
"Penstemon aridus Rydb.","Penstemon aridus Rydb.","Penstemon aridus"
"Penstemon australis Small","Penstemon australis Small","Penstemon australis"
"Penstemon grandiflorus Nutt.","Penstemon bradburyi Pursh","Penstemon bradburyi"
"Penstemon cobaea Nutt.","Penstemon cobaea Nutt.","Penstemon cobaea"
"Penstemon fendleri Torr. & A. Gray","Penstemon fendleri Torr. & A.Gray","Penstemon fendleri"
"Penstemon glaber Pursh","Penstemon glaber Pursh","Penstemon glaber"
"Penstemon gracilis Nutt.","Penstemon gracilis Nutt.","Penstemon gracilis"
"Penstemon laevigatus Aiton","Penstemon laevigatus Aiton","Penstemon laevigatus"
"Penstemon laxiflorus Pennell","Penstemon laxiflorus Pennell","Penstemon laxiflorus"
"Penstemon multiflorus Chapm. ex Benth.","Penstemon multiflorus (Benth.) Chapm. ex Small","Penstemon multiflorus"
"Penstemon newberryi A. Gray","Penstemon newberryi A.Gray","Penstemon newberryi"
"Penstemon newberryi A. Gray ssp. newberryi","Penstemon newberryi var. berryi (Eastw.) N.H.Holmgren","Penstemon newberryi"
"Penstemon ophianthus Pennell","Penstemon ophianthus Pennell","Penstemon ophianthus"
"Penstemon pallidus Small","Penstemon pallidus Small","Penstemon pallidus"
"Penstemon palmeri A. Gray","Penstemon palmeri A.Gray","Penstemon palmeri"
"Penstemon procerus Douglas ex Graham","Penstemon procerus Douglas ex Graham","Penstemon procerus"
"Penstemon richardsonii Douglas ex Lindl.","Penstemon richardsonii Douglas ex Lindl.","Penstemon richardsonii"
"Penstemon rostriflorus Kellogg","Penstemon rostriflorus Kellogg","Penstemon rostriflorus"
"Penstemon sp.","Penstemon sp.","Penstemon sp."
"Penstemon spp.","Penstemon spp.","Penstemon sp."
"Penstemon tubaeflorus Nutt.","Penstemon tubaeflorus Nutt.","Penstemon tubaeflorus"
"Penstemon virens Pennell ex Rydb.","Penstemon virens Pennell ex Rydb.","Penstemon virens"
"Penstemon whippleanus A. Gray","Penstemon whippleanus A.Gray","Penstemon whippleanus"
"Pentagramma sp.","Pentagramma sp.","Pentagramma sp."
"Pentagramma triangularis (Kaulf.) Yatsk., Windham & E. Wollenw. ssp. maxonii (Weath.) Yatsk., Windham & E. Wollenw.","Pentagramma triangularis (Kaulf.) Yatsk., Windham & E. Wollenw. ssp. maxonii (Weath.) Yatsk., Windham & E. Wollenw.","Pentagramma triangularis"
"Pentagramma triangularis (Kaulf.) Yatsk., Windham & E. Wollenw. ssp. triangularis","Pentagramma triangularis (Kaulf.) Yatsk., Windham & E. Wollenw. ssp. triangularis","Pentagramma triangularis"
"Penthorum sedoides L.","Penthorum sedoides L.","Penthorum sedoides"
"Pentodon pentandrus (Schumach. & Thonn.) Vatke","Pentodon pentandrus (Schumach.) Vatke","Pentodon pentandrus"
"Peperomia sp.","Peperomia sp.","Peperomia sp."
"Perideridia americana (Nutt. ex DC.) Rchb.","Perideridia americana (Nutt. ex DC.) Rchb. ex Steud.","Perideridia americana"
"Perideridia gairdneri (Hook. & Arn.) Mathias","Perideridia gairdneri (Hook. & Arn.) Mathias","Perideridia gairdneri"
"Perideridia gairdneri (Hook. & Arn.) Mathias ssp. borealis T.I. Chuang & Constance","Perideridia gairdneri subsp. borealis T.I.Chuang & Constance","Perideridia gairdneri"
"Perideridia parishii (J.M. Coult. & Rose) A. Nelson & J.F. Macbr.","Perideridia parishii (J.M.Coult. & Rose) A.Nelson & J.F.Macbr.","Perideridia parishii"
"Perideridia pringlei (J.M. Coult. & Rose) A. Nelson & J.F. Macbr.","Perideridia pringlei (J.M.Coult. & Rose) A.Nelson & J.F.Macbr.","Perideridia pringlei"
"Perideridia spp.","Perideridia spp.","Perideridia sp."
"Perilla frutescens (L.) Britton","Perilla frutescens (L.) Britton","Perilla frutescens"
"Perrottetia sandwicensis A. Gray","Perrottetia sandwicensis A.Gray","Perrottetia sandwicensis"
"Persea americana Mill.","Persea americana Mill.","Persea americana"
"Persea sp.","Persea sp.","Persea sp."
"Polygonum amphibium L.","Persicaria amphibia (L.) Delarbre","Persicaria amphibia"
"Polygonum amphibium L. var. emersum Michx.","Persicaria amphibia (L.) Delarbre","Persicaria amphibia"
"Polygonum arifolium L.","Persicaria arifolia (L.) Haraldson","Persicaria arifolia"
"Polygonum hirsutum Walter","Persicaria hirsuta (Walter) Small","Persicaria hirsuta"
"Polygonum hydropiper L.","Persicaria hydropiper (L.) Delarbre","Persicaria hydropiper"
"Polygonum hydropiperoides Michx.","Persicaria hydropiperoides (Michx.) Small","Persicaria hydropiperoides"
"Polygonum lapathifolium L.","Persicaria lapathifolia (L.) Delarbre","Persicaria lapathifolia"
"Polygonum cespitosum Blume var. longisetum (Bruijn) A.N. Steward","Persicaria longiseta (Bruijn) Kitag.","Persicaria longiseta"
"Polygonum persicaria L.","Persicaria maculosa Gray","Persicaria maculosa"
"Polygonum pensylvanicum L.","Persicaria pensylvanica (L.) M.Gómez","Persicaria pensylvanica"
"Polygonum perfoliatum L.","Persicaria perfoliata (L.) H.Gross","Persicaria perfoliata"
"Polygonum punctatum Elliott","Persicaria punctata (Elliott) Small","Persicaria punctata"
"Polygonum sagittatum L.","Persicaria sagittata (L.) H.Gross","Persicaria sagittata"
"Polygonum setaceum Baldw.","Persicaria setacea (Baldwin) Small","Persicaria setacea"
"Polygonum virginianum L.","Persicaria virginiana (L.) Gaertn.","Persicaria virginiana"
"Petasites frigidus (L.) Fr. var. palmatus (Aiton) Cronquist","Petasites frigidus var. palmatus (Aiton) Cronquist","Petasites frigidus"
"Petasites frigidus (L.) Fr.","Petasites frigidus (L.) Fr.","Petasites frigidus"
"Petiveria alliacea L.","Petiveria alliacea L.","Petiveria alliacea"
"Petradoria pumila (Nutt.) Greene","Petradoria pumila (Nutt.) Greene","Petradoria pumila"
"Phacelia californica Cham.","Phacelia californica Cham.","Phacelia californica"
"Phacelia cicutaria Greene","Phacelia cicutaria Greene","Phacelia cicutaria"
"Phacelia cicutaria Greene var. cicutaria","Phacelia cicutaria var. cicutaria","Phacelia cicutaria"
"Phacelia ciliata Benth.","Phacelia ciliata Benth.","Phacelia ciliata"
"Phacelia coerulea Greene","Phacelia coerulea Greene","Phacelia coerulea"
"Phacelia crenulata Torr. ex S. Watson","Phacelia crenulata Torr. ex S.Watson","Phacelia crenulata"
"Phacelia distans Benth.","Phacelia distans Benth.","Phacelia distans"
"Phacelia franklinii (R. Br.) A. Gray","Phacelia franklinii (R.Br.) A.Gray","Phacelia franklinii"
"Phacelia hastata Douglas ex Lehm.","Phacelia hastata Douglas ex Lehm.","Phacelia hastata"
"Phacelia heterophylla Pursh","Phacelia heterophylla Pursh","Phacelia heterophylla"
"Phacelia hydrophylloides Torr. ex A. Gray","Phacelia hydrophylloides Torr. ex A.Gray","Phacelia hydrophylloides"
"Phacelia integrifolia Torr.","Phacelia integrifolia Torr.","Phacelia integrifolia"
"Phacelia ivesiana Torr.","Phacelia ivesiana Torr.","Phacelia ivesiana"
"Phacelia laxa Small","Phacelia laxa Small","Phacelia laxa"
"Phacelia mutabilis Greene","Phacelia mutabilis Greene","Phacelia mutabilis"
"Phacelia platyloba A. Gray","Phacelia platyloba A.Gray","Phacelia platyloba"
"Phacelia quickii J.T. Howell","Phacelia quickii J.T.Howell","Phacelia quickii"
"Phacelia racemosa (Kellogg) Brandegee","Phacelia racemosa (Kellogg) A.Heller","Phacelia racemosa"
"Phacelia ramosissima Douglas ex Lehm.","Phacelia ramosissima Douglas ex Lehm.","Phacelia ramosissima"
"Phacelia sp.","Phacelia sp.","Phacelia sp."
"Phacelia vallis-mortae J. Voss var. heliophila (J.F. Macbr.) J. Voss","Phacelia vallis-mortae var. heliophila (J.F.Macbr.) J.W.Voss","Phacelia vallis-mortae"
"Phacelia viscida (Benth. ex Lindl.) Torr.","Phacelia viscida (Benth. ex Lindl.) Torr.","Phacelia viscida"
"Phaius tancarvilleae (Banks ex L'Hér.) Blume","Phaius tankervilleae (Banks) Blume","Phaius tankervilleae"
"Phalacroseris bolanderi A. Gray","Phalacroseris bolanderi A.Gray","Phalacroseris bolanderi"
"Phalaris arundinacea L.","Phalaris arundinacea L.","Phalaris arundinacea"
"Phalaris canariensis L.","Phalaris canariensis L.","Phalaris canariensis"
"Phalaris caroliniana Walter","Phalaris caroliniana Walter","Phalaris caroliniana"
"Phalaris sp.","Phalaris sp.","Phalaris sp."
"Phaseolus acutifolius A. Gray","Phaseolus acutifolius A.Gray","Phaseolus acutifolius"
"Phegopteris connectilis (Michx.) Watt","Phegopteris connectilis (Michx.) Watt","Phegopteris connectilis"
"Phegopteris hexagonoptera (Michx.) Fée","Phegopteris hexagonoptera (Michx.) Fée","Phegopteris hexagonoptera"
"Phemeranthus parviflorus (Nutt.) Kiger","Phemeranthus parviflorus (Nutt.) Kiger","Phemeranthus parviflorus"
"Phemeranthus sp.","Phemeranthus sp.","Phemeranthus sp."
"Phialanthus grandifolius Alain","Phialanthus grandifolius Alain","Phialanthus grandifolius"
"Phlebodium aureum (L.) J. Sm.","Phlebodium aureum (L.) J.Sm.","Phlebodium aureum"
"Phlebodium sp.","Phlebodium sp.","Phlebodium sp."
"Polygala cowellii (Britton) S.F. Blake","Phlebotaenia cowellii Britton","Phlebotaenia cowellii"
"Phleum alpinum L.","Phleum alpinum L.","Phleum alpinum"
"Phleum pratense L.","Phleum pratense L.","Phleum pratense"
"Phleum sp.","Phleum sp.","Phleum sp."
"Phleum spp.","Phleum spp.","Phleum sp."
"Phlox amplifolia Britton","Phlox amplifolia Britton","Phlox amplifolia"
"Phlox carolina L.","Phlox carolina L.","Phlox carolina"
"Phlox divaricata L.","Phlox divaricata L.","Phlox divaricata"
"Phlox hoodii Richardson","Phlox hoodii Richardson","Phlox hoodii"
"Phlox hoodii Richardson ssp. canescens (Torr. & A. Gray) Wherry","Phlox hoodii subsp. canescens (Torr. & A.Gray) Wherry","Phlox hoodii"
"Phlox longifolia Nutt.","Phlox longifolia Nutt.","Phlox longifolia"
"Phlox maculata L.","Phlox maculata L.","Phlox maculata"
"Phlox multiflora A. Nelson","Phlox multiflora A.Nelson","Phlox multiflora"
"Phlox multiflora A. Nelson ssp. multiflora","Phlox multiflora subsp. multiflora","Phlox multiflora"
"Phlox pilosa L.","Phlox pilosa L.","Phlox pilosa"
"Phlox pulvinata (Wherry) Cronquist","Phlox pulvinata (Wherry) Cronquist","Phlox pulvinata"
"Phlox roemeriana Scheele","Phlox roemeriana Scheele","Phlox roemeriana"
"Phlox sp.","Phlox sp.","Phlox sp."
"Phlox spp.","Phlox spp.","Phlox sp."
"Phlox stolonifera Sims","Phlox stolonifera Sims","Phlox stolonifera"
"Phoebanthus grandiflorus (Torr. & A. Gray) S.F. Blake","Phoebanthus grandiflorus S.F.Blake","Phoebanthus grandiflorus"
"Phoebanthus sp.","Phoebanthus sp.","Phoebanthus sp."
"Phoenicaulis cheiranthoides Nutt.","Phoenicaulis cheiranthoides Nutt.","Phoenicaulis cheiranthoides"
"Pholistoma auritum (Lindl.) Lilja","Pholistoma auritum (Lindl.) Lilja","Pholistoma auritum"
"Phoradendron anceps (Spreng.) G. Maza","Phoradendron anceps (Spreng.) M.Gómez","Phoradendron anceps"
"Phoradendron californicum Nutt.","Phoradendron californicum Nutt.","Phoradendron californicum"
"Phoradendron juniperinum Engelm. ex A. Gray","Phoradendron juniperinum Engelm. ex A.Gray","Phoradendron juniperinum"
"Phoradendron leucarpum (Raf.) Reveal & M.C. Johnst.","Phoradendron leucarpum (Raf.) Reveal & M.C.Johnst.","Phoradendron leucarpum"
"Phoradendron macrophyllum (Engelm.) Cockerell ssp. macrophyllum","Phoradendron macrophyllum (Engelm.) Cockerell ssp. macrophyllum","Phoradendron macrophyllum"
"Phoradendron sp.","Phoradendron sp.","Phoradendron sp."
"Phoradendron spp.","Phoradendron spp.","Phoradendron sp."
"Phoradendron villosum (Nutt.) Nutt.","Phoradendron villosum (Nutt.) Nutt. ex Engelm.","Phoradendron villosum"
"Photinia sp.","Photinia sp.","Photinia sp."
"Phragmites australis (Cav.) Trin. ex Steud. ssp. australis","Phragmites australis subsp. australis","Phragmites australis"
"Phragmites australis (Cav.) Trin. ex Steud.","Phragmites australis (Cav.) Trin. ex Steud.","Phragmites australis"
"Phragmites australis (Cav.) Trin. ex Steud. ssp. americanus Saltonst., P.M. Peterson & Soreng","Phragmites australis subsp. americanus Saltonst., P.M.Peterson & Soreng","Phragmites australis"
"Phryma leptostachya L.","Phryma leptostachya L.","Phryma leptostachya"
"Phyla cuneifolia (Torr.) Greene","Phyla cuneifolia (Torr.) Greene","Phyla cuneifolia"
"Phyla lanceolata (Michx.) Greene","Phyla lanceolata (Michx.) Greene","Phyla lanceolata"
"Phyla fruticosa (Mill.) Kennedy","Phyla nodiflora var. reptans (Kunth) Moldenke","Phyla nodiflora"
"Phyla nodiflora (L.) Greene","Phyla nodiflora (L.) Greene","Phyla nodiflora"
"Phyla sp.","Phyla sp.","Phyla sp."
"Phyllanthus caroliniensis Walter","Phyllanthus caroliniensis Walter","Phyllanthus caroliniensis"
"Phyllanthus epiphyllanthus L.","Phyllanthus epiphyllanthus L.","Phyllanthus epiphyllanthus"
"Phyllanthus niruri L.","Phyllanthus niruri L.","Phyllanthus niruri"
"Phyllanthus polygonoides Nutt. ex Spreng.","Phyllanthus polygonoides Nutt. ex Spreng.","Phyllanthus polygonoides"
"Phyllanthus sp.","Phyllanthus sp.","Phyllanthus sp."
"Phyllanthus urinaria L.","Phyllanthus urinaria L.","Phyllanthus urinaria"
"Physalis angulata L.","Physalis angulata L.","Physalis angulata"
"Physalis arenicola Kearney","Physalis arenicola Kearney","Physalis arenicola"
"Physalis cinerascens (Dunal) Hitchc.","Physalis cinerascens (Dunal) Hitchc.","Physalis cinerascens"
"Physalis crassifolia Benth.","Physalis crassifolia Benth.","Physalis crassifolia"
"Physalis hederifolia A. Gray var. fendleri (A. Gray) Cronquist","Physalis fendleri A.Gray","Physalis fendleri"
"Physalis hederifolia A. Gray","Physalis hederifolia A.Gray","Physalis hederifolia"
"Physalis heterophylla Nees","Physalis heterophylla Nees","Physalis heterophylla"
"Physalis longifolia Nutt. var. subglabrata (Mack. & Bush) Cronquist","Physalis longifolia var. subglabrata (Mack. & Bush) Cronquist","Physalis longifolia"
"Physalis longifolia Nutt.","Physalis longifolia Nutt.","Physalis longifolia"
"Physalis longifolia Nutt. var. longifolia","Physalis longifolia var. longifolia","Physalis longifolia"
"Physalis pubescens L.","Physalis pubescens L.","Physalis pubescens"
"Physalis pumila Nutt.","Physalis pumila Nutt.","Physalis pumila"
"Physalis hispida (Waterf.) Cronquist","Physalis pumila var. hispida (Waterf.) J.R.Sullivan","Physalis pumila"
"Physalis sp.","Physalis sp.","Physalis sp."
"Physalis spp.","Physalis spp.","Physalis sp."
"Physalis virginiana Mill.","Physalis virginiana Mill.","Physalis virginiana"
"Physalis walteri Nutt.","Physalis walteri Nutt.","Physalis walteri"
"Physaria acutifolia Rydb.","Physaria acutifolia Rydb.","Physaria acutifolia"
"Lesquerella angustifolia (Nutt. ex Torr. & A. Gray) S. Watson","Physaria angustifolia (Nutt.) O'Kane & Al-Shehbaz","Physaria angustifolia"
"Physaria chambersii Rollins","Physaria chambersii Rollins","Physaria chambersii"
"Lesquerella engelmannii (A. Gray) S. Watson","Physaria engelmannii (A.Gray) O'Kane & Al-Shehbaz","Physaria engelmannii"
"Lesquerella fendleri (A. Gray) S. Watson","Physaria fendleri (A.Gray) O'Kane & Al-Shehbaz","Physaria fendleri"
"Lesquerella gooddingii Rollins & Shaw","Physaria gooddingii (Rollins & E.A.Shaw) O'Kane & Al-Shehbaz","Physaria gooddingii"
"Lesquerella gordonii (A. Gray) S. Watson","Physaria gordonii (A.Gray) O'Kane & Al-Shehbaz","Physaria gordonii"
"Lesquerella gracilis (Hook.) S. Watson","Physaria gracilis subsp. gracilis","Physaria gracilis"
"Lesquerella ludoviciana (Nutt.) S. Watson","Physaria ludoviciana (Nutt.) O'Kane & Al-Shehbaz","Physaria ludoviciana"
"Lesquerella montana (A. Gray) S. Watson","Physaria montana (A.Gray) Greene","Physaria montana"
"Physaria sp.","Physaria sp.","Physaria sp."
"Physaria spp.","Physaria spp.","Physaria sp."
"Physocarpus capitatus (Pursh) Kuntze","Physocarpus capitatus (Pursh) Kuntze","Physocarpus capitatus"
"Physocarpus monogynus (Torr.) J.M. Coult.","Physocarpus monogynus (Torr.) J.M.Coult.","Physocarpus monogynus"
"Physostegia sp.","Physostegia sp.","Physostegia sp."
"Phytolacca americana L.","Phytolacca americana L.","Phytolacca americana"
"Phytolacca americana L. var. americana","Phytolacca americana var. americana","Phytolacca americana"
"Phytolacca americana L. var. rigida (Small) Caulkins & Wyatt","Phytolacca americana var. rigida (Small) D.B.Caulkins & R.E.Wyatt","Phytolacca americana"
"Picea abies (L.) Karst.","Picea abies (L.) H.Karst.","Picea abies"
"Picea engelmannii Parry ex Engelm.","Picea engelmannii Engelm.","Picea engelmannii"
"Picea glauca (Moench) Voss","Picea laxa (Münchh.) Sarg.","Picea laxa"
"Picea mariana (Mill.) Britton, Sterns & Poggenb.","Picea mariana (Mill.) Britton, Sterns & Poggenb.","Picea mariana"
"Picea rubens Sarg.","Picea rubens Sarg.","Picea rubens"
"Picea sp.","Picea sp.","Picea sp."
"Picea spp.","Picea spp.","Picea sp."
"Bahia absinthifolia Benth.","Picradeniopsis absinthifolia (Benth.) B.G.Baldwin","Picradeniopsis absinthifolia"
"Picradeniopsis oppositifolia (Nutt.) Rydb. ex Britton","Picradeniopsis oppositifolia (Nutt.) Rydb.","Picradeniopsis oppositifolia"
"Pictetia aculeata (Vahl) Urb.","Pictetia aculeata (Vahl) Urb.","Pictetia aculeata"
"Pilea fontana (Lunell) Rydb.","Pilea fontana (Lunell) Rydb.","Pilea fontana"
"Pilea microphylla (L.) Liebm.","Pilea microphylla (L.) Liebm.","Pilea microphylla"
"Pilea pumila (L.) A. Gray","Pilea pumila A.Gray","Pilea pumila"
"Pilea pumila (L.) A. Gray var. deamii (Lunell) Fernald","Pilea pumila A.Gray","Pilea pumila"
"Piloblephis rigida (W. Bartram ex Benth.) Raf.","Piloblephis rigida (W.Bartram ex Benth.) Raf.","Piloblephis rigida"
"Pilophorus robustus Th. Fr.","Pilophorus robustus Th. Fr.","Pilophorus robustus"
"Hieracium aurantiacum L.","Pilosella aurantiaca (L.) F.W.Schultz & Sch.Bip.","Pilosella aurantiaca"
"Hieracium caespitosum Dumort.","Pilosella caespitosa (Dumort.) P.D.Sell & C.West","Pilosella caespitosa"
"Hieracium pilosella L.","Pilosella officinarum F.W.Schultz & Sch.Bip.","Pilosella officinarum"
"Hieracium piloselloides Vill.","Pilosella piloselloides (Vill.) Soják","Pilosella piloselloides"
"Pilosocereus royenii (L.) Byles & Rowley","Pilosocereus polygonus (Lam.) Byles & G.D.Rowley","Pilosocereus polygonus"
"Pinaropappus parvus S.F. Blake","Pinaropappus parvus S.F.Blake","Pinaropappus parvus"
"Pinguicula caerulea Walter","Pinguicula caerulea Walter","Pinguicula caerulea"
"Pinguicula lutea Walter","Pinguicula lutea Walter","Pinguicula lutea"
"Pinguicula primuliflora Alph. Wood & Godfrey","Pinguicula primuliflora C.E.Wood & R.K.Godfrey","Pinguicula primuliflora"
"Pinguicula pumila Michx.","Pinguicula pumila Michx.","Pinguicula pumila"
"Pinguicula sp.","Pinguicula sp.","Pinguicula sp."
"Pinguicula villosa L.","Pinguicula villosa L.","Pinguicula villosa"
"Pinus albicaulis Engelm.","Pinus albicaulis Engelm.","Pinus albicaulis"
"Pinus banksiana Lamb.","Pinus banksiana Lamb.","Pinus banksiana"
"Pinus clausa (Chapm. ex Engelm.) Vasey ex Sarg.","Pinus clausa (Chapm. ex Engelm.) Vasey ex Sarg.","Pinus clausa"
"Pinus contorta Douglas ex Loudon var. latifolia Engelm. ex S. Watson","Pinus contorta var. latifolia Engelm.","Pinus contorta"
"Pinus contorta Douglas ex Loudon","Pinus contorta Douglas ex Loudon","Pinus contorta"
"Pinus echinata Mill.","Pinus echinata Mill.","Pinus echinata"
"Pinus edulis Engelm.","Pinus edulis Engelm.","Pinus edulis"
"Pinus elliottii Engelm.","Pinus elliottii Engelm.","Pinus elliottii"
"Pinus elliottii Engelm. var. densa Little & Dorman","Pinus elliottii var. densa Little & K.W.Dorman","Pinus elliottii"
"Pinus flexilis James","Pinus flexilis E.James","Pinus flexilis"
"Pinus glabra Walter","Pinus glabra Walter","Pinus glabra"
"Pinus jeffreyi Balf.","Pinus jeffreyi Balf.","Pinus jeffreyi"
"Pinus lambertiana Douglas","Pinus lambertiana Douglas","Pinus lambertiana"
"Pinus monticola Douglas ex D. Don","Pinus monticola Douglas ex D.Don","Pinus monticola"
"Pinus palustris Mill.","Pinus palustris Mill.","Pinus palustris"
"Pinus ponderosa Lawson & C. Lawson var. scopulorum Engelm.","Pinus ponderosa var. scopulorum Engelm.","Pinus ponderosa"
"Pinus ponderosa Lawson & C. Lawson","Pinus ponderosa Douglas ex C.Lawson","Pinus ponderosa"
"Pinus pungens Lamb.","Pinus pungens Lamb.","Pinus pungens"
"Pinus remota (Little) D.K. Bailey & Hawksw.","Pinus remota (Little) D.K.Bailey & Hawksw.","Pinus remota"
"Pinus resinosa Aiton","Pinus resinosa Aiton","Pinus resinosa"
"Pinus rigida Mill.","Pinus rigida Mill.","Pinus rigida"
"Pinus sabiniana Douglas ex Douglas","Pinus sabiniana Douglas","Pinus sabiniana"
"Pinus sp.","Pinus sp.","Pinus sp."
"Pinus spp.","Pinus spp.","Pinus sp."
"Pinus strobus L.","Pinus strobus L.","Pinus strobus"
"Pinus taeda L.","Pinus taeda L.","Pinus taeda"
"Pinus taeda L./Pinus glabra Walter","Pinus taeda L.","Pinus taeda"
"Pinus taeda L./Pinus echinata Mill.","Pinus taeda L.","Pinus taeda"
"Pinus virginiana Mill.","Pinus virginiana Mill.","Pinus virginiana"
"Piper blattarum Spreng.","Piper blattarum Spreng.","Piper blattarum"
"Piperia sp.","Piperia sp.","Piperia sp."
"Acacia retusa (Jacq.) Howard","Piptadenia retusa (Jacq.) P.G.Ribeiro, Seigler & Ebinger","Piptadenia retusa"
"Piptatheropsis exigua (Thurb.) Romasch., P.M. Peterson & R.J. Soreng","Piptatheropsis exigua (Thurb.) Romasch., P.M.Peterson & Soreng","Piptatheropsis exigua"
"Piptatheropsis pungens (Torr.) Romasch., P.M. Peterson & R.J. Soreng","Piptatheropsis pungens (Torr. ex Spreng.) Romasch., P.M.Peterson & Soreng","Piptatheropsis pungens"
"Piptochaetium avenaceum (L.) Parodi","Piptochaetium avenaceum (L.) Parodi","Piptochaetium avenaceum"
"Piptocoma acevedoi Pruski","Piptocoma acevedoi Pruski","Piptocoma acevedoi"
"Piriqueta cistoides (L.) Griseb.","Piriqueta cistoides (L.) Griseb.","Piriqueta cistoides"
"Piriqueta cistoides (L.) Griseb. ssp. caroliniana (Walter) Arbo","Piriqueta cistoides subsp. caroliniana (Walter) Arbo","Piriqueta cistoides"
"Piriqueta cistoides (L.) Griseb. ssp. cistoides","Piriqueta cistoides subsp. cistoides","Piriqueta cistoides"
"Pisonia aculeata L.","Pisonia aculeata L.","Pisonia aculeata"
"Pisonia albida (Heimerl) Britton ex Standl.","Pisonia albida (Heimerl) Britton ex Standl.","Pisonia albida"
"Pisonia rotundata Griseb.","Pisonia rotundata Griseb.","Pisonia rotundata"
"Pithecellobium dulce (Roxb.) Benth.","Pithecellobium dulce (Roxb.) Benth.","Pithecellobium dulce"
"Pithecellobium unguis-cati (L.) Benth.","Pithecellobium unguis-cati (L.) Benth.","Pithecellobium unguis-cati"
"Pittosporum crassifolium Banks & Sol. ex A. Cunn.","Pittosporum crassifolium Banks & Sol.","Pittosporum crassifolium"
"Pityopsis aspera (Shuttlw. ex Small) Small","Pityopsis aspera (A.Gray) Small","Pityopsis aspera"
"Pityopsis aspera (Shuttlw. ex Small) Small var. aspera","Pityopsis aspera (Shuttlw. ex Small) Small var. aspera","Pityopsis aspera"
"Pityopsis graminifolia (Michx.) Nutt.","Pityopsis graminifolia (Michx.) Nutt.","Pityopsis graminifolia"
"Pityopsis oligantha (Chapm. ex Torr. & A. Gray) Small","Pityopsis oligantha (Chapm. ex Torr. & A.Gray) Small","Pityopsis oligantha"
"Pityopsis sp.","Pityopsis sp.","Pityopsis sp."
"Pityopsis spp.","Pityopsis spp.","Pityopsis sp."
"Plagiobothrys arizonicus (A. Gray) Greene ex A. Gray","Plagiobothrys arizonicus (A.Gray) Greene ex A.Gray","Plagiobothrys arizonicus"
"Plagiobothrys canescens Benth.","Plagiobothrys canescens Benth.","Plagiobothrys canescens"
"Plagiobothrys collinus (Phil.) I.M. Johnst. var. californicus (A. Gray) L.C. Higgins","Plagiobothrys collinus var. californicus (A.Gray) L.C.Higgins","Plagiobothrys collinus"
"Plagiobothrys distantiflorus (Piper) I.M. Johnst. ex M. Peck","Plagiobothrys distantiflorus (Piper) I.M.Johnst.","Plagiobothrys distantiflorus"
"Plagiobothrys nothofulvus (A. Gray) A. Gray","Plagiobothrys nothofulvus (A.Gray) A.Gray","Plagiobothrys nothofulvus"
"Plagiobothrys sp.","Plagiobothrys sp.","Plagiobothrys sp."
"Plagiobothrys tenellus (Nutt. ex Hook.) A. Gray","Plagiobothrys tenellus (Nutt.) A.Gray","Plagiobothrys tenellus"
"Plagiobothrys trachycarpus (A. Gray) I.M. Johnst.","Plagiobothrys trachycarpus (A.Gray) I.M.Johnst.","Plagiobothrys trachycarpus"
"Planera aquatica J.F. Gmel.","Planera aquatica J.F.Gmel.","Planera aquatica"
"Plantago aristata Michx.","Plantago aristata Michx.","Plantago aristata"
"Plantago cordata Lam.","Plantago cordata Lam.","Plantago cordata"
"Plantago erecta Morris","Plantago erecta E.Morris","Plantago erecta"
"Plantago heterophylla Nutt.","Plantago heterophylla Nutt.","Plantago heterophylla"
"Plantago lanceolata L.","Plantago lanceolata L.","Plantago lanceolata"
"Plantago major L.","Plantago major L.","Plantago major"
"Plantago ovata Forssk.","Plantago ovata Forssk.","Plantago ovata"
"Plantago patagonica Jacq.","Plantago patagonica Jacq.","Plantago patagonica"
"Plantago pusilla Nutt.","Plantago pusilla Nutt.","Plantago pusilla"
"Plantago rhodosperma Decne.","Plantago rhodosperma Decne.","Plantago rhodosperma"
"Plantago rugelii Decne.","Plantago rugelii Decne.","Plantago rugelii"
"Plantago sp.","Plantago sp.","Plantago sp."
"Plantago spp.","Plantago spp.","Plantago sp."
"Plantago virginica L.","Plantago virginica L.","Plantago virginica"
"Platanthera aquilonis Sheviak","Platanthera aquilonis Sheviak","Platanthera aquilonis"
"Platanthera ciliaris (L.) Lindl.","Platanthera ciliaris (L.) Lindl.","Platanthera ciliaris"
"Platanthera clavellata (Michx.) Luer","Platanthera clavellata (Michx.) Luer","Platanthera clavellata"
"Platanthera dilatata (Pursh) Lindl. ex Beck","Platanthera dilatata (Pursh) Lindl. ex L.C.Beck","Platanthera dilatata"
"Platanthera dilatata (Pursh) Lindl. ex Beck var. leucostachys (Lindl.) Luer","Platanthera dilatata var. leucostachys (Lindl.) Hultén","Platanthera dilatata"
"Platanthera flava (L.) Lindl.","Platanthera flava (L.) Lindl.","Platanthera flava"
"Platanthera flava (L.) Lindl. var. flava","Platanthera flava var. flava","Platanthera flava"
"Platanthera hookeri (Torr. ex A. Gray) Lindl.","Platanthera hookeri (Torr.) Lindl.","Platanthera hookeri"
"Platanthera lacera (Michx.) G. Don","Platanthera lacera (Michx.) G.Don","Platanthera lacera"
"Platanthera obtusata (Banks ex Pursh) Lindl.","Platanthera obtusata (Banks ex Pursh) Lindl.","Platanthera obtusata"
"Platanthera orbiculata (Pursh) Lindl.","Platanthera orbiculata (Pursh) Lindl.","Platanthera orbiculata"
"Platanthera psycodes (L.) Lindl.","Platanthera psycodes (L.) Lindl.","Platanthera psycodes"
"Platanthera sp.","Platanthera sp.","Platanthera sp."
"Platanthera sparsiflora (S. Watson) Schltr.","Platanthera sparsiflora (S.Watson) Schltr.","Platanthera sparsiflora"
"Platanus occidentalis L.","Platanus occidentalis L.","Platanus occidentalis"
"Platyschkuhria integrifolia (A. Gray) Rydb. var. oblongifolia (A. Gray) W. Ellison","Platyschkuhria integrifolia (A.Gray) Rydb.","Platyschkuhria integrifolia"
"Platystemon californicus Benth.","Platystemon californicus Benth.","Platystemon californicus"
"Centaurea americana Nutt.","Plectocephalus americanus (Nutt.) D.Don","Plectocephalus americanus"
"Plectritis sp.","Plectritis sp.","Plectritis sp."
"Pleopeltis polylepis (Roem. ex Kunze) T. Moore","Pleopeltis polylepis (Roem.) T.Moore","Pleopeltis polylepis"
"Pleopeltis polypodioides (L.) Andrews & Windham","Pleopeltis polypodioides (L.) E.G.Andrews & Windham","Pleopeltis polypodioides"
"Pleopeltis polypodioides (L.) Andrews & Windham ssp. polypodioides","Pleopeltis polypodioides (L.) Andrews & Windham ssp. polypodioides","Pleopeltis polypodioides"
"Pleopeltis polypodioides (L.) Andrews & Windham ssp. michauxiana (Weath.) Andrews & Windham","Pleopeltis polypodioides (L.) Andrews & Windham ssp. michauxiana (Weath.) Andrews & Windham","Pleopeltis polypodioides"
"Tibouchina urvilleana (DC.) Cogn.","Pleroma urvilleanum (DC.) P.J.F.Guim. & Michelang.","Pleroma urvilleanum"
"Pleuricospora fimbriolata A. Gray","Pleuricospora fimbriolata A.Gray","Pleuricospora fimbriolata"
"Pluchea rosea Godfrey","Pluchea baccharis (Mill.) Pruski","Pluchea baccharis"
"Pluchea camphorata (L.) DC.","Pluchea camphorata (L.) DC.","Pluchea camphorata"
"Pluchea foetida (L.) DC.","Pluchea foetida (L.) DC.","Pluchea foetida"
"Pluchea foetida (L.) DC. var. foetida","Pluchea foetida (L.) DC. var. foetida","Pluchea foetida"
"Pluchea odorata (L.) Cass.","Pluchea odorata (L.) Cass.","Pluchea odorata"
"Pluchea sp.","Pluchea sp.","Pluchea sp."
"Pluchea spp.","Pluchea spp.","Pluchea sp."
"Plumeria alba L.","Plumeria alba L.","Plumeria alba"
"Poa alpina/arctica","Poa alpina","Poa alpina"
"Poa alpina L.","Poa alpina L.","Poa alpina"
"Poa alsodes A. Gray","Poa alsodes A.Gray","Poa alsodes"
"Poa annua L.","Poa annua L.","Poa annua"
"Poa arachnifera Torr.","Poa arachnifera Torr.","Poa arachnifera"
"Poa arctica R. Br. ssp. arctica","Poa arctica subsp. arctica","Poa arctica"
"Poa arctica R. Br.","Poa arctica R.Br.","Poa arctica"
"Poa autumnalis Muhl. ex Elliott","Poa autumnalis Muhl. ex Elliott","Poa autumnalis"
"Poa bigelovii Vasey & Scribn.","Poa bigelovii Vasey ex Scribn.","Poa bigelovii"
"Poa bolanderi Vasey","Poa bolanderi Vasey","Poa bolanderi"
"Poa bulbosa L.","Poa bulbosa L.","Poa bulbosa"
"Poa compressa L.","Poa compressa L.","Poa compressa"
"Poa cusickii Vasey","Poa cusickii Vasey","Poa cusickii"
"Poa cusickii Vasey ssp. epilis (Scribn.) W.A. Weber","Poa cusickii Vasey","Poa cusickii"
"Poa cusickii Vasey ssp. pallida Soreng","Poa cusickii Vasey","Poa cusickii"
"Poa cuspidata Nutt.","Poa cuspidata Nutt.","Poa cuspidata"
"Poa fendleriana (Steud.) Vasey","Poa fendleriana (Steud.) Vasey","Poa fendleriana"
"Poa fendleriana (Steud.) Vasey ssp. longiligula (Scribn. & T.A. Williams) Soreng","Poa fendleriana subsp. longiligula (Scribn. & T.A.Williams) Soreng","Poa fendleriana"
"Poa glauca Vahl ssp. rupicola (Nash ex Rydb.) W.A. Weber","Poa glauca subsp. rupicola (Nash) W.A.Weber","Poa glauca"
"Poa glauca Vahl","Poa glauca Vahl","Poa glauca"
"Poa glauca rupicola/Poa lettermanii","Poa glauca rupicola","Poa glauca"
"Poa nemoralis L. ssp. interior (Rydb.) W.A. Weber","Poa interior Rydb.","Poa interior"
"Poa porsildii Gjaerev.","Poa leibergii Scribn.","Poa leibergii"
"Poa leptocoma Trin.","Poa leptocoma Trin.","Poa leptocoma"
"Poa leptocoma/reflexa","Poa leptocoma","Poa leptocoma"
"Poa lettermanii Vasey","Poa lettermanii Vasey","Poa lettermanii"
"Poa pratensis L. ssp. colpodea (Th. Fr.) Tzvelev","Poa lindebergii Tzvelev","Poa lindebergii"
"Poa nemoralis L.","Poa nemoralis L.","Poa nemoralis"
"Poa paludigena Fernald & Wiegand","Poa paludigena Fernald & Wiegand","Poa paludigena"
"Poa palustris L.","Poa palustris L.","Poa palustris"
"Poa pratensis L.","Poa pratensis L.","Poa pratensis"
"Poa pratensis L. ssp. pratensis","Poa pratensis subsp. pratensis","Poa pratensis"
"Poa reflexa Vasey & Scribn. ex Vasey","Poa reflexa Vasey & Scribn.","Poa reflexa"
"Poa saltuensis Fernald & Wiegand","Poa saltuensis Fernald & Wiegand","Poa saltuensis"
"Poa secunda J. Presl","Poa secunda J.Presl","Poa secunda"
"Poa sp.","Poa sp.","Poa sp."
"Poa spp.","Poa spp.","Poa sp."
"Poa sylvestris A. Gray","Poa sylvestris A.Gray","Poa sylvestris"
"Dissanthelium californicum (Nutt.) Benth.","Poa thomasii Refulio","Poa thomasii"
"Poa tracyi Vasey","Poa tracyi Vasey","Poa tracyi"
"Poa trivialis L.","Poa trivialis L.","Poa trivialis"
"Poa wheeleri Vasey","Poa wheeleri Vasey","Poa wheeleri"
"Agrostis humilis Vasey","Podagrostis humilis (Vasey) Björkman","Podagrostis humilis"
"Podophyllum peltatum L.","Podophyllum peltatum L.","Podophyllum peltatum"
"Pogonia ophioglossoides (L.) Ker Gawl.","Pogonia ophioglossoides (L.) Ker Gawl.","Pogonia ophioglossoides"
"Pohlia filum (Schimp.) Martensson","Pohlia filum (Schimp.) Martensson","Pohlia filum"
"Poitea florida (Vahl) Lavin","Poitea florida (Vahl) Lavin","Poitea florida"
"Poitea paucifolia (DC.) Lavin","Poitea paucifolia (DC.) Lavin","Poitea paucifolia"
"Poitea sp.","Poitea sp.","Poitea sp."
"Polanisia sp.","Polanisia sp.","Polanisia sp."
"Polemonium caeruleum L.","Polemonium caeruleum L.","Polemonium caeruleum"
"Polemonium pulcherrimum Hook.","Polemonium pulcherrimum Hook.","Polemonium pulcherrimum"
"Polemonium pulcherrimum Hook. ssp. delicatum (Rydb.) Brand","Polemonium pulcherrimum var. delicatum (Rydb.) Cronquist","Polemonium pulcherrimum"
"Polemonium sp.","Polemonium sp.","Polemonium sp."
"Polemonium acutiflorum Willd. ex Roem. & Schult.","Polemonium villosum Rudolph ex Georgi","Polemonium villosum"
"Polemonium viscosum Nutt.","Polemonium viscosum Nutt.","Polemonium viscosum"
"Polygala sp.","Polygala sp.","Polygala sp."
"Polygala spp.","Polygala spp.","Polygala sp."
"Polygala paucifolia Willd.","Polygaloides paucifolia (Willd.) J.R.Abbott","Polygaloides paucifolia"
"Polygonatum biflorum (Walter) Elliott","Polygonatum biflorum (Walter) Elliott","Polygonatum biflorum"
"Polygonatum pubescens (Willd.) Pursh","Polygonatum pubescens (Willd.) Pursh","Polygonatum pubescens"
"Polygonatum sp.","Polygonatum sp.","Polygonatum sp."
"Polygonella sp.","Polygonella sp.","Polygonella sp."
"Polygonum aviculare L.","Polygonum aviculare L.","Polygonum aviculare"
"Polygonum convolvulus L. var. convolvulus","Polygonum convolvulus L. var. convolvulus","Polygonum convolvulus"
"Polygonum douglasii Greene","Polygonum douglasii Greene","Polygonum douglasii"
"Polygonella polygama (Vent.) Engelm. & A. Gray","Polygonum polygamum Vent.","Polygonum polygamum"
"Polygonum punctatum Elliott var. punctatum","Polygonum punctatum Elliott var. punctatum","Polygonum punctatum"
"Polygonum ramosissimum Michx.","Polygonum ramosissimum Michx.","Polygonum ramosissimum"
"Polygonum ramosissimum Michx. var. ramosissimum","Polygonum ramosissimum Michx. var. ramosissimum","Polygonum ramosissimum"
"Polygonum ramosissimum Michx. var. prolificum Small","Polygonum ramosissimum subsp. prolificum (Small) Costea & Tardif","Polygonum ramosissimum"
"Polygonum scandens L. var. scandens","Polygonum scandens L. var. scandens","Polygonum scandens"
"Polygonum sp.","Polygonum sp.","Polygonum sp."
"Polygonum spp.","Polygonum spp.","Polygonum sp."
"Polygonella gracilis Meisn.","Polygonum tenerum Spreng.","Polygonum tenerum"
"Polygonum tenue Michx.","Polygonum tenue Michx.","Polygonum tenue"
"Polypodium appalachianum Haufler & Windham","Polypodium appalachianum Haufler & Windham","Polypodium appalachianum"
"Polypodium glycyrrhiza D.C. Eaton","Polypodium glycyrrhiza D.C.Eaton","Polypodium glycyrrhiza"
"Polypodium pellucidum Kaulf. var. pellucidum","Polypodium pellucidum var. pellucidum","Polypodium pellucidum"
"Polypodium pellucidum Kaulf. var. vulcanicum Skottsb.","Polypodium pellucidum var. pellucidum","Polypodium pellucidum"
"Polypodium pellucidum Kaulf.","Polypodium pellucidum Kaulf.","Polypodium pellucidum"
"Polypodium saximontanum Windham","Polypodium saximontanum Windham","Polypodium saximontanum"
"Polypodium sp.","Polypodium sp.","Polypodium sp."
"Polypodium virginianum L.","Polypodium virginianum L.","Polypodium virginianum"
"Polypogon monspeliensis (L.) Desf.","Polypogon monspeliensis (L.) Desf.","Polypogon monspeliensis"
"Polypogon sp.","Polypogon sp.","Polypogon sp."
"Polypremum procumbens L.","Polypremum procumbens L.","Polypremum procumbens"
"Polystichum acrostichoides (Michx.) Schott var. acrostichoides","Polystichum acrostichoides var. acrostichoides","Polystichum acrostichoides"
"Polystichum acrostichoides (Michx.) Schott","Polystichum acrostichoides (Michx.) Schott","Polystichum acrostichoides"
"Polystichum munitum (Kaulf.) C. Presl","Polystichum munitum (Kaulf.) C.Presl","Polystichum munitum"
"Polystichum sp.","Polystichum sp.","Polystichum sp."
"Polytaenia nuttallii DC.","Polytaenia nuttallii DC.","Polytaenia nuttallii"
"Pomaria jamesii (Torr. & A. Gray) Walp.","Pomaria jamesii (Torr. & A.Gray) Walp.","Pomaria jamesii"
"Hybanthus linearifolius (Vahl) Urb.","Pombalia linearifolia (Vahl) Paula-Souza","Pombalia linearifolia"
"Hybanthus verticillatus (Ortega) Baill.","Pombalia verticillata (Ortega) Paula-Souza","Pombalia verticillata"
"Pontederia cordata L.","Pontederia cordata L.","Pontederia cordata"
"Pontederia sp.","Pontederia sp.","Pontederia sp."
"Ponthieva racemosa (Walter) C. Mohr","Ponthieva racemosa (Walter) C.Mohr","Ponthieva racemosa"
"Populus balsamifera L.","Populus balsamifera L.","Populus balsamifera"
"Populus deltoides W. Bartram ex Marshall","Populus deltoides W.Bartram ex Marshall","Populus deltoides"
"Populus deltoides W. Bartram ex Marshall ssp. monilifera (Aiton) Eckenwalder","Populus deltoides subsp. monilifera (Aiton) Eckenw.","Populus deltoides"
"Populus grandidentata Michx.","Populus grandidentata Michx.","Populus grandidentata"
"Populus sp.","Populus sp.","Populus sp."
"Populus spp.","Populus spp.","Populus sp."
"Populus tremuloides Michx.","Populus tremuloides Michx.","Populus tremuloides"
"Porophyllum gracile Benth.","Porophyllum gracile Benth.","Porophyllum gracile"
"Porophyllum leiocarpum (Urb.) Rydb.","Porophyllum leiocarpum (Urb.) Rydb.","Porophyllum leiocarpum"
"Porophyllum ruderale (Jacq.) Cass.","Porophyllum ruderale (Jacq.) Cass.","Porophyllum ruderale"
"Porotrichum vancouveriense (Kindb.) H.A. Crum","Porotrichum vancouveriense (Kindb.) H.A. Crum","Porotrichum vancouveriense"
"Portulaca halimoides L.","Portulaca halimoides L.","Portulaca halimoides"
"Portulaca oleracea L.","Portulaca oleracea L.","Portulaca oleracea"
"Portulaca sp.","Portulaca sp.","Portulaca sp."
"Portulaca spp.","Portulaca spp.","Portulaca sp."
"Portulaca suffrutescens Engelm.","Portulaca suffrutescens Engelm.","Portulaca suffrutescens"
"Portulaca umbraticola Kunth","Portulaca umbraticola Kunth","Portulaca umbraticola"
"Portulaca umbraticola Kunth ssp. umbraticola","Portulaca umbraticola Kunth","Portulaca umbraticola"
"Potamogeton sp.","Potamogeton sp.","Potamogeton sp."
"Potentilla argentea L.","Potentilla argentea L.","Potentilla argentea"
"Potentilla arguta Pursh ssp. arguta","Potentilla arguta Pursh ssp. arguta","Potentilla arguta"
"Potentilla canadensis L.","Potentilla canadensis L.","Potentilla canadensis"
"Potentilla canadensis L. var. canadensis","Potentilla canadensis L. var. canadensis","Potentilla canadensis"
"Potentilla concinna Richardson","Potentilla concinna Richardson","Potentilla concinna"
"Potentilla effusa Douglas ex Lehm.","Potentilla effusa Douglas ex Lehm.","Potentilla effusa"
"Potentilla glandulosa Lindl. ssp. glandulosa","Potentilla glandulosa Lindl. ssp. glandulosa","Potentilla glandulosa"
"Potentilla gracilis Douglas ex Hook.","Potentilla gracilis Douglas ex Hook.","Potentilla gracilis"
"Potentilla gracilis Douglas ex Hook. var. fastigiata (Nutt.) S. Watson","Potentilla gracilis var. fastigiata (Nutt.) S.Watson","Potentilla gracilis"
"Potentilla hippiana Lehm.","Potentilla hippiana Lehm.","Potentilla hippiana"
"Potentilla nana Willd. ex Schltdl.","Potentilla hyparctica subsp. hyparctica","Potentilla hyparctica"
"Duchesnea indica (Andrews) Focke","Potentilla indica (Andrews) Th.Wolf","Potentilla indica"
"Potentilla macounii Rydb.","Potentilla macounii Rydb.","Potentilla macounii"
"Potentilla nivea L.","Potentilla nivea L.","Potentilla nivea"
"Potentilla nivea/uniflora","Potentilla nivea","Potentilla nivea"
"Potentilla norvegica L.","Potentilla norvegica L.","Potentilla norvegica"
"Potentilla ovina Macoun ex J.M. Macoun","Potentilla ovina Macoun","Potentilla ovina"
"Potentilla pensylvanica L.","Potentilla pensylvanica L.","Potentilla pensylvanica"
"Potentilla pensylvanica L. var. pensylvanica","Potentilla pensylvanica L.","Potentilla pensylvanica"
"Potentilla pulcherrima Lehm.","Potentilla pulcherrima Lehm.","Potentilla pulcherrima"
"Potentilla recta L.","Potentilla recta L.","Potentilla recta"
"Potentilla rivalis Nutt.","Potentilla rivalis Nutt.","Potentilla rivalis"
"Potentilla rubricaulis Lehm.","Potentilla rubricaulis Lehm.","Potentilla rubricaulis"
"Potentilla rupincola Osterh.","Potentilla rupincola Osterh.","Potentilla rupincola"
"Potentilla simplex Michx.","Potentilla simplex Michx.","Potentilla simplex"
"Potentilla sp.","Potentilla sp.","Potentilla sp."
"Potentilla spp.","Potentilla spp.","Potentilla sp."
"Horkelia tridentata Torr.","Potentilla tilingii var. tilingii","Potentilla tilingii"
"Potentilla uniflora Ledeb.","Potentilla uniflora Ledeb.","Potentilla uniflora"
"Potentilla diversifolia Lehm.","Potentilla × diversifolia Lehm.","Potentilla × diversifolia"
"Prenanthes sp.","Prenanthes sp.","Prenanthes sp."
"Prenanthes spp.","Prenanthes spp.","Prenanthes sp."
"Primula angustifolia Torr.","Primula angustifolia Torr.","Primula angustifolia"
"Dodecatheon conjugens Greene","Primula conjugens (Greene) A.R.Mast & Reveal","Primula conjugens"
"Dodecatheon frigidum Cham. & Schltdl.","Primula frigida (Cham. & Schltdl.) A.R.Mast & Reveal","Primula frigida"
"Dodecatheon hendersonii A. Gray","Primula hendersonii (A.Gray) A.R.Mast & Reveal","Primula hendersonii"
"Dodecatheon jeffreyi Van Houtte","Primula jeffreyi (Van Houtte) A.R.Mast & Reveal","Primula jeffreyi"
"Primula parryi A. Gray","Primula parryi A.Gray","Primula parryi"
"Dodecatheon pulchellum (Raf.) Merr.","Primula pauciflora var. pauciflora","Primula pauciflora"
"Primula sp.","Primula sp.","Primula sp."
"Pritchardia sp.","Pritchardia sp.","Pritchardia sp."
"Priva lappulacea (L.) Pers.","Priva lappulacea (L.) Pers.","Priva lappulacea"
"Proboscidea althaeifolia (Benth.) Decne.","Proboscidea althaeifolia (Benth.) Decne.","Proboscidea althaeifolia"
"Proboscidea parviflora (Woot.) Woot. & Standl.","Proboscidea parviflora (Wooton) Wooton & Standl.","Proboscidea parviflora"
"Proboscidea sp.","Proboscidea sp.","Proboscidea sp."
"Prosartes hookeri Torr.","Prosartes hookeri Torr.","Prosartes hookeri"
"Prosartes lanuginosa (Michx.) D. Don","Prosartes lanuginosa (Michx.) D.Don","Prosartes lanuginosa"
"Prosartes smithii (Hook.) Utech, Shinwari & Kawano","Prosartes smithii (Hook.) Utech, Shinwari & Kawano","Prosartes smithii"
"Prosartes sp.","Prosartes sp.","Prosartes sp."
"Prosartes spp.","Prosartes spp.","Prosartes sp."
"Prosartes trachycarpa S. Watson","Prosartes trachycarpa S.Watson","Prosartes trachycarpa"
"Proserpinaca palustris L.","Proserpinaca palustris L.","Proserpinaca palustris"
"Proserpinaca pectinata Lam.","Proserpinaca pectinata Lam.","Proserpinaca pectinata"
"Prosopis spp.","Prosopis spp.","Prosopis sp."
"Prosopis sp.","Prosopis sp.","Prosopis sp."
"Prunella sp.","Prunella sp.","Prunella sp."
"Prunella vulgaris L.","Prunella vulgaris L.","Prunella vulgaris"
"Prunus americana Marshall","Prunus americana Marshall","Prunus americana"
"Prunus angustifolia Marshall","Prunus angustifolia Marshall","Prunus angustifolia"
"Prunus avium (L.) L.","Prunus avium (L.) L.","Prunus avium"
"Prunus caroliniana Aiton","Prunus caroliniana (Mill.) Aiton","Prunus caroliniana"
"Prunus emarginata (Douglas ex Hook.) D. Dietr.","Prunus emarginata (Douglas ex Hook.) Eaton","Prunus emarginata"
"Prunus gracilis Engelm. & A. Gray","Prunus gracilis Engelm. & A.Gray","Prunus gracilis"
"Prunus mexicana S. Watson","Prunus mexicana S.Watson","Prunus mexicana"
"Prunus munsoniana W. Wight & Hedrick","Prunus munsoniana W.Wight & Hedrick","Prunus munsoniana"
"Prunus nigra Aiton","Prunus nigra Aiton","Prunus nigra"
"Prunus pensylvanica L. f. var. pensylvanica","Prunus pensylvanica L. f. var. pensylvanica","Prunus pensylvanica"
"Prunus pensylvanica L. f.","Prunus pensylvanica L.f.","Prunus pensylvanica"
"Prunus persica (L.) Batsch","Prunus persica (L.) Batsch","Prunus persica"
"Prunus serotina Ehrh. var. serotina","Prunus serotina var. serotina","Prunus serotina"
"Prunus serotina Ehrh.","Prunus serotina Ehrh.","Prunus serotina"
"Prunus alabamensis C. Mohr","Prunus serotina var. alabamensis (C.Mohr) Little","Prunus serotina"
"Prunus sp.","Prunus sp.","Prunus sp."
"Prunus spp.","Prunus spp.","Prunus sp."
"Prunus subcordata Benth.","Prunus subcordata Benth.","Prunus subcordata"
"Prunus umbellata Elliott","Prunus umbellata Elliott","Prunus umbellata"
"Prunus virginiana L.","Prunus virginiana L.","Prunus virginiana"
"Prunus virginiana L. var. virginiana","Prunus virginiana var. virginiana","Prunus virginiana"
"Psathyrostachys juncea (Fisch.) Nevski","Psathyrostachys juncea (Fisch.) Nevski","Psathyrostachys juncea"
"Pseudabutilon umbellatum (L.) Fryxell","Pseudabutilon umbellatum (L.) Fryxell","Pseudabutilon umbellatum"
"Minuartia macrocarpa (Pursh) Ostenf.","Pseudocherleria macrocarpa (Pursh) Dillenb. & Kadereit","Pseudocherleria macrocarpa"
"Pseudocrossidium obtusulum (Lindb.) H.A. Crum & L.E. Anderson","Pseudocrossidium obtusulum (Lindb.) H.A. Crum & L.E. Anderson","Pseudocrossidium obtusulum"
"Pseudocydonia sinensis (Thouin) C.K. Schneid.","Pseudocydonia sinensis (Dum.Cours.) C.K.Schneid.","Pseudocydonia sinensis"
"Pseudognaphalium californicum (DC.) Anderb.","Pseudognaphalium californicum (DC.) Anderb.","Pseudognaphalium californicum"
"Pseudognaphalium canescens (DC.) W.A. Weber","Pseudognaphalium canescens (DC.) Anderb.","Pseudognaphalium canescens"
"Pseudognaphalium luteoalbum (L.) Hilliard & B.L. Burtt","Pseudognaphalium luteoalbum (L.) Hilliard & B.L.Burtt","Pseudognaphalium luteoalbum"
"Pseudognaphalium macounii (Greene) Kartesz","Pseudognaphalium macounii (Greene) Kartesz","Pseudognaphalium macounii"
"Pseudognaphalium obtusifolium (L.) Hilliard & B.L. Burtt","Pseudognaphalium obtusifolium (L.) Hilliard & B.L.Burtt","Pseudognaphalium obtusifolium"
"Pseudognaphalium obtusifolium (L.) Hilliard & B.L. Burtt ssp. obtusifolium","Pseudognaphalium obtusifolium (L.) Hilliard & B.L. Burtt ssp. obtusifolium","Pseudognaphalium obtusifolium"
"Pseudognaphalium sp.","Pseudognaphalium sp.","Pseudognaphalium sp."
"Pseudognaphalium spp.","Pseudognaphalium spp.","Pseudognaphalium sp."
"Pseudognaphalium stramineum (Kunth) Anderb.","Pseudognaphalium stramineum (Kunth) Anderb.","Pseudognaphalium stramineum"
"Pseudoleskea sp.","Pseudoleskea sp.","Pseudoleskea sp."
"Pseudoroegneria sp.","Pseudoroegneria sp.","Pseudoroegneria sp."
"Pseudoroegneria spicata (Pursh) Á. Löve ssp. spicata","Pseudoroegneria spicata (Pursh) Á. Löve ssp. spicata","Pseudoroegneria spicata"
"Pseudoroegneria spicata (Pursh) Á. Löve","Pseudoroegneria spicata (Pursh) Á.Löve","Pseudoroegneria spicata"
"Pseudoroegneria spicata (Pursh) Á. Löve ssp. inermis (Scribn. & J.G. Sm.) Á. Löve","Pseudoroegneria spicata (Pursh) Á.Löve","Pseudoroegneria spicata"
"Pseudotaxiphyllum sp.","Pseudotaxiphyllum sp.","Pseudotaxiphyllum sp."
"Pseudotsuga menziesii (Mirb.) Franco","Pseudotsuga menziesii (Mirb.) Franco","Pseudotsuga menziesii"
"Pseudotsuga menziesii (Mirb.) Franco var. menziesii","Pseudotsuga menziesii var. menziesii","Pseudotsuga menziesii"
"Pseudotsuga sp.","Pseudotsuga sp.","Pseudotsuga sp."
"Psidium cattleianum Sabine","Psidium cattleyanum Sabine","Psidium cattleyanum"
"Psilocarphus tenellus Nutt.","Psilocarphus tenellus Nutt.","Psilocarphus tenellus"
"Psilostrophe cooperi (A. Gray) Greene","Psilostrophe cooperi (A.Gray) Greene","Psilostrophe cooperi"
"Psilostrophe tagetina (Nutt.) Greene","Psilostrophe tagetina (Nutt.) Greene","Psilostrophe tagetina"
"Psilotum complanatum Sw.","Psilotum complanatum Sw.","Psilotum complanatum"
"Psilotum nudum (L.) P. Beauv.","Psilotum nudum (L.) P.Beauv.","Psilotum nudum"
"Psychilis kraenzlinii (Bello) Sauleda","Psychilis kraenzlinii (Bello) Sauleda","Psychilis kraenzlinii"
"Psychilis krugii (Bello) Sauleda","Psychilis krugii (Bello) Sauleda","Psychilis krugii"
"Psychotria hawaiiensis (A. Gray) Fosberg","Psychotria hawaiiensis (A.Gray) Fosberg","Psychotria hawaiiensis"
"Ptelea trifoliata L.","Ptelea trifoliata L.","Ptelea trifoliata"
"Pteridium aquilinum (L.) Kuhn","Pteridium aquilinum (L.) Kuhn","Pteridium aquilinum"
"Pteridium aquilinum (L.) Kuhn var. latiusculum (Desv.) Underw. ex A. Heller","Pteridium latiusculum (Desv.) Hieron.","Pteridium latiusculum"
"Pteridium sp.","Pteridium sp.","Pteridium sp."
"Pterocaulon pycnostachyum (Michx.) Elliott","Pterocaulon pycnostachyum Elliott","Pterocaulon pycnostachyum"
"Pterocaulon sp.","Pterocaulon sp.","Pterocaulon sp."
"Pterospora andromedea Nutt.","Pterospora andromedea Nutt.","Pterospora andromedea"
"Pterostegia drymarioides Fisch. & C.A. Mey.","Pterostegia drymarioides Fisch. & C.A.Mey.","Pterostegia drymarioides"
"Ptilimnium capillaceum (Michx.) Raf.","Ptilimnium capillaceum (Michx.) Raf.","Ptilimnium capillaceum"
"Puccinellia lemmonii (Vasey) Scribn.","Puccinellia lemmonii (Vasey) Scribn.","Puccinellia lemmonii"
"Puccinellia nuttalliana (Schult.) Hitchc.","Puccinellia nuttalliana (Schult.) Hitchc.","Puccinellia nuttalliana"
"Puccinellia tenella (Lange) Holmb. ex A.E. Porsild ssp. alaskana (Scribn. & Merr.) Tzvelev","Puccinellia pumila (Macoun ex Vasey) Hitchc.","Puccinellia pumila"
"Puccinellia sp.","Puccinellia sp.","Puccinellia sp."
"Pueraria montana (Lour.) Merr. var. lobata (Willd.) Maesen & S. Almeida","Pueraria montana var. lobata (Willd.) Maesen & S.M.Almeida ex Sanjappa & Predeep","Pueraria montana"
"Pueraria montana (Lour.) Merr.","Pueraria montana (Lour.) Merr.","Pueraria montana"
"Pulsatilla patens (L.) Mill.","Pulsatilla patens (L.) Mill.","Pulsatilla patens"
"Pulsatilla patens (L.) Mill. ssp. multifida (Pritz.) Zamels","Pulsatilla patens subsp. multifida (Pritz.) Zämelis","Pulsatilla patens"
"Punica granatum L.","Punica granatum L.","Punica granatum"
"Purshia spp.","Purshia spp.","Purshia sp."
"Purshia sp.","Purshia sp.","Purshia sp."
"Purshia stansburiana (Torr.) Henrickson","Purshia stansburyana (Torr.) Henrard","Purshia stansburyana"
"Purshia tridentata (Pursh) DC.","Purshia tridentata (Pursh) DC.","Purshia tridentata"
"Pycnanthemum albescens Torr. & A. Gray","Pycnanthemum albescens Torr. & A.Gray","Pycnanthemum albescens"
"Pycnanthemum incanum (L.) Michx. var. incanum","Pycnanthemum incanum var. incanum","Pycnanthemum incanum"
"Pycnanthemum incanum (L.) Michx.","Pycnanthemum incanum (L.) Michx.","Pycnanthemum incanum"
"Pycnanthemum incanum (L.) Michx. var. puberulum (E. Grant & Epling) Fernald","Pycnanthemum incanum var. puberulum (E.Grant & Epling) Fernald","Pycnanthemum incanum"
"Pycnanthemum montanum Michx.","Pycnanthemum montanum Michx.","Pycnanthemum montanum"
"Pycnanthemum muticum (Michx.) Pers.","Pycnanthemum muticum (Michx.) Pers.","Pycnanthemum muticum"
"Pycnanthemum pycnanthemoides (Leavenworth) Fernald","Pycnanthemum pycnanthemoides (Leavenw.) Fernald","Pycnanthemum pycnanthemoides"
"Pycnanthemum sp.","Pycnanthemum sp.","Pycnanthemum sp."
"Pycnanthemum tenuifolium Schrad.","Pycnanthemum tenuifolium Schrad.","Pycnanthemum tenuifolium"
"Pycnanthemum verticillatum (Michx.) Pers. var. verticillatum","Pycnanthemum verticillatum var. verticillatum","Pycnanthemum verticillatum"
"Pyrola americana Sweet","Pyrola americana G.Don","Pyrola americana"
"Pyrola asarifolia Michx. ssp. asarifolia","Pyrola asarifolia subsp. asarifolia","Pyrola asarifolia"
"Pyrola asarifolia Michx.","Pyrola asarifolia Michx.","Pyrola asarifolia"
"Pyrola chlorantha Sw.","Pyrola chlorantha Sw.","Pyrola chlorantha"
"Pyrola elliptica Nutt.","Pyrola elliptica Nutt.","Pyrola elliptica"
"Pyrola grandiflora Radius","Pyrola grandiflora Radius","Pyrola grandiflora"
"Pyrola minor L.","Pyrola minor L.","Pyrola minor"
"Pyrola picta Sm.","Pyrola picta Sm.","Pyrola picta"
"Pyrola sp.","Pyrola sp.","Pyrola sp."
"Pyrola spp.","Pyrola spp.","Pyrola sp."
"Pyrrhopappus carolinianus (Walter) DC.","Pyrrhopappus carolinianus (Walter) DC.","Pyrrhopappus carolinianus"
"Pyrrhopappus grandiflorus (Nutt.) Nutt.","Pyrrhopappus grandiflorus (Nutt.) Nutt.","Pyrrhopappus grandiflorus"
"Pyrrhopappus pauciflorus (D. Don) DC.","Pyrrhopappus pauciflorus DC.","Pyrrhopappus pauciflorus"
"Pyrrhopappus sp.","Pyrrhopappus sp.","Pyrrhopappus sp."
"Pyrularia pubera Michx.","Pyrularia pubera Michx.","Pyrularia pubera"
"Pyrus calleryana Decne.","Pyrus calleryana Decne.","Pyrus calleryana"
"Pyrus communis L.","Pyrus communis L.","Pyrus communis"
"Pyrus sp.","Pyrus sp.","Pyrus sp."
"Quercus acutissima Carruthers","Quercus acutissima Carruth.","Quercus acutissima"
"Quercus alba L.","Quercus alba L.","Quercus alba"
"Quercus bicolor Willd.","Quercus bicolor Willd.","Quercus bicolor"
"Quercus chapmanii Sarg.","Quercus chapmanii Sarg.","Quercus chapmanii"
"Quercus chrysolepis Liebm.","Quercus chrysolepis Liebm.","Quercus chrysolepis"
"Quercus chrysolepis Liebm. var. chrysolepis","Quercus chrysolepis Liebm. var. chrysolepis","Quercus chrysolepis"
"Quercus coccinea Münchh.","Quercus coccinea Münchh.","Quercus coccinea"
"Quercus douglasii Hook. & Arn.","Quercus douglasii Hook. & Arn.","Quercus douglasii"
"Quercus ellipsoidalis E.J. Hill","Quercus ellipsoidalis E.J.Hill","Quercus ellipsoidalis"
"Quercus falcata Michx.","Quercus falcata Michx.","Quercus falcata"
"Quercus fusiformis Small","Quercus fusiformis Small","Quercus fusiformis"
"Quercus gambelii Nutt. var. gambelii","Quercus gambelii Nutt. var. gambelii","Quercus gambelii"
"Quercus garryana Douglas ex Hook.","Quercus garryana Douglas ex Hook.","Quercus garryana"
"Quercus geminata Small","Quercus geminata Small","Quercus geminata"
"Quercus georgiana M.A. Curtis","Quercus georgiana M.A.Curtis","Quercus georgiana"
"Quercus hemisphaerica W. Bartram ex Willd.","Quercus hemisphaerica W.Bartram ex Willd.","Quercus hemisphaerica"
"Quercus imbricaria Michx.","Quercus imbricaria Michx.","Quercus imbricaria"
"Quercus incana W. Bartram","Quercus incana W.Bartram","Quercus incana"
"Quercus inopina Ashe","Quercus inopina Ashe","Quercus inopina"
"Quercus kelloggii Newberry","Quercus kelloggii Newb.","Quercus kelloggii"
"Quercus laceyi Small","Quercus laceyi Small","Quercus laceyi"
"Quercus laevis Walter","Quercus laevis Walter","Quercus laevis"
"Quercus laurifolia Michx.","Quercus laurifolia Michx.","Quercus laurifolia"
"Quercus lyrata Walter","Quercus lyrata Walter","Quercus lyrata"
"Quercus macrocarpa Michx.","Quercus macrocarpa Michx.","Quercus macrocarpa"
"Quercus margaretta","Quercus margaretta (Ashe) Small","Quercus margaretta"
"Quercus marilandica Münchh.","Quercus marilandica (L.) Münchh.","Quercus marilandica"
"Quercus michauxii Nutt.","Quercus michauxii Nutt.","Quercus michauxii"
"Quercus minima (Sarg.) Small","Quercus minima (Sarg.) Small","Quercus minima"
"Quercus mohriana Buckley ex Rydb.","Quercus mohriana Buckley ex Rydb.","Quercus mohriana"
"Quercus montana Willd.","Quercus montana Willd.","Quercus montana"
"Quercus muehlenbergii Engelm.","Quercus muehlenbergii Engelm.","Quercus muehlenbergii"
"Quercus myrtifolia Willd.","Quercus myrtifolia Willd.","Quercus myrtifolia"
"Quercus nigra L.","Quercus nigra L.","Quercus nigra"
"Quercus pagoda Raf.","Quercus pagoda Raf.","Quercus pagoda"
"Quercus palustris Münchh.","Quercus palustris Münchh.","Quercus palustris"
"Quercus phellos L.","Quercus phellos L.","Quercus phellos"
"Quercus pumila Walter","Quercus pumila Walter","Quercus pumila"
"Quercus pungens Liebm.","Quercus pungens Liebm.","Quercus pungens"
"Quercus rubra L.","Quercus rubra L.","Quercus rubra"
"Quercus rubra L. var. rubra","Quercus rubra L. var. rubra","Quercus rubra"
"Quercus shumardii Buckley","Quercus shumardii Buckley","Quercus shumardii"
"Quercus shumardii Buckley var. shumardii","Quercus shumardii var. shumardii","Quercus shumardii"
"Quercus sinuata Walter","Quercus sinuata Walter","Quercus sinuata"
"Quercus sp.","Quercus sp.","Quercus sp."
"Quercus spp.","Quercus spp.","Quercus sp."
"Quercus stellata Wangenh.","Quercus stellata Wangenh.","Quercus stellata"
"Quercus texana Buckley","Quercus texana Buckley","Quercus texana"
"Quercus vaseyana Buckley","Quercus vaseyana Buckley","Quercus vaseyana"
"Quercus velutina Lam.","Quercus velutina Lam.","Quercus velutina"
"Quercus virginiana Mill.","Quercus virginiana Mill.","Quercus virginiana"
"Quercus wislizeni A. DC.","Quercus wislizeni A.DC.","Quercus wislizeni"
"Quercus wislizeni A. DC. var. frutescens Engelm.","Quercus wislizeni var. frutescens Engelm.","Quercus wislizeni"
"Quercus ×fernaldii Trel.","Quercus × fernaldii Trel.","Quercus × fernaldii"
"Quercus ×heterophylla Michx. f. (pro sp.)","Quercus × heterophylla F.Michx.","Quercus × heterophylla"
"Quercus ×inconstans Palmer","Quercus × inconstans E.J.Palmer","Quercus × inconstans"
"Quercus ×macnabiana Sudw.","Quercus × macnabiana Sudw.","Quercus × macnabiana"
"Quercus ×neopalmeri Sudw. ex Palmer","Quercus × neopalmeri Sudw.","Quercus × neopalmeri"
"Quercus ×rehderi Trel.","Quercus × rehderi Trel.","Quercus × rehderi"
"Quercus ×venulosa Ashe","Quercus ×venulosa Ashe","Quercus ×venulosa"
"Rafinesquia californica Nutt.","Rafinesquia californica Nutt.","Rafinesquia californica"
"Rafinesquia neomexicana A. Gray","Rafinesquia neomexicana A.Gray","Rafinesquia neomexicana"
"Rafinesquia sp.","Rafinesquia sp.","Rafinesquia sp."
"Randia aculeata L.","Randia aculeata L.","Randia aculeata"
"Randia portoricensis (Urb.) Britton & Standl.","Randia portoricensis (Urb.) Standl.","Randia portoricensis"
"Ranunculus abortivus L.","Ranunculus abortivus L.","Ranunculus abortivus"
"Ranunculus acris L.","Ranunculus acris L.","Ranunculus acris"
"Ranunculus adoneus A. Gray","Ranunculus adoneus A.Gray","Ranunculus adoneus"
"Ranunculus aquatilis L.","Ranunculus aquatilis L.","Ranunculus aquatilis"
"Ranunculus arvensis L.","Ranunculus arvensis L.","Ranunculus arvensis"
"Ranunculus bulbosus L.","Ranunculus bulbosus L.","Ranunculus bulbosus"
"Ranunculus glaberrimus Hook.","Ranunculus glaberrimus Hook.","Ranunculus glaberrimus"
"Ranunculus gmelinii DC.","Ranunculus gmelinii DC.","Ranunculus gmelinii"
"Ranunculus hispidus Michx.","Ranunculus hispidus Michx.","Ranunculus hispidus"
"Ranunculus hyperboreus Rottb.","Ranunculus hyperboreus Rottb.","Ranunculus hyperboreus"
"Ranunculus inamoenus Greene","Ranunculus inamoenus Greene","Ranunculus inamoenus"
"Ranunculus inamoenus Greene var. inamoenus","Ranunculus inamoenus var. inamoenus","Ranunculus inamoenus"
"Ranunculus lapponicus L.","Ranunculus lapponicus L.","Ranunculus lapponicus"
"Ranunculus macounii Britton","Ranunculus macounii Britton","Ranunculus macounii"
"Ranunculus muricatus L.","Ranunculus muricatus L.","Ranunculus muricatus"
"Ranunculus nivalis L.","Ranunculus nivalis L.","Ranunculus nivalis"
"Ranunculus pacificus (Hultén) L.D. Benson","Ranunculus pacificus (Hultén) L.D.Benson","Ranunculus pacificus"
"Ranunculus pallasii Schltdl.","Ranunculus pallasii Schltdl.","Ranunculus pallasii"
"Ranunculus parviflorus L.","Ranunculus parviflorus Loefl.","Ranunculus parviflorus"
"Ranunculus pensylvanicus L. f.","Ranunculus pensylvanicus L.f.","Ranunculus pensylvanicus"
"Ranunculus pygmaeus Wahlenb.","Ranunculus pygmaeus Wahlenb.","Ranunculus pygmaeus"
"Ranunculus recurvatus Poir. var. recurvatus","Ranunculus recurvatus var. recurvatus","Ranunculus recurvatus"
"Ranunculus recurvatus Poir.","Ranunculus recurvatus Poir.","Ranunculus recurvatus"
"Ranunculus sceleratus L.","Ranunculus sceleratus L.","Ranunculus sceleratus"
"Ranunculus sp.","Ranunculus sp.","Ranunculus sp."
"Ranunculus spp.","Ranunculus spp.","Ranunculus sp."
"Ceratocephala testiculata (Crantz) Roth","Ranunculus testiculatus Crantz","Ranunculus testiculatus"
"Ranunculus trichophyllus Chaix","Ranunculus trichophyllus Chaix","Ranunculus trichophyllus"
"Ranunculus uncinatus D. Don ex G. Don","Ranunculus uncinatus D.Don ex G.Don","Ranunculus uncinatus"
"Raphanus sativus L.","Raphanus raphanistrum subsp. sativus (L.) Domin","Raphanus raphanistrum"
"Ratibida columnifera (Nutt.) Woot. & Standl.","Ratibida columnifera (Nutt.) Wooton & Standl.","Ratibida columnifera"
"Ratibida peduncularis (Torr. & A. Gray) Barnhart","Ratibida peduncularis Barnhart","Ratibida peduncularis"
"Ratibida pinnata (Vent.) Barnhart","Ratibida pinnata (Vent.) Barnhart","Ratibida pinnata"
"Ratibida sp.","Ratibida sp.","Ratibida sp."
"Rauvolfia nitida Jacq.","Rauvolfia nitida Jacq.","Rauvolfia nitida"
"Rauvolfia viridis Roem. & Schult.","Rauvolfia viridis Roem. & Schult.","Rauvolfia viridis"
"Reynosia guama Urb.","Reynosia guama Urb.","Reynosia guama"
"Reynosia uncinata Urb.","Reynosia uncinata Urb.","Reynosia uncinata"
"Reynosia vivesiana Trejo","Reynosia vivesiana Trejo","Reynosia vivesiana"
"Rhabdadenia biflora (Jacq.) Müll. Arg.","Rhabdadenia biflora (Jacq.) Müll.Arg.","Rhabdadenia biflora"
"Rhamnus alnifolia L'Hér.","Rhamnus alnifolia L'Hér.","Rhamnus alnifolia"
"Rhamnus cathartica L.","Rhamnus cathartica L.","Rhamnus cathartica"
"Rhamnus ilicifolia Kellogg","Rhamnus crocea subsp. ilicifolia (Kellogg) C.B.Wolf","Rhamnus crocea"
"Rhamnus davurica Pall.","Rhamnus davurica Pall.","Rhamnus davurica"
"Rhamnus sp.","Rhamnus sp.","Rhamnus sp."
"Rhexia alifanus Walter","Rhexia alifanus Walter","Rhexia alifanus"
"Rhexia cubensis Griseb.","Rhexia cubensis Griseb.","Rhexia cubensis"
"Rhexia lutea Walter","Rhexia lutea Walter","Rhexia lutea"
"Rhexia mariana L.","Rhexia mariana L.","Rhexia mariana"
"Rhexia mariana L. var. mariana","Rhexia mariana var. mariana","Rhexia mariana"
"Rhexia nashii Small","Rhexia nashii Small","Rhexia nashii"
"Rhexia nuttallii C.W. James","Rhexia nuttallii C.W.James","Rhexia nuttallii"
"Rhexia petiolata Walter","Rhexia petiolata Walter","Rhexia petiolata"
"Rhexia sp.","Rhexia sp.","Rhexia sp."
"Rhexia spp.","Rhexia spp.","Rhexia sp."
"Rhexia virginica L.","Rhexia virginica L.","Rhexia virginica"
"Rhodiola integrifolia Raf.","Rhodiola integrifolia Raf.","Rhodiola integrifolia"
"Rhodiola rhodantha (A. Gray) H. Jacobsen","Rhodiola rhodantha (A.Gray) H.Jacobsen","Rhodiola rhodantha"
"Rhododendron calendulaceum (Michx.) Torr.","Rhododendron calendulaceum (Michx.) Torr.","Rhododendron calendulaceum"
"Rhododendron canescens (Michx.) Sweet","Rhododendron canescens (Michx.) Sweet","Rhododendron canescens"
"Rhododendron catawbiense Michx.","Rhododendron catawbiense Michx.","Rhododendron catawbiense"
"Rhododendron cumberlandense E.L. Braun","Rhododendron cumberlandense E.L.Braun","Rhododendron cumberlandense"
"Ledum groenlandicum Oeder","Rhododendron groenlandicum (Oeder) Kron & Judd","Rhododendron groenlandicum"
"Rhododendron lapponicum (L.) Wahlenb.","Rhododendron lapponicum (L.) Wahlenb.","Rhododendron lapponicum"
"Rhododendron maximum L.","Rhododendron maximum L.","Rhododendron maximum"
"Menziesia ferruginea Sm.","Rhododendron menziesii Craven","Rhododendron menziesii"
"Rhododendron periclymenoides (Michx.) Shinners","Rhododendron periclymenoides (Michx.) Shinners","Rhododendron periclymenoides"
"Menziesia pilosa (Michx. ex Lam.) Juss. ex Pers.","Rhododendron pilosum (Michx. ex Lam.) Craven","Rhododendron pilosum"
"Rhododendron prinophyllum (Small) Millais","Rhododendron prinophyllum (Small) Millais","Rhododendron prinophyllum"
"Rhododendron sp.","Rhododendron sp.","Rhododendron sp."
"Rhododendron spp.","Rhododendron spp.","Rhododendron sp."
"Ledum palustre L.","Rhododendron tomentosum Harmaja","Rhododendron tomentosum"
"Rhododendron viscosum (L.) Torr.","Rhododendron viscosum (L.) Torr.","Rhododendron viscosum"
"Rhododon ciliatus (Benth.) Epling","Rhododon ciliatus (Benth.) Epling","Rhododon ciliatus"
"Rhodomyrtus tomentosa (Aiton) Hassk.","Rhodomyrtus tomentosa (Aiton) Hassk.","Rhodomyrtus tomentosa"
"Rhodotypos scandens (Thunb.) Makino","Rhodotypos scandens (Thunb.) Makino","Rhodotypos scandens"
"Rhus aromatica Aiton","Rhus aromatica Aiton","Rhus aromatica"
"Rhus aromatica Aiton var. serotina (Greene) Rehder","Rhus aromatica var. serotina (Greene) Rehder","Rhus aromatica"
"Rhus copallinum L.","Rhus copallinum L.","Rhus copallinum"
"Rhus copallinum L. var. latifolia Engl.","Rhus copallinum L.","Rhus copallinum"
"Rhus glabra L.","Rhus glabra L.","Rhus glabra"
"Rhus lanceolata (A. Gray) Britton","Rhus lanceolata (A.Gray) Britton","Rhus lanceolata"
"Rhus sp.","Rhus sp.","Rhus sp."
"Rhus trilobata Nutt.","Rhus trilobata Nutt.","Rhus trilobata"
"Rhus typhina L.","Rhus typhina L.","Rhus typhina"
"Rhynchosia americana (Houst. ex Mill.) M.C. Metz","Rhynchosia americana (Mill.) Metz","Rhynchosia americana"
"Rhynchosia cinerea Nash","Rhynchosia cinerea Nash","Rhynchosia cinerea"
"Rhynchosia difformis (Elliott) DC.","Rhynchosia difformis (Elliott) DC.","Rhynchosia difformis"
"Rhynchosia latifolia Nutt. ex Torr. & A. Gray","Rhynchosia latifolia Nutt.","Rhynchosia latifolia"
"Rhynchosia minima (L.) DC.","Rhynchosia minima (L.) DC.","Rhynchosia minima"
"Rhynchosia reniformis DC.","Rhynchosia reniformis DC.","Rhynchosia reniformis"
"Rhynchosia reticulata (Sw.) DC.","Rhynchosia reticulata (Sw.) DC.","Rhynchosia reticulata"
"Rhynchosia senna Gillies ex Hook.","Rhynchosia senna Gillies ex Hook. & Arn.","Rhynchosia senna"
"Rhynchosia sp.","Rhynchosia sp.","Rhynchosia sp."
"Rhynchosia spp.","Rhynchosia spp.","Rhynchosia sp."
"Rhynchosia tomentosa (L.) Hook. & Arn.","Rhynchosia tomentosa (L.) Hook. & Arn.","Rhynchosia tomentosa"
"Rhynchosida physocalyx (A. Gray) Fryxell","Rhynchosida physocalyx (A.Gray) Fryxell","Rhynchosida physocalyx"
"Rhynchospora alba (L.) Vahl","Rhynchospora alba (L.) Vahl","Rhynchospora alba"
"Rhynchospora baldwinii A. Gray","Rhynchospora baldwinii A.Gray","Rhynchospora baldwinii"
"Rhynchospora caduca Elliott","Rhynchospora caduca Elliott","Rhynchospora caduca"
"Rhynchospora capitellata (Michx.) Vahl","Rhynchospora capitellata (Michx.) Vahl","Rhynchospora capitellata"
"Rhynchospora careyana Fernald","Rhynchospora careyana Fernald","Rhynchospora careyana"
"Rhynchospora cephalantha A. Gray","Rhynchospora cephalantha A.Gray","Rhynchospora cephalantha"
"Rhynchospora chalarocephala Fernald & Gale","Rhynchospora chalarocephala Fernald & Gale","Rhynchospora chalarocephala"
"Rhynchospora chapmanii M.A. Curtis","Rhynchospora chapmanii M.A.Curtis","Rhynchospora chapmanii"
"Rhynchospora chinensis Nees & Meyen","Rhynchospora chinensis Nees & Meyen","Rhynchospora chinensis"
"Rhynchospora ciliaris (Michx.) C. Mohr","Rhynchospora ciliaris (Michx.) C.Mohr","Rhynchospora ciliaris"
"Rhynchospora colorata (L.) H. Pfeiffer","Rhynchospora colorata (L.) H.Pfeiff.","Rhynchospora colorata"
"Rhynchospora compressa Carey ex Chapm.","Rhynchospora compressa J.Carey ex Chapm.","Rhynchospora compressa"
"Rhynchospora corniculata (Lam.) A. Gray","Rhynchospora corniculata (Lam.) A.Gray","Rhynchospora corniculata"
"Rhynchospora curtissii Britton","Rhynchospora curtissii Britton","Rhynchospora curtissii"
"Rhynchospora debilis Gale","Rhynchospora debilis Gale","Rhynchospora debilis"
"Rhynchospora decurrens Chapm.","Rhynchospora decurrens Chapm.","Rhynchospora decurrens"
"Rhynchospora divergens Chapm. ex M.A. Curtis","Rhynchospora divergens Chapm. ex M.A.Curtis","Rhynchospora divergens"
"Rhynchospora elliottii A. Dietr.","Rhynchospora elliottii A.Dietr.","Rhynchospora elliottii"
"Rhynchospora fascicularis (Michx.) Vahl","Rhynchospora fascicularis (Michx.) Vahl","Rhynchospora fascicularis"
"Rhynchospora fernaldii Gale","Rhynchospora fernaldii Gale","Rhynchospora fernaldii"
"Rhynchospora filifolia A. Gray","Rhynchospora filifolia A.Gray","Rhynchospora filifolia"
"Rhynchospora galeana Naczi, W.M. Knapp & Gerry Moore","Rhynchospora galeana Naczi, W.M.Knapp & G.Moor","Rhynchospora galeana"
"Rhynchospora globularis (Chapm.) Small var. globularis","Rhynchospora globularis var. globularis","Rhynchospora globularis"
"Rhynchospora glomerata (L.) Vahl","Rhynchospora glomerata (L.) Vahl","Rhynchospora glomerata"
"Rhynchospora grayi Kunth","Rhynchospora grayi Kunth","Rhynchospora grayi"
"Rhynchospora harperi Small","Rhynchospora harperi Small","Rhynchospora harperi"
"Rhynchospora harveyi W. Boott","Rhynchospora harveyi W.Boott","Rhynchospora harveyi"
"Rhynchospora harveyi W. Boott var. harveyi","Rhynchospora harveyi var. harveyi","Rhynchospora harveyi"
"Rhynchospora inexpansa (Michx.) Vahl","Rhynchospora inexpansa (Michx.) Vahl","Rhynchospora inexpansa"
"Rhynchospora pineticola C.B. Clarke","Rhynchospora intermedia (Chapm.) Britton","Rhynchospora intermedia"
"Rhynchospora pusilla Chapm. ex M.A. Curtis","Rhynchospora intermixta C.Wright","Rhynchospora intermixta"
"Rhynchospora macrostachya Torr. ex A. Gray","Rhynchospora macrostachya Torr. ex A.Gray","Rhynchospora macrostachya"
"Rhynchospora megalocarpa A. Gray","Rhynchospora megalocarpa A.Gray","Rhynchospora megalocarpa"
"Rhynchospora microcarpa Baldw. ex A. Gray","Rhynchospora microcarpa Baldwin ex A.Gray","Rhynchospora microcarpa"
"Rhynchospora microcephala (Britton) Britton","Rhynchospora microcephala (Britton) Britton","Rhynchospora microcephala"
"Rhynchospora mixta Britton","Rhynchospora mixta Britton","Rhynchospora mixta"
"Rhynchospora odorata C. Wright ex Griseb.","Rhynchospora odorata C.Wright ex Griseb.","Rhynchospora odorata"
"Rhynchospora oligantha A. Gray","Rhynchospora oligantha A.Gray","Rhynchospora oligantha"
"Rhynchospora pleiantha (Kük.) Gale","Rhynchospora pleiantha (Kük.) Gale","Rhynchospora pleiantha"
"Rhynchospora plumosa Elliott","Rhynchospora plumosa Elliott","Rhynchospora plumosa"
"Rhynchospora rariflora (Michx.) Elliott","Rhynchospora rariflora (Michx.) Elliott","Rhynchospora rariflora"
"Rhynchospora recognita (Gale) Kral","Rhynchospora recognita (Gale) Kral","Rhynchospora recognita"
"Rhynchospora rugosa (Vahl) Gale","Rhynchospora rugosa (Vahl) Gale","Rhynchospora rugosa"
"Rhynchospora sp.","Rhynchospora sp.","Rhynchospora sp."
"Rhynchospora spp.","Rhynchospora spp.","Rhynchospora sp."
"Rhynchospora wrightiana Boeckeler","Rhynchospora wrightiana Boeckeler","Rhynchospora wrightiana"
"Ribes americanum Mill.","Ribes americanum Mill.","Ribes americanum"
"Ribes aureum Pursh","Ribes aureum Pursh","Ribes aureum"
"Ribes cereum Douglas","Ribes cereum Douglas","Ribes cereum"
"Ribes cereum Douglas var. cereum","Ribes cereum var. cereum","Ribes cereum"
"Ribes cynosbati L.","Ribes cynosbati L.","Ribes cynosbati"
"Ribes glandulosum Grauer","Ribes glandulosum Weber","Ribes glandulosum"
"Ribes hirtellum Michx.","Ribes hirtellum Michx.","Ribes hirtellum"
"Ribes hudsonianum Richardson","Ribes hudsonianum Richardson","Ribes hudsonianum"
"Ribes inerme Rydb.","Ribes inerme Rydb.","Ribes inerme"
"Ribes lacustre (Pers.) Poir.","Ribes lacustre (Pers.) Poir.","Ribes lacustre"
"Ribes laxiflorum Pursh","Ribes laxiflorum Pursh","Ribes laxiflorum"
"Ribes missouriense Nutt.","Ribes missouriense Nutt.","Ribes missouriense"
"Ribes montigenum McClatchie","Ribes montigenum McClatchie","Ribes montigenum"
"Ribes oxyacanthoides L. ssp. setosum (Lindl.) Sinnott","Ribes oxyacanthoides var. setosum (Lindl.) Dorn","Ribes oxyacanthoides"
"Ribes roezlii Regel","Ribes roezlii Regel","Ribes roezlii"
"Ribes roezlii Regel var. amictum (Greene) Jeps.","Ribes roezlii var. amictum (Greene) Jeps.","Ribes roezlii"
"Ribes rotundifolium Michx.","Ribes rotundifolium Michx.","Ribes rotundifolium"
"Ribes sanguineum Pursh","Ribes sanguineum Pursh","Ribes sanguineum"
"Ribes sp.","Ribes sp.","Ribes sp."
"Ribes spp.","Ribes spp.","Ribes sp."
"Ribes triste Pall.","Ribes triste Pall.","Ribes triste"
"Ribes viscosissimum Pursh","Ribes viscosissimum Pursh","Ribes viscosissimum"
"Richardia scabra L.","Richardia scabra L.","Richardia scabra"
"Richardia sp.","Richardia sp.","Richardia sp."
"Rivina humilis L.","Rivina humilis L.","Rivina humilis"
"Robinia hispida L.","Robinia hispida L.","Robinia hispida"
"Robinia pseudoacacia L.","Robinia pseudoacacia L.","Robinia pseudoacacia"
"Robinia sp.","Robinia sp.","Robinia sp."
"Rochefortia acanthophora (DC.) Griseb.","Rochefortia acanthophora (A.DC.) Griseb.","Rochefortia acanthophora"
"Rondeletia inermis (Spreng.) Krug & Urb.","Rondeletia inermis (Spreng.) Krug & Urb.","Rondeletia inermis"
"Rorippa curvipes Greene","Rorippa curvipes Greene","Rorippa curvipes"
"Rorippa indica (L.) Hiern.","Rorippa indica (L.) Hiern","Rorippa indica"
"Rorippa palustris (L.) Besser","Rorippa palustris (L.) Besser","Rorippa palustris"
"Rorippa sp.","Rorippa sp.","Rorippa sp."
"Rosa acicularis Lindl. ssp. sayi (Schwein.) W.H. Lewis","Rosa acicularis subsp. sayi (Schwein.) W.H.Lewis","Rosa acicularis"
"Rosa acicularis Lindl.","Rosa acicularis Lindl.","Rosa acicularis"
"Rosa arkansana Porter","Rosa arkansana Porter","Rosa arkansana"
"Rosa arkansana Porter var. suffulta (Greene) Cockerell","Rosa arkansana Porter","Rosa arkansana"
"Rosa bridgesii Crép.","Rosa bridgesii Crép. ex Rydb.","Rosa bridgesii"
"Rosa carolina L. var. carolina","Rosa carolina L. var. carolina","Rosa carolina"
"Rosa carolina L.","Rosa carolina L.","Rosa carolina"
"Rosa gymnocarpa Nutt.","Rosa gymnocarpa Nutt.","Rosa gymnocarpa"
"Rosa micrantha Borrer ex Sm.","Rosa micrantha Borrer ex Sm.","Rosa micrantha"
"Rosa multiflora Thunb.","Rosa multiflora Thunb.","Rosa multiflora"
"Rosa palustris Marshall","Rosa palustris Marshall","Rosa palustris"
"Rosa rubiginosa L.","Rosa rubiginosa L.","Rosa rubiginosa"
"Rosa setigera Michx.","Rosa setigera Michx.","Rosa setigera"
"Rosa sp.","Rosa sp.","Rosa sp."
"Rosa spp.","Rosa spp.","Rosa sp."
"Rosa woodsii Lindl.","Rosa woodsii Lindl.","Rosa woodsii"
"Coelorachis cylindrica (Michx.) Nash","Rottboellia campestris Nutt.","Rottboellia campestris"
"Rottboellia cochinchinensis (Lour.) W.D. Clayton","Rottboellia cochinchinensis (Lour.) Clayton","Rottboellia cochinchinensis"
"Rottboellia sp.","Rottboellia sp.","Rottboellia sp."
"Roystonea borinquena O.F. Cook","Roystonea borinquena O.F.Cook","Roystonea borinquena"
"Rubus allegheniensis Porter","Rubus allegheniensis Porter","Rubus allegheniensis"
"Rubus allegheniensis Porter var. allegheniensis","Rubus allegheniensis Porter var. allegheniensis","Rubus allegheniensis"
"Rubus allegheniensis Porter var. gravesii Fernald","Rubus allegheniensis Porter","Rubus allegheniensis"
"Rubus arcticus L.","Rubus arcticus L.","Rubus arcticus"
"Rubus argutus Link","Rubus argutus Link","Rubus argutus"
"Rubus armeniacus Focke","Rubus armeniacus Focke","Rubus armeniacus"
"Rubus canadensis L.","Rubus canadensis L.","Rubus canadensis"
"Rubus chamaemorus L.","Rubus chamaemorus L.","Rubus chamaemorus"
"Rubus cuneifolius Pursh","Rubus cuneifolius Pursh","Rubus cuneifolius"
"Rubus randolphiorum L.H. Bailey","Rubus cuneifolius Pursh","Rubus cuneifolius"
"Rubus deliciosus Torr.","Rubus deliciosus Torr.","Rubus deliciosus"
"Rubus ellipticus Sm.","Rubus ellipticus Sm.","Rubus ellipticus"
"Rubus arenicola Blanch.","Rubus flagellaris Willd.","Rubus flagellaris"
"Rubus flagellaris Willd.","Rubus flagellaris Willd.","Rubus flagellaris"
"Rubus aboriginum Rydb.","Rubus flagellaris Willd.","Rubus flagellaris"
"Rubus glaucifolius Kellogg","Rubus glaucifolius Kellogg","Rubus glaucifolius"
"Rubus hawaiensis A. Gray","Rubus hawaiensis A.Gray","Rubus hawaiensis"
"Rubus hispidus L.","Rubus hispidus L.","Rubus hispidus"
"Rubus idaeus L. ssp. strigosus (Michx.) Focke","Rubus idaeus subsp. strigosus (Michx.) Focke","Rubus idaeus"
"Rubus idaeus L.","Rubus idaeus L.","Rubus idaeus"
"Rubus idaeus L. ssp. idaeus","Rubus idaeus subsp. idaeus","Rubus idaeus"
"Rubus lasiococcus A. Gray","Rubus lasiococcus A.Gray","Rubus lasiococcus"
"Rubus laudatus A. Berger","Rubus laudatus A.Berger","Rubus laudatus"
"Rubus leucodermis Douglas ex Torr. & A. Gray","Rubus leucodermis (Douglas ex Hook.) Douglas ex Torr. & A.Gray","Rubus leucodermis"
"Rubus laciniatus Willd.","Rubus nemoralis P.J.Müll.","Rubus nemoralis"
"Rubus nivalis Douglas ex Hook.","Rubus nivalis Douglas ex Hook.","Rubus nivalis"
"Rubus occidentalis L.","Rubus occidentalis L.","Rubus occidentalis"
"Rubus parviflorus Nutt.","Rubus parviflorus Nutt.","Rubus parviflorus"
"Rubus parvifolius L.","Rubus parvifolius L.","Rubus parvifolius"
"Rubus pensilvanicus Poir.","Rubus pensilvanicus Poir.","Rubus pensilvanicus"
"Rubus oklahomus L.H. Bailey","Rubus pensilvanicus Poir.","Rubus pensilvanicus"
"Rubus phoenicolasius Maxim.","Rubus phoenicolasius Maxim.","Rubus phoenicolasius"
"Rubus pubescens Raf.","Rubus pubescens Raf.","Rubus pubescens"
"Rubus pubescens Raf. var. pubescens","Rubus pubescens Raf. var. pubescens","Rubus pubescens"
"Dalibarda repens L.","Rubus repens (L.) Kuntze","Rubus repens"
"Rubus rosifolius Sm.","Rubus rosifolius Sm.","Rubus rosifolius"
"Rubus semisetosus Blanch.","Rubus setosus Bigelow","Rubus setosus"
"Rubus setosus Bigelow","Rubus setosus Bigelow","Rubus setosus"
"Rubus vermontanus Blanch.","Rubus setosus Bigelow","Rubus setosus"
"Rubus sp.","Rubus sp.","Rubus sp."
"Rubus spp.","Rubus spp.","Rubus sp."
"Rubus spectabilis Pursh","Rubus spectabilis Pursh","Rubus spectabilis"
"Rubus trivialis Michx.","Rubus trivialis Michx.","Rubus trivialis"
"Rubus ursinus Cham. & Schltdl.","Rubus ursinus Cham. & Schltdl.","Rubus ursinus"
"Rubus recurvicaulis Blanch.","Rubus × recurvicaulis Blanch.","Rubus × recurvicaulis"
"Rudbeckia fulgida Aiton","Rudbeckia fulgida Aiton","Rudbeckia fulgida"
"Rudbeckia hirta L.","Rudbeckia hirta L.","Rudbeckia hirta"
"Rudbeckia hirta L. var. pulcherrima Farw.","Rudbeckia hirta var. pulcherrima Farw.","Rudbeckia hirta"
"Rudbeckia mollis Elliott","Rudbeckia mollis Elliott","Rudbeckia mollis"
"Rudbeckia sp.","Rudbeckia sp.","Rudbeckia sp."
"Rudbeckia spp.","Rudbeckia spp.","Rudbeckia sp."
"Rudbeckia triloba L.","Rudbeckia triloba L.","Rudbeckia triloba"
"Blechum pyramidatum (Lam.) Urb.","Ruellia blechum L.","Ruellia blechum"
"Ruellia caroliniensis (J.F. Gmel.) Steud.","Ruellia caroliniensis (J.F.Gmel.) Steud.","Ruellia caroliniensis"
"Ruellia caroliniensis (J.F. Gmel.) Steud. ssp. ciliosa (Pursh) R.W. Long","Ruellia caroliniensis subsp. ciliosa (Pursh) R.W.Long","Ruellia caroliniensis"
"Ruellia corzoi Tharp & F.A. Barkley","Ruellia corzoi Tharp & F.A.Barkley","Ruellia corzoi"
"Ruellia humilis Nutt.","Ruellia humilis Nutt.","Ruellia humilis"
"Ruellia caerulea Morong","Ruellia simplex C.Wright","Ruellia simplex"
"Ruellia sp.","Ruellia sp.","Ruellia sp."
"Ruellia strepens L.","Ruellia strepens L.","Ruellia strepens"
"Ruellia tuberosa L.","Ruellia tuberosa L.","Ruellia tuberosa"
"Rugelia nudicaulis Shuttlw. ex Chapm.","Rugelia nudicaulis Shuttlew. ex Chapm.","Rugelia nudicaulis"
"Rumex acetosa L.","Rumex acetosa L.","Rumex acetosa"
"Rumex acetosella L.","Rumex acetosella L.","Rumex acetosella"
"Rumex altissimus Alph. Wood","Rumex altissimus Alph.Wood","Rumex altissimus"
"Rumex arcticus Trautv.","Rumex arcticus Trautv.","Rumex arcticus"
"Rumex crispus L. ssp. crispus","Rumex crispus subsp. crispus","Rumex crispus"
"Rumex crispus L.","Rumex crispus L.","Rumex crispus"
"Rumex frutescens Thouars","Rumex frutescens Thouars","Rumex frutescens"
"Rumex hastatulus Baldw.","Rumex hastatulus Baldwin","Rumex hastatulus"
"Rumex hymenosepalus Torr.","Rumex hymenosepalus Torr.","Rumex hymenosepalus"
"Rumex obtusifolius L.","Rumex obtusifolius L.","Rumex obtusifolius"
"Rumex aquaticus L. var. fenestratus (Greene) Dorn","Rumex occidentalis var. occidentalis","Rumex occidentalis"
"Rumex orbiculatus A. Gray","Rumex orbiculatus A.Gray","Rumex orbiculatus"
"Rumex pulcher L.","Rumex pulcher L.","Rumex pulcher"
"Rumex sp.","Rumex sp.","Rumex sp."
"Rumex spp.","Rumex spp.","Rumex sp."
"Rumex stenophyllus Ledeb.","Rumex stenophyllus Ledeb.","Rumex stenophyllus"
"Rumex venosus Pursh","Rumex venosus Pursh","Rumex venosus"
"Sabal causiarum (O.F. Cook) Becc.","Sabal causiarum (O.F.Cook) Becc.","Sabal causiarum"
"Sabal etonia Swingle ex Nash","Sabal etonia Swingle ex Nash","Sabal etonia"
"Sabal minor (Jacq.) Pers.","Sabal minor (Jacq.) Pers.","Sabal minor"
"Sabal palmetto (Walter) Lodd. ex Schult. & Schult. f.","Sabal palmetto (Walter) Lodd. ex Schult. & Schult.f.","Sabal palmetto"
"Sabal sp.","Sabal sp.","Sabal sp."
"Sabatia angularis (L.) Pursh","Sabatia angularis (L.) Pursh","Sabatia angularis"
"Sabatia brevifolia Raf.","Sabatia brevifolia Raf.","Sabatia brevifolia"
"Sabatia calycina (Lam.) A. Heller","Sabatia calycina (Lam.) A.Heller","Sabatia calycina"
"Sabatia campestris Nutt.","Sabatia campestris Nutt.","Sabatia campestris"
"Sabatia difformis (L.) Druce","Sabatia difformis (L.) Druce","Sabatia difformis"
"Sabatia grandiflora (A. Gray) Small","Sabatia grandiflora (A.Gray) Small","Sabatia grandiflora"
"Sabatia macrophylla Hook.","Sabatia macrophylla Hook.","Sabatia macrophylla"
"Sabatia sp.","Sabatia sp.","Sabatia sp."
"Aralia racemosa L. ssp. racemosa","Sabia racemosa subsp. racemosa","Sabia racemosa"
"Minuartia douglasii (Fenzl ex Torr. & A. Gray) Mattf.","Sabulina douglasii (Fenzl ex Torr. & A.Gray) Dillenb. & Kadereit","Sabulina douglasii"
"Minuartia michauxii (Fenzl) Farw.","Sabulina michauxii (Fenzl) Dillenb. & Kadereit","Sabulina michauxii"
"Minuartia rubella (Wahlenb.) Hiern.","Sabulina rubella (Wahlenb.) Dillenb. & Kadereit","Sabulina rubella"
"Minuartia stricta (Sw.) Hiern.","Sabulina stricta (Sw.) Rchb.","Sabulina stricta"
"Saccharum sp.","Saccharum sp.","Saccharum sp."
"Sacciolepis indica (L.) Chase","Sacciolepis indica (L.) Chase","Sacciolepis indica"
"Sacciolepis sp.","Sacciolepis sp.","Sacciolepis sp."
"Sacciolepis spp.","Sacciolepis spp.","Sacciolepis sp."
"Sacciolepis striata (L.) Nash","Sacciolepis striata (L.) Nash","Sacciolepis striata"
"Sadleria sp.","Sadleria sp.","Sadleria sp."
"Sageretia sp.","Sageretia sp.","Sageretia sp."
"Sagina decumbens (Elliott) Torr. & A. Gray","Sagina decumbens (Elliott) Torr. & A.Gray","Sagina decumbens"
"Sagittaria graminea Michx. var. chapmanii J.G. Sm.","Sagittaria chapmanii (J.G.Sm.) C.Mohr","Sagittaria chapmanii"
"Sagittaria graminea Michx.","Sagittaria graminea Michx.","Sagittaria graminea"
"Sagittaria graminea Michx. var. graminea","Sagittaria graminea Michx. var. graminea","Sagittaria graminea"
"Sagittaria isoetiformis J.G. Sm.","Sagittaria isoetiformis J.G.Sm.","Sagittaria isoetiformis"
"Sagittaria lancifolia L.","Sagittaria lancifolia L.","Sagittaria lancifolia"
"Sagittaria latifolia Willd.","Sagittaria latifolia Willd.","Sagittaria latifolia"
"Sagittaria sp.","Sagittaria sp.","Sagittaria sp."
"Salix alaxensis (Andersson) Coville var. alaxensis","Salix alaxensis var. alaxensis","Salix alaxensis"
"Salix alaxensis (Andersson) Coville","Salix alaxensis (Andersson) Coville","Salix alaxensis"
"Salix amygdaloides Andersson","Salix amygdaloides Andersson","Salix amygdaloides"
"Salix arbusculoides Andersson","Salix arbusculoides Andersson","Salix arbusculoides"
"Salix arctica Pall.","Salix arctica Pall.","Salix arctica"
"Salix arctophila Cockerell ex A. Heller","Salix arctophila Cockerell","Salix arctophila"
"Salix athabascensis Raup","Salix athabascensis Raup","Salix athabascensis"
"Salix barclayi Andersson","Salix barclayi Andersson","Salix barclayi"
"Salix bebbiana Sarg.","Salix bebbiana Sarg.","Salix bebbiana"
"Salix candida Flueggé ex Willd.","Salix candida Flüggé ex Willd.","Salix candida"
"Salix caroliniana Michx.","Salix caroliniana Michx.","Salix caroliniana"
"Salix chamissonis Andersson","Salix chamissonis Andersson","Salix chamissonis"
"Salix discolor Muhl.","Salix discolor Muhl.","Salix discolor"
"Salix eriocephala Michx.","Salix eriocephala Michx.","Salix eriocephala"
"Salix fuscescens Andersson","Salix fuscescens Andersson","Salix fuscescens"
"Salix glauca L.","Salix glauca L.","Salix glauca"
"Salix hastata L.","Salix hastata L.","Salix hastata"
"Salix humilis Marshall","Salix humilis Marshall","Salix humilis"
"Salix richardsonii Hook.","Salix lanata subsp. richardsonii (Hook.) A.K.Skvortsov","Salix lanata"
"Salix lucida Muhl. ssp. lasiandra (Benth.) A.E. Murray","Salix lasiandra Benth.","Salix lasiandra"
"Salix myrtillifolia Andersson","Salix myrtillifolia Andersson","Salix myrtillifolia"
"Salix nigra Marshall","Salix nigra Marshall","Salix nigra"
"Salix niphoclada Rydb.","Salix niphoclada Rydb.","Salix niphoclada"
"Salix ovalifolia Trautv.","Salix ovalifolia Trautv.","Salix ovalifolia"
"Salix ovalifolia Trautv. var. glacialis (Andersson) Argus","Salix ovalifolia var. glacialis (Andersson) Argus","Salix ovalifolia"
"Salix ovalifolia Trautv. var. cyclophylla (Rydb.) C.R. Ball","Salix ovalifolia var. cyclophylla C.R.Ball","Salix ovalifolia"
"Salix pedicellaris Pursh","Salix pedicellaris Pursh","Salix pedicellaris"
"Salix petiolaris Sm.","Salix petiolaris Sm.","Salix petiolaris"
"Salix phlebophylla Andersson","Salix phlebophylla Andersson","Salix phlebophylla"
"Salix planifolia Pursh ssp. planifolia","Salix planifolia Pursh ssp. planifolia","Salix planifolia"
"Salix polaris Wahlenb.","Salix polaris Wahlenb.","Salix polaris"
"Salix pseudomonticola C.R. Ball","Salix pseudomonticola C.R.Ball","Salix pseudomonticola"
"Salix pseudomyrsinites Andersson","Salix pseudomyrsinites Andersson","Salix pseudomyrsinites"
"Salix pulchra Cham.","Salix pulchra Cham.","Salix pulchra"
"Salix pulchra/richardsonii","Salix pulchra","Salix pulchra"
"Salix pyrifolia Andersson","Salix pyrifolia Andersson","Salix pyrifolia"
"Salix reticulata L.","Salix reticulata L.","Salix reticulata"
"Salix reticulata L. ssp. glabellicarpa Argus","Salix reticulata L.","Salix reticulata"
"Salix rotundifolia Trautv.","Salix rotundifolia Trautv.","Salix rotundifolia"
"Salix scouleriana Barratt ex Hook.","Salix scouleriana Barratt ex Hook.","Salix scouleriana"
"Salix sericea Marshall","Salix sericea Marshall","Salix sericea"
"Salix sp.","Salix sp.","Salix sp."
"Salix spp.","Salix spp.","Salix sp."
"Salix taxifolia Kunth","Salix taxifolia Kunth","Salix taxifolia"
"Salsola collina Pall.","Salsola collina Pall.","Salsola collina"
"Salsola kali L.","Salsola kali L.","Salsola kali"
"Salsola sp.","Salsola sp.","Salsola sp."
"Salsola tragus L.","Salsola tragus L.","Salsola tragus"
"Salvia azurea Michx. ex Lam.","Salvia azurea Michx. ex Vahl","Salvia azurea"
"Salvia azurea Michx. ex Lam. var. grandiflora Benth.","Salvia azurea Michx. ex Vahl","Salvia azurea"
"Salvia columbariae Benth.","Salvia columbariae Benth.","Salvia columbariae"
"Salvia engelmannii A. Gray","Salvia engelmannii A.Gray","Salvia engelmannii"
"Salvia lyrata L.","Salvia lyrata L.","Salvia lyrata"
"Salvia reflexa Hornem.","Salvia reflexa Hornem.","Salvia reflexa"
"Salvia serotina L.","Salvia serotina L.","Salvia serotina"
"Salvia sp.","Salvia sp.","Salvia sp."
"Salvia spp.","Salvia spp.","Salvia sp."
"Salvia texana (Scheele) Torr.","Salvia texana (Scheele) Torr.","Salvia texana"
"Salvia urticifolia L.","Salvia urticifolia L.","Salvia urticifolia"
"Salvinia minima Baker","Salvinia minima Baker","Salvinia minima"
"Samanea saman (Jacq.) Merr.","Samanea saman (Jacq.) Merr.","Samanea saman"
"Sambucus nigra L. ssp. canadensis (L.) R. Bolli","Sambucus canadensis L.","Sambucus canadensis"
"Sambucus nigra L. ssp. cerulea (Raf.) R. Bolli","Sambucus cerulea Raf.","Sambucus cerulea"
"Sambucus nigra L.","Sambucus nigra L.","Sambucus nigra"
"Sambucus racemosa L. var. racemosa","Sambucus racemosa L. var. racemosa","Sambucus racemosa"
"Sambucus racemosa/nigra","Sambucus racemosa","Sambucus racemosa"
"Sambucus racemosa L.","Sambucus racemosa L.","Sambucus racemosa"
"Sambucus sp.","Sambucus sp.","Sambucus sp."
"Sambucus spp.","Sambucus spp.","Sambucus sp."
"Samolus valerandi L. ssp. parviflorus (Raf.) Hultén","Samolus parviflorus Raf.","Samolus parviflorus"
"Samolus sp.","Samolus sp.","Samolus sp."
"Sanguinaria canadensis L.","Sanguinaria canadensis L.","Sanguinaria canadensis"
"Sanguisorba minor Scop.","Sanguisorba minor Scop.","Sanguisorba minor"
"Sanguisorba officinalis L.","Sanguisorba officinalis L.","Sanguisorba officinalis"
"Sanicula bipinnatifida Douglas ex Hook.","Sanicula bipinnatifida Douglas","Sanicula bipinnatifida"
"Sanicula canadensis L.","Sanicula canadensis L.","Sanicula canadensis"
"Sanicula canadensis L. var. canadensis","Sanicula canadensis var. canadensis","Sanicula canadensis"
"Sanicula crassicaulis Poepp. ex DC.","Sanicula crassicaulis Poepp. ex DC.","Sanicula crassicaulis"
"Sanicula marilandica L.","Sanicula marilandica L.","Sanicula marilandica"
"Sanicula odorata (Raf.) K.M. Pryer & L.R. Phillippe","Sanicula odorata (Raf.) Pryer & Phillippe","Sanicula odorata"
"Sanicula smallii E.P. Bicknell","Sanicula smallii E.P.Bicknell","Sanicula smallii"
"Sanicula sp.","Sanicula sp.","Sanicula sp."
"Sanicula spp.","Sanicula spp.","Sanicula sp."
"Sanicula tuberosa Torr.","Sanicula tuberosa Torr.","Sanicula tuberosa"
"Sansevieria sp.","Sansevieria sp.","Sansevieria sp."
"Sansevieria spp.","Sansevieria spp.","Sansevieria sp."
"Santalum sp.","Santalum sp.","Santalum sp."
"Sanvitalia abertii A. Gray","Sanvitalia abertii A.Gray","Sanvitalia abertii"
"Saponaria officinalis L.","Saponaria officinalis L.","Saponaria officinalis"
"Sarcobatus vermiculatus (Hook.) Torr.","Sarcobatus vermiculatus (Hook.) Torr.","Sarcobatus vermiculatus"
"Sarcodes sanguinea Torr.","Sarcodes sanguinea Torr.","Sarcodes sanguinea"
"Sarcosagium campestre (Fr.) Poetsch & Schiedem.","Sarcosagium campestre (Fr.) Poetsch & Schiedem.","Sarcosagium campestre"
"Sarracenia purpurea L. ssp. purpurea","Sarracenia purpurea subsp. purpurea","Sarracenia purpurea"
"Sarracenia purpurea L.","Sarracenia purpurea L.","Sarracenia purpurea"
"Sarracenia rosea Naczi, F.W. Case & R.B. Case","Sarracenia rosea Naczi, F.W.Case & R.B.Case","Sarracenia rosea"
"Sassafras albidum (Nutt.) Nees","Sassafras albidum (Nutt.) Nees","Sassafras albidum"
"Saururus cernuus L.","Saururus cernuus L.","Saururus cernuus"
"Saussurea angustifolia (Willd.) DC.","Saussurea angustifolia (L.) DC.","Saussurea angustifolia"
"Saussurea angustifolia (Willd.) DC. var. angustifolia","Saussurea angustifolia var. angustifolia","Saussurea angustifolia"
"Saussurea viscida Hultén","Saussurea angustifolia var. viscida (Hultén) S.L.Welsh","Saussurea angustifolia"
"Savia sessiliflora (Sw.) Willd.","Savia sessiliflora (Sw.) Willd.","Savia sessiliflora"
"Saxifraga aleutica Hultén","Saxifraga aleutica Hultén","Saxifraga aleutica"
"Saxifraga bronchialis L. ssp. austromontana (Wiegand) Piper","Saxifraga bronchialis subsp. austromontana (Wiegand) Piper","Saxifraga bronchialis"
"Saxifraga bronchialis L.","Saxifraga bronchialis L.","Saxifraga bronchialis"
"Saxifraga cernua L.","Saxifraga cernua L.","Saxifraga cernua"
"Saxifraga flagellaris Willd. ex Sternb. ssp. crandallii (Gandog.) Hultén","Saxifraga flagellaris subsp. crandallii (Gand.) Hultén","Saxifraga flagellaris"
"Saxifraga hirculus L.","Saxifraga hirculus L.","Saxifraga hirculus"
"Saxifraga nelsoniana D. Don ssp. nelsoniana","Saxifraga nelsoniana D. Don ssp. nelsoniana","Saxifraga nelsoniana"
"Saxifraga caespitosa L.","Saxifraga pentadactylis subsp. pentadactylis","Saxifraga pentadactylis"
"Saxifraga spp.","Saxifraga spp.","Saxifraga sp."
"Saxifraga sp.","Saxifraga sp.","Saxifraga sp."
"Saxifraga tricuspidata Rottb.","Saxifraga tricuspidata Rottb.","Saxifraga tricuspidata"
"Schaefferia frutescens Jacq.","Schaefferia frutescens Jacq.","Schaefferia frutescens"
"Scheuchzeria palustris L.","Scheuchzeria palustris L.","Scheuchzeria palustris"
"Schinus terebinthifolius Raddi","Schinus terebinthifolia Raddi","Schinus terebinthifolia"
"Schismus arabicus Nees","Schismus arabicus Nees","Schismus arabicus"
"Schismus barbatus (Loefl. ex L.) Thell.","Schismus barbatus (L.) Thell.","Schismus barbatus"
"Schismus sp.","Schismus sp.","Schismus sp."
"Schistophragma intermedia (A. Gray) Pennell","Schistophragma intermedium (A.Gray) Pennell","Schistophragma intermedium"
"Schizachne purpurascens (Torr.) Swallen","Schizachne purpurascens (Torr.) Swallen","Schizachne purpurascens"
"Schizachne sp.","Schizachne sp.","Schizachne sp."
"Schizachyrium littorale (Nash) E.P. Bicknell","Schizachyrium littorale (Nash) E.P.Bicknell","Schizachyrium littorale"
"Schizachyrium niveum (Swallen) Gould","Schizachyrium niveum (Swallen) Gould","Schizachyrium niveum"
"Schizachyrium scoparium (Michx.) Nash var. scoparium","Schizachyrium scoparium (Michx.) Nash var. scoparium","Schizachyrium scoparium"
"Schizachyrium scoparium (Michx.) Nash","Schizachyrium scoparium (Michx.) Nash","Schizachyrium scoparium"
"Schizachyrium scoparium (Michx.) Nash var. divergens (Hack.) Gould","Schizachyrium scoparium (Michx.) Nash","Schizachyrium scoparium"
"Andropogon L./Schizachyrium scoparium (Michx.) Nash","Andropogon L.","Schizachyrium scoparium"
"Schizachyrium sp.","Schizachyrium sp.","Schizachyrium sp."
"Schizachyrium spp.","Schizachyrium spp.","Schizachyrium sp."
"Schoenolirion croceum (Michx.) Alph. Wood","Schoenolirion croceum (Michx.) Alph.Wood","Schoenolirion croceum"
"Schoenoplectus acutus (Muhl. ex Bigelow) Á. Löve & D. Löve var. acutus","Schoenoplectus acutus var. acutus","Schoenoplectus acutus"
"Schoenoplectus pungens (Vahl) Palla","Schoenoplectus pungens (Vahl) Palla","Schoenoplectus pungens"
"Schoenoplectus sp.","Schoenoplectus sp.","Schoenoplectus sp."
"Schoenoplectus tabernaemontani (C.C. Gmel.) Palla","Schoenoplectus tabernaemontani (C.C.Gmel.) Palla","Schoenoplectus tabernaemontani"
"Schoepfia obovata C. Wright","Schoepfia obovata C.Wright","Schoepfia obovata"
"Scirpus atrocinctus Fernald","Scirpus atrocinctus Fernald","Scirpus atrocinctus"
"Scirpus atrovirens Willd.","Scirpus atrovirens Willd.","Scirpus atrovirens"
"Scirpus cyperinus (L.) Kunth","Scirpus cyperinus (L.) Kunth","Scirpus cyperinus"
"Scirpus georgianus Harper","Scirpus georgianus R.M.Harper","Scirpus georgianus"
"Scirpus microcarpus J. Presl & C. Presl","Scirpus microcarpus J.Presl & C.Presl","Scirpus microcarpus"
"Scirpus pedicellatus Fernald","Scirpus pedicellatus Fernald","Scirpus pedicellatus"
"Scirpus pendulus Muhl.","Scirpus pendulus Muhl.","Scirpus pendulus"
"Scirpus polyphyllus Vahl","Scirpus polyphyllus Vahl","Scirpus polyphyllus"
"Scirpus sp.","Scirpus sp.","Scirpus sp."
"Scleranthus sp.","Scleranthus sp.","Scleranthus sp."
"Scleria baldwinii (Torr.) Steud.","Scleria baldwinii (Torr.) Steud.","Scleria baldwinii"
"Scleria ciliata Michx.","Scleria ciliata Michx.","Scleria ciliata"
"Scleria ciliata Michx. var. ciliata","Scleria ciliata var. ciliata","Scleria ciliata"
"Scleria georgiana Core","Scleria georgiana Core","Scleria georgiana"
"Scleria lithosperma (L.) Sw.","Scleria lithosperma (L.) Sw.","Scleria lithosperma"
"Scleria muehlenbergii Steud.","Scleria muehlenbergii Steud.","Scleria muehlenbergii"
"Scleria oligantha Michx.","Scleria oligantha Michx.","Scleria oligantha"
"Scleria pauciflora Muhl. ex Willd. var. curtissii (Britton) Fairey","Scleria pauciflora var. curtissii (Britton) Fairey","Scleria pauciflora"
"Scleria pauciflora Muhl. ex Willd.","Scleria pauciflora Muhl. ex Willd.","Scleria pauciflora"
"Scleria reticularis Michx.","Scleria reticularis Michx.","Scleria reticularis"
"Scleria secans (L.) Urb.","Scleria secans (L.) Urb.","Scleria secans"
"Scleria sp.","Scleria sp.","Scleria sp."
"Scleria spp.","Scleria spp.","Scleria sp."
"Scleria triglomerata Michx.","Scleria triglomerata Michx.","Scleria triglomerata"
"Sclerocactus parviflorus Clover & Jotter","Sclerocactus parviflorus Clover & Jotter","Sclerocactus parviflorus"
"Sclerocactus sp.","Sclerocactus sp.","Sclerocactus sp."
"Sclerocactus spp.","Sclerocactus spp.","Sclerocactus sp."
"Scolochloa festucacea (Willd.) Link","Scolochloa festucacea (Willd.) Link","Scolochloa festucacea"
"Scoparia dulcis L.","Scoparia dulcis L.","Scoparia dulcis"
"Scopelophila ligulata (Spruce) Spruce","Scopelophila ligulata (Spruce) Spruce","Scopelophila ligulata"
"Scrophularia californica Cham. & Schltdl.","Scrophularia californica Cham. & Schltdl.","Scrophularia californica"
"Scrophularia lanceolata Pursh","Scrophularia lanceolata Pursh","Scrophularia lanceolata"
"Scrophularia marilandica L.","Scrophularia marilandica L.","Scrophularia marilandica"
"Scrophularia sp.","Scrophularia sp.","Scrophularia sp."
"Scutellaria bolanderi A. Gray ssp. bolanderi","Scutellaria bolanderi subsp. bolanderi","Scutellaria bolanderi"
"Scutellaria brittonii Porter","Scutellaria brittonii Porter","Scutellaria brittonii"
"Scutellaria drummondii Benth.","Scutellaria drummondii Benth.","Scutellaria drummondii"
"Scutellaria elliptica Muhl. ex Spreng.","Scutellaria elliptica Muhl.","Scutellaria elliptica"
"Scutellaria elliptica Muhl. ex Spreng. var. hirsuta (Short & Peter) Fernald","Scutellaria elliptica var. hirsuta (A.Gray) Fernald","Scutellaria elliptica"
"Scutellaria galericulata L.","Scutellaria galericulata L.","Scutellaria galericulata"
"Scutellaria incana Biehler","Scutellaria incana Biehler","Scutellaria incana"
"Scutellaria incana Biehler var. incana","Scutellaria incana var. incana","Scutellaria incana"
"Scutellaria integrifolia L.","Scutellaria integrifolia L.","Scutellaria integrifolia"
"Scutellaria lateriflora L.","Scutellaria lateriflora L.","Scutellaria lateriflora"
"Scutellaria lateriflora L. var. lateriflora","Scutellaria lateriflora L. var. lateriflora","Scutellaria lateriflora"
"Scutellaria montana Chapm.","Scutellaria montana Chapm.","Scutellaria montana"
"Scutellaria multiglandulosa (Kearney) Small ex Harper","Scutellaria multiglandulosa (Kearney) Small ex Harper","Scutellaria multiglandulosa"
"Scutellaria parvula Michx.","Scutellaria parvula Michx.","Scutellaria parvula"
"Scutellaria racemosa Pers.","Scutellaria racemosa Pers.","Scutellaria racemosa"
"Scutellaria resinosa Torr.","Scutellaria resinosa Torr.","Scutellaria resinosa"
"Scutellaria saxatilis Riddell","Scutellaria saxatilis Riddell","Scutellaria saxatilis"
"Scutellaria serrata Andrews","Scutellaria serrata Andrews","Scutellaria serrata"
"Scutellaria sp.","Scutellaria sp.","Scutellaria sp."
"Scutellaria spp.","Scutellaria spp.","Scutellaria sp."
"Scutellaria tuberosa Benth.","Scutellaria tuberosa Benth.","Scutellaria tuberosa"
"Scutellaria wrightii A. Gray","Scutellaria wrightii A.Gray","Scutellaria wrightii"
"Scutula sp.","Scutula sp.","Scutula sp."
"Secale cereale L.","Secale cereale L.","Secale cereale"
"Sedum debile S. Watson","Sedum debile S.Watson","Sedum debile"
"Sedum lanceolatum Torr.","Sedum lanceolatum Torr.","Sedum lanceolatum"
"Sedum obtusatum A. Gray ssp. obtusatum","Sedum obtusatum A. Gray ssp. obtusatum","Sedum obtusatum"
"Sedum pulchellum Michx.","Sedum pulchellum Michx.","Sedum pulchellum"
"Sedella pumila (Benth.) Britton & Rose","Sedum pumilum Benth.","Sedum pumilum"
"Sedum spp.","Sedum spp.","Sedum sp."
"Sedum sp.","Sedum sp.","Sedum sp."
"Sedum ternatum Michx.","Sedum ternatum Michx.","Sedum ternatum"
"Selaginella apoda (L.) Spring","Selaginella apoda (L.) C.Morren","Selaginella apoda"
"Selaginella arbuscula (Kaulf.) Spring","Selaginella arbuscula (Kaulf.) Spring","Selaginella arbuscula"
"Selaginella densa Rydb.","Selaginella densa Rydb.","Selaginella densa"
"Selaginella densa Rydb. var. densa","Selaginella densa Rydb. var. densa","Selaginella densa"
"Selaginella sibirica (Milde) Hieron.","Selaginella sibirica (Milde ) Hieron.","Selaginella sibirica"
"Selaginella sp.","Selaginella sp.","Selaginella sp."
"Selaginella tortipila A. Braun","Selaginella tortipila A.Braun","Selaginella tortipila"
"Selaginella umbrosa Lem. ex Hieron.","Selaginella umbrosa Lem. ex Hieron.","Selaginella umbrosa"
"Selaginella viridissima Weath.","Selaginella viridissima Weath.","Selaginella viridissima"
"Selaginella watsonii Underw.","Selaginella watsonii Underw.","Selaginella watsonii"
"Hylocereus trigonus (Haw.) Saff.","Selenicereus triangularis (L.) D.R.Hunt","Selenicereus triangularis"
"Hylocereus undatus (Haw.) Britton & Rose","Selenicereus undatus (Haw.) D.R.Hunt","Selenicereus undatus"
"Senecio amplectens A. Gray","Senecio amplectens A.Gray","Senecio amplectens"
"Senecio aronicoides DC.","Senecio aronicoides DC.","Senecio aronicoides"
"Senecio atratus Greene","Senecio atratus Greene","Senecio atratus"
"Senecio bigelovii A. Gray","Senecio bigelovii A.Gray","Senecio bigelovii"
"Senecio crassulus A. Gray","Senecio crassulus A.Gray","Senecio crassulus"
"Senecio flaccidus Less.","Senecio flaccidus Less.","Senecio flaccidus"
"Senecio flaccidus Less. var. douglasii (DC.) B.L. Turner & T.M. Barkley","Senecio flaccidus var. douglasii (DC.) B.L.Turner & T.M.Barkley","Senecio flaccidus"
"Senecio integerrimus Nutt.","Senecio integerrimus Nutt.","Senecio integerrimus"
"Senecio lugens Richardson","Senecio lugens Richardson","Senecio lugens"
"Senecio pudicus Greene","Senecio pudicus Greene","Senecio pudicus"
"Senecio rapifolius Nutt.","Senecio rapifolius Nutt.","Senecio rapifolius"
"Senecio riddellii Torr. & A. Gray","Senecio riddellii Torr. & A.Gray","Senecio riddellii"
"Senecio serra Hook.","Senecio serra Hook.","Senecio serra"
"Senecio sp.","Senecio sp.","Senecio sp."
"Senecio spp.","Senecio spp.","Senecio sp."
"Senecio spartioides Torr. & A. Gray","Senecio spartioides Torr. & A.Gray","Senecio spartioides"
"Senecio sylvaticus L.","Senecio sylvaticus L.","Senecio sylvaticus"
"Senecio triangularis Hook.","Senecio triangularis Hook.","Senecio triangularis"
"Senecio vulgaris L.","Senecio vulgaris L.","Senecio vulgaris"
"Senecio wootonii Greene","Senecio wootonii Greene","Senecio wootonii"
"Polygala alba Nutt.","Senega alba (Nutt.) J.F.B.Pastore & J.R.Abbott","Senega alba"
"Polygala balduinii Nutt.","Senega balduini (Nutt.) J.F.B.Pastore & J.R.Abbott","Senega balduini"
"Polygala boykinii Nutt.","Senega boykinii (Nutt.) J.F.B.Pastore & J.R.Abbott","Senega boykinii"
"Polygala boykinii Nutt. var. sparsifolia Wheelock","Senega boykinii (Nutt.) J.F.B.Pastore & J.R.Abbott","Senega boykinii"
"Polygala cruciata L.","Senega cruciata (L.) J.F.B.Pastore & J.R.Abbott","Senega cruciata"
"Polygala cymosa Walter","Senega cymosa (Walter) J.F.B.Pastore & J.R.Abbott","Senega cymosa"
"Polygala incarnata L.","Senega incarnata (L.) J.F.B.Pastore & J.R.Abbott","Senega incarnata"
"Polygala lutea L.","Senega lutea (L.) J.F.B.Pastore & J.R.Abbott","Senega lutea"
"Polygala nana (Michx.) DC.","Senega nana (Michx.) J.F.B.Pastore & J.R.Abbott","Senega nana"
"Polygala polygama Walter","Senega polygama (Walter) J.F.B.Pastore & J.R.Abbott","Senega polygama"
"Polygala ramosa Elliott","Senega ramosa (Elliott) J.F.B.Pastore & J.R.Abbott","Senega ramosa"
"Polygala rugelii Shuttlw. ex Chapm.","Senega rugelii (Shuttlew. ex Chapm.) J.F.B.Pastore & J.R.Abbott","Senega rugelii"
"Polygala setacea Michx.","Senega setacea (Michx.) J.F.B.Pastore & J.R.Abbott","Senega setacea"
"Polygala verticillata L.","Senega verticillata (L.) J.F.B.Pastore & J.R.Abbott","Senega verticillata"
"Senegalia greggii (A. Gray) Britton & Rose","Senegalia greggii (A.Gray) Britton & Rose","Senegalia greggii"
"Senna bauhinioides (A. Gray) Irwin & Barneby","Senna bauhinioides (A.Gray) H.S.Irwin & Barneby","Senna bauhinioides"
"Senna marilandica (L.) Link","Senna marilandica (L.) Link","Senna marilandica"
"Senna obtusifolia (L.) Irwin & Barneby","Senna obtusifolia (L.) H.S.Irwin & Barneby","Senna obtusifolia"
"Senna occidentalis (L.) Link","Senna occidentalis (L.) Link","Senna occidentalis"
"Senna roemeriana (Scheele) Irwin & Barneby","Senna roemeriana (Scheele) H.S.Irwin & Barneby","Senna roemeriana"
"Senna siamea (Lam.) Irwin & Barneby","Senna siamea (Lam.) H.S.Irwin & Barneby","Senna siamea"
"Senna sp.","Senna sp.","Senna sp."
"Senna uniflora (Mill.) Irwin & Barneby","Senna uniflora (Mill.) H.S.Irwin & Barneby","Senna uniflora"
"Serenoa repens (W. Bartram) Small","Serenoa repens (W.Bartram) Small","Serenoa repens"
"Serenoa sp.","Serenoa sp.","Serenoa sp."
"Sericocarpus linifolius (L.) Britton, Sterns & Poggenb.","Sericocarpus linifolius Britton, Sterns & Poggenb.","Sericocarpus linifolius"
"Sericocarpus sp.","Sericocarpus sp.","Sericocarpus sp."
"Sericocarpus tortifolius (Michx.) Nees","Sericocarpus tortifolius (Michx.) Nees","Sericocarpus tortifolius"
"Serjania polyphylla (L.) Radlk.","Serjania polyphylla (L.) Radlk.","Serjania polyphylla"
"Sesamum orientale L.","Sesamum indicum L.","Sesamum indicum"
"Sesbania herbacea (Mill.) McVaugh","Sesbania herbacea (Mill.) McVaugh","Sesbania herbacea"
"Sesbania sesban (L.) Merr.","Sesbania sesban (L.) Merr.","Sesbania sesban"
"Sesbania spp.","Sesbania spp.","Sesbania sp."
"Sesbania sp.","Sesbania sp.","Sesbania sp."
"Sesbania vesicaria (Jacq.) Elliott","Sesbania vesicaria (Jacq.) Elliott","Sesbania vesicaria"
"Setaria arizonica Rominger","Setaria arizonica Rominger","Setaria arizonica"
"Setaria barbata (Lam.) Kunth","Setaria barbata (Lam.) Kunth","Setaria barbata"
"Setaria faberi Herrm.","Setaria faberi R.A.W.Herrm.","Setaria faberi"
"Setaria grisebachii Fourn.","Setaria grisebachii E.Fourn.","Setaria grisebachii"
"Setaria italica (L.) P. Beauv.","Setaria italica (L.) P.Beauv.","Setaria italica"
"Setaria leucopila (Scribn. & Merr.) K. Schum.","Setaria leucopila (Scribn. & Merr.) K.Schum.","Setaria leucopila"
"Setaria macrostachya Kunth","Setaria macrostachya Kunth","Setaria macrostachya"
"Setaria magna Griseb.","Setaria magna Griseb.","Setaria magna"
"Setaria palmifolia (J. Koenig) Stapf","Setaria palmifolia (J.Koenig) Stapf","Setaria palmifolia"
"Setaria parviflora (Poir.) Kerguélen","Setaria parviflora (Poir.) Kerguélen","Setaria parviflora"
"Letharia vulpina (L.) Hue","Setaria parviflora (Poir.) Kerguélen","Setaria parviflora"
"Setaria pumila (Poir.) Roem. & Schult.","Setaria pumila (Poir.) Roem. & Schult.","Setaria pumila"
"Setaria pumila (Poir.) Roem. & Schult. ssp. pumila","Setaria pumila (Poir.) Roem. & Schult. ssp. pumila","Setaria pumila"
"Setaria scheelei (Steud.) Hitchc.","Setaria scheelei (Steud.) Hitchc.","Setaria scheelei"
"Setaria setosa (Sw.) P. Beauv. var. setosa","Setaria setosa (Sw.) P. Beauv. var. setosa","Setaria setosa"
"Setaria setosa (Sw.) P. Beauv.","Setaria setosa (Sw.) P.Beauv.","Setaria setosa"
"Setaria sp.","Setaria sp.","Setaria sp."
"Setaria spp.","Setaria spp.","Setaria sp."
"Setaria verticillata (L.) P. Beauv.","Setaria verticillata (L.) P.Beauv.","Setaria verticillata"
"Setaria villosissima (Scribn. & Merr.) K. Schum.","Setaria villosissima (Scribn. & Merr.) K.Schum.","Setaria villosissima"
"Setaria viridis (L.) P. Beauv. var. viridis","Setaria viridis (L.) P. Beauv. var. viridis","Setaria viridis"
"Setaria viridis (L.) P. Beauv.","Setaria viridis (L.) P.Beauv.","Setaria viridis"
"Seymeria cassioides (J.F. Gmel.) S.F. Blake","Seymeria cassioides (J.F.Gmel.) S.F.Blake","Seymeria cassioides"
"Seymeria pectinata Pursh","Seymeria pectinata Pursh","Seymeria pectinata"
"Seymeria sp.","Seymeria sp.","Seymeria sp."
"Shepherdia argentea (Pursh) Nutt.","Shepherdia argentea (Pursh) Nutt.","Shepherdia argentea"
"Shepherdia canadensis (L.) Nutt.","Shepherdia canadensis (L.) Nutt.","Shepherdia canadensis"
"Shepherdia spp.","Shepherdia spp.","Shepherdia sp."
"Sibbaldia procumbens L.","Sibbaldia procumbens L.","Sibbaldia procumbens"
"Sicyos angulatus L.","Sicyos angulatus L.","Sicyos angulatus"
"Sicyos ampelophyllus Woot. & Standl.","Sicyos laciniatus L.","Sicyos laciniatus"
"Sida abutifolia Mill.","Sida abutifolia Mill.","Sida abutifolia"
"Sida acuta Burm. f.","Sida acuta Burm.f.","Sida acuta"
"Sida cordifolia L.","Sida cordifolia L.","Sida cordifolia"
"Sida elliottii Torr. & A. Gray","Sida elliottii Torr. & A.Gray","Sida elliottii"
"Sida glabra Mill.","Sida glabra Mill.","Sida glabra"
"Sida jamaicensis L.","Sida jamaicensis L.","Sida jamaicensis"
"Sida neomexicana A. Gray","Sida neomexicana A.Gray","Sida neomexicana"
"Sida rhombifolia L.","Sida rhombifolia L.","Sida rhombifolia"
"Sida sp.","Sida sp.","Sida sp."
"Sida spp.","Sida spp.","Sida sp."
"Sida spinosa L.","Sida spinosa L.","Sida spinosa"
"Sidastrum multiflorum (Jacq.) Fryxell","Sidastrum multiflorum (Jacq.) Fryxell","Sidastrum multiflorum"
"Sideritis montana L.","Sideritis montana L.","Sideritis montana"
"Sideroxylon alachuense L.C. Anderson","Sideroxylon alachuense L.C.Anderson","Sideroxylon alachuense"
"Sideroxylon lanuginosum Michx.","Sideroxylon lanuginosum Michx.","Sideroxylon lanuginosum"
"Sideroxylon lanuginosum Michx. ssp. albicans (Sarg.) Kartesz & Gandhi","Sideroxylon lanuginosum subsp. lanuginosum","Sideroxylon lanuginosum"
"Sideroxylon lycioides L.","Sideroxylon lycioides L.","Sideroxylon lycioides"
"Sideroxylon obovatum Lam.","Sideroxylon obovatum Lam.","Sideroxylon obovatum"
"Sideroxylon salicifolium (L.) Lam.","Sideroxylon salicifolium (L.) Lam.","Sideroxylon salicifolium"
"Sideroxylon sp.","Sideroxylon sp.","Sideroxylon sp."
"Sideroxylon spp.","Sideroxylon spp.","Sideroxylon sp."
"Sideroxylon tenax L.","Sideroxylon tenax L.","Sideroxylon tenax"
"Sideroxylon thornei (Cronquist) T.D. Penn.","Sideroxylon thornei (Cronquist) T.D.Penn.","Sideroxylon thornei"
"Silene acaulis (L.) Jacq. var. subacaulescens (F.N. Williams) Fernald & H. St. John","Silene acaulis subsp. acaulis","Silene acaulis"
"Silene acaulis (L.) Jacq.","Silene acaulis (L.) Jacq.","Silene acaulis"
"Silene antirrhina L.","Silene antirrhina L.","Silene antirrhina"
"Lychnis coronaria (L.) Desr.","Silene coronaria (L.) Clairv.","Silene coronaria"
"Silene csereii Baumg.","Silene csereii Baumg.","Silene csereii"
"Silene drummondii Hook.","Silene drummondii Hook.","Silene drummondii"
"Silene gallica L.","Silene gallica L.","Silene gallica"
"Silene latifolia Poir.","Silene latifolia Poir.","Silene latifolia"
"Silene lemmonii S. Watson","Silene lemmonii S.Watson","Silene lemmonii"
"Silene menziesii Hook.","Silene menziesii Hook.","Silene menziesii"
"Silene repens Patrin ex Pers.","Silene repens Patrin","Silene repens"
"Silene scouleri Hook. ssp. hallii (S. Watson) C.L. Hitchc. & Maguire","Silene scouleri subsp. hallii (S.Watson) C.L.Hitchc. & Maguire","Silene scouleri"
"Silene sp.","Silene sp.","Silene sp."
"Silene spp.","Silene spp.","Silene sp."
"Silene stellata (L.) W.T. Aiton","Silene stellata (L.) Coyte","Silene stellata"
"Silene uralensis (Rupr.) Bocquet","Silene uralensis (Rupr.) Bocquet","Silene uralensis"
"Silene vulgaris (Moench) Garcke","Silene vulgaris (Moench) Garcke","Silene vulgaris"
"Silene menziesii Hook. ssp. williamsii (Britton) Hultén","Silene williamsii Britton","Silene williamsii"
"Silphium albiflorum A. Gray","Silphium albiflorum A.Gray","Silphium albiflorum"
"Silphium asteriscus L.","Silphium asteriscus L.","Silphium asteriscus"
"Silphium compositum Michx.","Silphium compositum Michx.","Silphium compositum"
"Silphium laciniatum L.","Silphium laciniatum L.","Silphium laciniatum"
"Silphium sp.","Silphium sp.","Silphium sp."
"Silybum marianum (L.) Gaertn.","Silybum marianum (L.) Gaertn.","Silybum marianum"
"Sinapis alba L.","Sinapis alba L.","Sinapis alba"
"Sisymbrium altissimum L.","Sisymbrium altissimum L.","Sisymbrium altissimum"
"Sisymbrium irio L.","Sisymbrium irio L.","Sisymbrium irio"
"Schoenocrambe linifolia (Nutt.) Greene","Sisymbrium linifolium (Nutt.) Nutt.","Sisymbrium linifolium"
"Sisymbrium officinale (L.) Scop.","Sisymbrium officinale (L.) Scop.","Sisymbrium officinale"
"Sisymbrium sp.","Sisymbrium sp.","Sisymbrium sp."
"Sisymbrium spp.","Sisymbrium spp.","Sisymbrium sp."
"Sisyrinchium albidum Raf.","Sisyrinchium albidum Raf.","Sisyrinchium albidum"
"Sisyrinchium angustifolium Mill.","Sisyrinchium angustifolium Mill.","Sisyrinchium angustifolium"
"Sisyrinchium campestre E.P. Bicknell","Sisyrinchium campestre E.P.Bicknell","Sisyrinchium campestre"
"Sisyrinchium chilense Hook.","Sisyrinchium chilense Hook.","Sisyrinchium chilense"
"Sisyrinchium idahoense E.P. Bicknell var. idahoense","Sisyrinchium idahoense var. idahoense","Sisyrinchium idahoense"
"Sisyrinchium montanum Greene","Sisyrinchium montanum Greene","Sisyrinchium montanum"
"Sisyrinchium sp.","Sisyrinchium sp.","Sisyrinchium sp."
"Sisyrinchium xerophyllum Greene","Sisyrinchium xerophyllum Greene","Sisyrinchium xerophyllum"
"Sium suave Walter","Sium suave Walter","Sium suave"
"Smallanthus uvedalius (L.) Mack. ex Small","Smallanthus uvedalia (L.) Mack.","Smallanthus uvedalia"
"Smilax auriculata Walter","Smilax auriculata Walter","Smilax auriculata"
"Smilax bona-nox L.","Smilax bona-nox L.","Smilax bona-nox"
"Smilax coriacea Spreng.","Smilax coriacea Spreng.","Smilax coriacea"
"Smilax ecirrhata (Engelm. ex Kunth) S. Watson","Smilax ecirrhata (Engelm. ex Kunth) S.Watson","Smilax ecirrhata"
"Smilax glauca Walter","Smilax glauca Walter","Smilax glauca"
"Smilax herbacea L.","Smilax herbacea L.","Smilax herbacea"
"Smilax hugeri (Small) J.B.S. Norton ex Pennell","Smilax hugeri (Small) J.B.Norton ex Pennell","Smilax hugeri"
"Smilax lasioneura Hook.","Smilax lasioneuron Hook.","Smilax lasioneuron"
"Smilax laurifolia L.","Smilax laurifolia L.","Smilax laurifolia"
"Smilax smallii Morong","Smilax maritima Feay ex Alph.Wood","Smilax maritima"
"Smilax melastomifolia Sm.","Smilax melastomifolia Sm.","Smilax melastomifolia"
"Smilax pseudochina L.","Smilax pseudochina L.","Smilax pseudochina"
"Smilax pumila Walter","Smilax pumila Walter","Smilax pumila"
"Smilax rotundifolia L.","Smilax rotundifolia L.","Smilax rotundifolia"
"Smilax sp.","Smilax sp.","Smilax sp."
"Smilax spp.","Smilax spp.","Smilax sp."
"Smilax tamnoides L.","Smilax tamnoides L.","Smilax tamnoides"
"Smilax walteri Pursh","Smilax walteri Pursh","Smilax walteri"
"Solanum ptycanthum Dunal","Solanum americanum Mill.","Solanum americanum"
"Solanum americanum Mill.","Solanum americanum Mill.","Solanum americanum"
"Solanum campechiense L.","Solanum campechiense L.","Solanum campechiense"
"Solanum capsicoides All.","Solanum capsicoides All.","Solanum capsicoides"
"Solanum carolinense L.","Solanum carolinense L.","Solanum carolinense"
"Solanum carolinense L. var. carolinense","Solanum carolinense L. var. carolinense","Solanum carolinense"
"Solanum dimidiatum Raf.","Solanum dimidiatum Raf.","Solanum dimidiatum"
"Solanum dulcamara L.","Solanum dulcamara L.","Solanum dulcamara"
"Solanum elaeagnifolium Cav.","Solanum elaeagnifolium Cav.","Solanum elaeagnifolium"
"Solanum nigrum L.","Solanum nigrum L.","Solanum nigrum"
"Solanum rostratum Dunal","Solanum rostratum Dunal","Solanum rostratum"
"Solanum sp.","Solanum sp.","Solanum sp."
"Solanum spp.","Solanum spp.","Solanum sp."
"Solanum torvum Sw.","Solanum torvum Sw.","Solanum torvum"
"Solanum triflorum Nutt.","Solanum triflorum Nutt.","Solanum triflorum"
"Solidago altiplanities C.E.S. Taylor & R.J. Taylor","Solidago altiplanities C.E.S.Taylor & R.John Taylor","Solidago altiplanities"
"Solidago altissima L.","Solidago altissima L.","Solidago altissima"
"Solidago canadensis L. var. gilvocanescens Rydb.","Solidago altissima subsp. gilvocanescens (Rydb.) Semple","Solidago altissima"
"Solidago arguta Aiton","Solidago arguta Aiton","Solidago arguta"
"Solidago arguta Aiton var. arguta","Solidago arguta var. arguta","Solidago arguta"
"Solidago auriculata Shuttlw. ex S.F. Blake","Solidago auriculata Shuttlew. ex S.F.Blake","Solidago auriculata"
"Solidago bicolor L.","Solidago bicolor L.","Solidago bicolor"
"Solidago caesia L.","Solidago caesia L.","Solidago caesia"
"Solidago canadensis L.","Solidago canadensis L.","Solidago canadensis"
"Solidago canadensis L. var. hargeri Fernald","Solidago canadensis var. hargeri Fernald","Solidago canadensis"
"Solidago odora Aiton var. chapmanii (A. Gray) Cronquist","Solidago chapmanii A.Gray","Solidago chapmanii"
"Solidago curtisii Torr. & A. Gray","Solidago curtisii Torr. & A.Gray","Solidago curtisii"
"Solidago fistulosa Mill.","Solidago fistulosa Mill.","Solidago fistulosa"
"Solidago flexicaulis L.","Solidago flexicaulis L.","Solidago flexicaulis"
"Solidago gigantea Aiton","Solidago gigantea Aiton","Solidago gigantea"
"Solidago hispida Muhl. ex Willd.","Solidago hispida Muhl. ex Willd.","Solidago hispida"
"Solidago hispida Muhl. ex Willd. var. arnoglossa Fernald","Solidago hispida Muhl. ex Willd.","Solidago hispida"
"Solidago juncea Aiton","Solidago juncea Aiton","Solidago juncea"
"Solidago missouriensis Nutt.","Solidago missouriensis Nutt.","Solidago missouriensis"
"Solidago missouriensis Nutt. var. fasciculata Holz.","Solidago missouriensis Nutt.","Solidago missouriensis"
"Solidago mollis Bartlett","Solidago mollis Bartl.","Solidago mollis"
"Solidago multiradiata Aiton","Solidago multiradiata Aiton","Solidago multiradiata"
"Solidago multiradiata Aiton var. scopulorum A. Gray","Solidago multiradiata subsp. multiradiata","Solidago multiradiata"
"Solidago nemoralis Aiton","Solidago nemoralis Aiton","Solidago nemoralis"
"Solidago nemoralis Aiton var. longipetiolata (Mack. & Bush) Palmer & Steyerm.","Solidago nemoralis subsp. decemflora (DC.) Brammall ex Semple","Solidago nemoralis"
"Oligoneuron nitidum (Torr. & A. Gray) Small","Solidago nitida Torr. & A.Gray","Solidago nitida"
"Solidago odora Aiton","Solidago odora Aiton","Solidago odora"
"Solidago erecta Pursh","Solidago petiolaris Aiton","Solidago petiolaris"
"Oligoneuron album (Nutt.) G.L. Nesom","Solidago ptarmicoides (Torr. & A.Gray) B.Boivin","Solidago ptarmicoides"
"Solidago puberula Nutt.","Solidago puberula Nutt.","Solidago puberula"
"Oligoneuron riddellii (Frank ex Riddell) Rydb.","Solidago riddellii Frank","Solidago riddellii"
"Oligoneuron rigidum (L.) Small","Solidago rigida subsp. rigida","Solidago rigida"
"Oligoneuron rigidum (L.) Small var. humile (Porter) G.L. Nesom","Solidago rigida subsp. humilis (Porter) S.B.Heard & Semple","Solidago rigida"
"Oligoneuron rigidum (L.) Small var. glabratum (E.L. Braun) G.L. Nesom","Solidago rigida subsp. glabrata (Braun) S.B.Heard & Semple","Solidago rigida"
"Solidago roanensis Porter","Solidago roanensis Porter","Solidago roanensis"
"Solidago rugosa Mill.","Solidago rugosa Mill.","Solidago rugosa"
"Solidago rugosa Mill. ssp. rugosa var. villosa (Pursh) Fernald","Solidago rugosa Mill.","Solidago rugosa"
"Solidago sempervirens L.","Solidago sempervirens L.","Solidago sempervirens"
"Solidago simplex Kunth","Solidago simplex Kunth","Solidago simplex"
"Solidago sp.","Solidago sp.","Solidago sp."
"Solidago spp.","Solidago spp.","Solidago sp."
"Solidago speciosa Nutt.","Solidago speciosa Nutt.","Solidago speciosa"
"Solidago stricta Aiton","Solidago stricta Aiton","Solidago stricta"
"Solidago tortifolia Elliott","Solidago tortifolia Elliott","Solidago tortifolia"
"Solidago uliginosa Nutt.","Solidago uliginosa Nutt.","Solidago uliginosa"
"Solidago ulmifolia Muhl. ex Willd.","Solidago ulmifolia Muhl. ex Willd.","Solidago ulmifolia"
"Sonchus arvensis L.","Sonchus arvensis L.","Sonchus arvensis"
"Sonchus asper (L.) Hill","Sonchus asper (L.) Hill","Sonchus asper"
"Sonchus oleraceus L.","Sonchus oleraceus L.","Sonchus oleraceus"
"Sonchus sp.","Sonchus sp.","Sonchus sp."
"Sophora nuttalliana B.L. Turner","Sophora nuttalliana B.L.Turner","Sophora nuttalliana"
"Sophora sp.","Sophora sp.","Sophora sp."
"Sorbus americana Marshall","Sorbus americana Marshall","Sorbus americana"
"Sorbus aucuparia L.","Sorbus aucuparia L.","Sorbus aucuparia"
"Sorbus decora (Sarg.) C.K. Schneid.","Sorbus decora (Sarg.) C.K.Schneid.","Sorbus decora"
"Sorbus scopulina Greene","Sorbus scopulina Greene","Sorbus scopulina"
"Sorbus sitchensis M. Roem.","Sorbus sitchensis M.Roem.","Sorbus sitchensis"
"Sorbus sp.","Sorbus sp.","Sorbus sp."
"Sorghastrum elliottii (C. Mohr) Nash","Sorghastrum elliottii (C.Mohr) Nash","Sorghastrum elliottii"
"Sorghastrum nutans (L.) Nash","Sorghastrum nutans (L.) Nash","Sorghastrum nutans"
"Sorghastrum secundum (Elliott) Nash","Sorghastrum secundum (Elliott) Nash","Sorghastrum secundum"
"Sorghastrum sp.","Sorghastrum sp.","Sorghastrum sp."
"Sorghastrum spp.","Sorghastrum spp.","Sorghastrum sp."
"Sorghum bicolor (L.) Moench","Sorghum bicolor (L.) Moench","Sorghum bicolor"
"Sorghum bicolor (L.) Moench ssp. bicolor","Sorghum bicolor subsp. bicolor","Sorghum bicolor"
"Sorghum bicolor (L.) Moench ssp. drummondii (Nees ex Steud.) de Wet & Harlan","Sorghum bicolor (L.) Moench ssp. drummondii (Nees ex Steud.) de Wet & Harlan","Sorghum bicolor"
"Sorghum halepense (L.) Pers.","Sorghum halepense (L.) Pers.","Sorghum halepense"
"Sorghum sp.","Sorghum sp.","Sorghum sp."
"Sorghum spp.","Sorghum spp.","Sorghum sp."
"Deiregyne confusa Garay","Sotoa confusa (Garay) Salazar","Sotoa confusa"
"Sparganium americanum Nutt.","Sparganium americanum Nutt.","Sparganium americanum"
"Sparganium eurycarpum Engelm.","Sparganium eurycarpum Engelm.","Sparganium eurycarpum"
"Sparganium sp.","Sparganium sp.","Sparganium sp."
"Spartina sp.","Spartina sp.","Spartina sp."
"Spathodea campanulata P. Beauv.","Spathodea campanulata P.Beauv.","Spathodea campanulata"
"Spergula arvensis L.","Spergula arvensis L.","Spergula arvensis"
"Spergularia rubra (L.) J. Presl & C. Presl","Spergularia rubra (L.) J.Presl & C.Presl","Spergularia rubra"
"Spergularia sp.","Spergularia sp.","Spergularia sp."
"Spermacoce confusa Rendle","Spermacoce confusa Rendle","Spermacoce confusa"
"Spermacoce glabra Michx.","Spermacoce glabra Michx.","Spermacoce glabra"
"Spermacoce sp.","Spermacoce sp.","Spermacoce sp."
"Spermacoce verticillata L.","Spermacoce verticillata L.","Spermacoce verticillata"
"Spermolepis echinata (Nutt. ex DC.) A. Heller","Spermolepis echinata (Nutt. ex DC.) A.Heller","Spermolepis echinata"
"Spermolepis inermis (Nutt. ex DC.) Mathias & Constance","Spermolepis inermis (Nutt. ex DC.) Mathias & Constance","Spermolepis inermis"
"Spermolepis sp.","Spermolepis sp.","Spermolepis sp."
"Sphaeralcea angustifolia (Cav.) G. Don","Sphaeralcea angustifolia (Cav.) G.Don","Sphaeralcea angustifolia"
"Sphaeralcea coccinea (Nutt.) Rydb.","Sphaeralcea coccinea (Nutt.) Rydb.","Sphaeralcea coccinea"
"Sphaeralcea fendleri A. Gray","Sphaeralcea fendleri A.Gray","Sphaeralcea fendleri"
"Sphaeralcea grossulariifolia (Hook. & Arn.) Rydb.","Sphaeralcea grossulariifolia (Hook. & Arn.) Rydb.","Sphaeralcea grossulariifolia"
"Sphaeralcea hastulata A. Gray","Sphaeralcea hastulata A.Gray","Sphaeralcea hastulata"
"Sphaeralcea incana Torr. ex A. Gray","Sphaeralcea incana Torr. ex A.Gray","Sphaeralcea incana"
"Sphaeralcea munroana (Douglas) Spach","Sphaeralcea munroana (Douglas ex Lindl.) Spach","Sphaeralcea munroana"
"Sphaeralcea parvifolia A. Nelson","Sphaeralcea parvifolia A.Nelson","Sphaeralcea parvifolia"
"Sphaeralcea spp.","Sphaeralcea spp.","Sphaeralcea sp."
"Sphaeralcea sp.","Sphaeralcea sp.","Sphaeralcea sp."
"Sphagnum sp.","Sphagnum sp.","Sphagnum sp."
"Sphenopholis filiformis (Chapm.) Scribn.","Sphenopholis filiformis (Chapm.) Scribn.","Sphenopholis filiformis"
"Sphenopholis intermedia (Rydb.) Rydb.","Sphenopholis intermedia (Rydb.) Rydb.","Sphenopholis intermedia"
"Trisetum interruptum Buckley","Sphenopholis interrupta (Buckley) Scribn.","Sphenopholis interrupta"
"Sphenopholis obtusata (Michx.) Scribn.","Sphenopholis obtusata (Michx.) Scribn.","Sphenopholis obtusata"
"Sphenopholis sp.","Sphenopholis sp.","Sphenopholis sp."
"Spigelia anthelmia L.","Spigelia anthelmia L.","Spigelia anthelmia"
"Spigelia marilandica (L.) L.","Spigelia marilandica (L.) L.","Spigelia marilandica"
"Spiraea alba Du Roi var. latifolia (Aiton) Dippel","Spiraea alba var. latifolia (Aiton) Dippel","Spiraea alba"
"Spiraea alba Du Roi var. alba","Spiraea alba var. alba","Spiraea alba"
"Spiraea alba Du Roi","Spiraea alba Du Roi","Spiraea alba"
"Spiraea betulifolia Pall.","Spiraea betulifolia Pall.","Spiraea betulifolia"
"Spiraea douglasii Hook.","Spiraea douglasii Hook.","Spiraea douglasii"
"Spiraea douglasii Hook. var. menziesii (Hook.) C. Presl","Spiraea douglasii var. menziesii (Hook.) C.Presl","Spiraea douglasii"
"Spiraea betulifolia Pall. var. lucida (Douglas ex Greene) C.L. Hitchc.","Spiraea lucida Douglas ex Greene","Spiraea lucida"
"Spiraea prunifolia Siebold & Zucc.","Spiraea prunifolia Siebold & Zucc.","Spiraea prunifolia"
"Spiraea sp.","Spiraea sp.","Spiraea sp."
"Spiraea spp.","Spiraea spp.","Spiraea sp."
"Spiraea splendens Baumann ex K. Koch var. splendens","Spiraea splendens var. splendens","Spiraea splendens"
"Spiraea stevenii (C.K. Schneid.) Rydb.","Spiraea stevenii (C.K.Schneid.) Rydb.","Spiraea stevenii"
"Spiraea tomentosa L.","Spiraea tomentosa L.","Spiraea tomentosa"
"Spiranthes cernua (L.) Rich.","Spiranthes cernua (L.) Rich.","Spiranthes cernua"
"Spiranthes lacera (Raf.) Raf. var. gracilis (Bigelow) Luer","Spiranthes lacera var. gracilis (Bigelow) Luer","Spiranthes lacera"
"Spiranthes lacera (Raf.) Raf. var. lacera","Spiranthes lacera var. lacera","Spiranthes lacera"
"Spiranthes lacera (Raf.) Raf.","Spiranthes lacera (Raf.) Raf.","Spiranthes lacera"
"Spiranthes ovalis Lindl.","Spiranthes ovalis Lindl.","Spiranthes ovalis"
"Spiranthes praecox (Walter) S. Watson","Spiranthes praecox (Walter) S.Watson","Spiranthes praecox"
"Spiranthes sp.","Spiranthes sp.","Spiranthes sp."
"Spiranthes tuberosa Raf.","Spiranthes tuberosa Raf.","Spiranthes tuberosa"
"Spiranthes vernalis Engelm. & A. Gray","Spiranthes vernalis Engelm. & A.Gray","Spiranthes vernalis"
"Sporobolus airoides (Torr.) Torr.","Sporobolus airoides (Torr.) Torr.","Sporobolus airoides"
"Spartina bakeri Merr.","Sporobolus bakeri (Merr.) P.M.Peterson & Saarela","Sporobolus bakeri"
"Sporobolus clandestinus (Biehler) Hitchc.","Sporobolus clandestinus (Biehler) Hitchc.","Sporobolus clandestinus"
"Sporobolus compositus (Poir.) Merr.","Sporobolus compositus (Poir.) Merr.","Sporobolus compositus"
"Sporobolus compositus (Poir.) Merr. var. drummondii (Trin.) Kartesz & Gandhi","Sporobolus compositus (Poir.) Merr.","Sporobolus compositus"
"Sporobolus compositus (Poir.) Merr. var. compositus","Sporobolus compositus (Poir.) Merr. var. compositus","Sporobolus compositus"
"Sporobolus contractus Hitchc.","Sporobolus contractus Hitchc.","Sporobolus contractus"
"Sporobolus cryptandrus (Torr.) A. Gray","Sporobolus cryptandrus (Torr.) A.Gray","Sporobolus cryptandrus"
"Sporobolus curtissii (Vasey ex Beal) Small ex Scribn.","Sporobolus curtissii Small ex Kearney","Sporobolus curtissii"
"Sporobolus flexuosus (Thurb. ex Vasey) Rydb.","Sporobolus flexuosus (Vasey) Rydb.","Sporobolus flexuosus"
"Sporobolus floridanus Chapm.","Sporobolus floridanus Chapm.","Sporobolus floridanus"
"Sporobolus heterolepis (A. Gray) A. Gray","Sporobolus heterolepis (A.Gray) A.Gray","Sporobolus heterolepis"
"Spartina gracilis Trin.","Sporobolus hookerianus P.M.Peterson & Saarela","Sporobolus hookerianus"
"Sporobolus indicus (L.) R. Br.","Sporobolus indicus (L.) R.Br.","Sporobolus indicus"
"Sporobolus indicus (L.) R. Br. var. indicus","Sporobolus indicus (L.) R.Br.","Sporobolus indicus"
"Sporobolus junceus (P. Beauv.) Kunth","Sporobolus junceus (P.Beauv.) Kunth","Sporobolus junceus"
"Spartina pectinata Bosc ex Link","Sporobolus michauxianus (Hitchc.) P.M.Peterson & Saarela","Sporobolus michauxianus"
"Sporobolus indicus (L.) R. Br. var. pyramidalis (P. Beauv.) Veldkamp","Sporobolus pyramidalis P.Beauv.","Sporobolus pyramidalis"
"Calamovilfa longifolia (Hook.) Scribn.","Sporobolus rigidus var. rigidus","Sporobolus rigidus"
"Sporobolus sp.","Sporobolus sp.","Sporobolus sp."
"Sporobolus spp.","Sporobolus spp.","Sporobolus sp."
"Sporobolus vaginiflorus (Torr. ex A. Gray) Alph. Wood","Sporobolus vaginiflorus (Torr. ex A.Gray) Alph.Wood","Sporobolus vaginiflorus"
"Sporobolus wrightii Munro ex Scribn.","Sporobolus wrightii Scribn.","Sporobolus wrightii"
"Stachys albens A. Gray","Stachys albens A.Gray","Stachys albens"
"Stachys bigelovii A. Gray","Stachys bigelovii A.Gray","Stachys bigelovii"
"Stachys chamissonis Benth. var. cooleyae (A. Heller) G. Mulligan & D. Munro","Stachys chamissonis var. cooleyae (A.Heller) G.A.Mulligan & D.B.Munro","Stachys chamissonis"
"Stachys chamissonis Benth.","Stachys chamissonis Benth.","Stachys chamissonis"
"Stachys cordata Riddell","Stachys cordata Riddell","Stachys cordata"
"Stachys floridana Shuttlw. ex Benth.","Stachys floridana Shuttlew. ex Benth.","Stachys floridana"
"Stachys latidens Small ex Britton","Stachys latidens Small","Stachys latidens"
"Stachys mexicana Benth.","Stachys mexicana Benth.","Stachys mexicana"
"Stachys palustris L.","Stachys palustris L.","Stachys palustris"
"Stachys pilosa Nutt.","Stachys pilosa Nutt.","Stachys pilosa"
"Stachys pilosa Nutt. var. pilosa","Stachys pilosa var. pilosa","Stachys pilosa"
"Stachys sp.","Stachys sp.","Stachys sp."
"Stachys tenuifolia Willd.","Stachys tenuifolia Willd.","Stachys tenuifolia"
"Stachytarpheta jamaicensis (L.) Vahl","Stachytarpheta jamaicensis (L.) Vahl","Stachytarpheta jamaicensis"
"Stanleya albescens M.E. Jones","Stanleya albescens M.E.Jones","Stanleya albescens"
"Chloris elata Desv.","Stapfochloa elata (Desv.) P.M.Peterson","Stapfochloa elata"
"Panicum laxum Sw.","Steinchisma laxum (Sw.) Zuloaga","Steinchisma laxum"
"Stellaria alaskana Hultén","Stellaria alaskana Hultén","Stellaria alaskana"
"Stellaria media (L.) Vill. ssp. pallida (Dumort.) Asch. & Graebn.","Stellaria apetala Ucria","Stellaria apetala"
"Stellaria borealis Bigelow","Stellaria borealis Bigelow","Stellaria borealis"
"Stellaria calycantha (Ledeb.) Bong.","Stellaria calycantha (Ledeb.) Bong.","Stellaria calycantha"
"Stellaria crispa Cham. & Schltdl.","Stellaria crispa Cham. & Schltdl.","Stellaria crispa"
"Stellaria graminea L.","Stellaria graminea L.","Stellaria graminea"
"Stellaria humifusa Rottb.","Stellaria humifusa Rottb.","Stellaria humifusa"
"Stellaria longifolia Muhl. ex Willd.","Stellaria longifolia Muhl. ex Willd.","Stellaria longifolia"
"Stellaria longifolia Muhl. ex Willd. var. longifolia","Stellaria longifolia Muhl. ex Willd. var. longifolia","Stellaria longifolia"
"Stellaria longipes Goldie","Stellaria longipes Goldie","Stellaria longipes"
"Stellaria longipes Goldie ssp. longipes","Stellaria longipes subsp. longipes","Stellaria longipes"
"Stellaria media (L.) Vill.","Stellaria media (L.) Vill.","Stellaria media"
"Stellaria media (L.) Vill. ssp. media","Stellaria media subsp. media","Stellaria media"
"Stellaria nitens Nutt.","Stellaria nitens Nutt.","Stellaria nitens"
"Stellaria pubera Michx.","Stellaria pubera Michx.","Stellaria pubera"
"Stellaria sp.","Stellaria sp.","Stellaria sp."
"Stenandrium tuberosum (L.) Urb.","Stenandrium tuberosum (L.) Urb.","Stenandrium tuberosum"
"Stenanthium gramineum (Ker Gawl.) Morong","Stenanthium gramineum (Ker Gawl.) Morong","Stenanthium gramineum"
"Stenaria nigricans (Lam.) Terrell var. nigricans","Stenaria nigricans var. nigricans","Stenaria nigricans"
"Stenaria nigricans (Lam.) Terrell","Stenaria nigricans (Lam.) Terrell","Stenaria nigricans"
"Stenaria sp.","Stenaria sp.","Stenaria sp."
"Stenocereus spp.","Stenocereus spp.","Stenocereus sp."
"Stenogyne calaminthoides A. Gray","Stenogyne calaminthoides A.Gray","Stenogyne calaminthoides"
"Stenogyne sp.","Stenogyne sp.","Stenogyne sp."
"Asterella gracilis (F. Weber) Underw.","Stenostachys gracilis (Hook.f.) Connor","Stenostachys gracilis"
"Antirhea acutata (DC.) Urb.","Stenostomum acutatum DC.","Stenostomum acutatum"
"Antirhea lucida (Sw.) Hook. f.","Stenostomum lucidum (Sw.) C.F.Gaertn.","Stenostomum lucidum"
"Stenotaphrum secundatum (Walter) Kuntze","Stenotaphrum secundatum (Walter) Kuntze","Stenotaphrum secundatum"
"Stenotus acaulis (Nutt.) Nutt.","Stenotus acaulis (Nutt.) Nutt.","Stenotus acaulis"
"Stephanomeria exigua Nutt.","Stephanomeria exigua Nutt.","Stephanomeria exigua"
"Stephanomeria exigua Nutt. ssp. exigua","Stephanomeria exigua subsp. exigua","Stephanomeria exigua"
"Stephanomeria pauciflora (Torr.) A. Nelson","Stephanomeria pauciflora (Torr.) A.Nelson","Stephanomeria pauciflora"
"Stephanomeria spp.","Stephanomeria spp.","Stephanomeria sp."
"Stephanomeria sp.","Stephanomeria sp.","Stephanomeria sp."
"Stephanomeria virgata Benth. ssp. pleurocarpa (Greene) Gottlieb","Stephanomeria virgata subsp. pleurocarpa (Greene) Gottlieb","Stephanomeria virgata"
"Sterculia apetala (Jacq.) Karst.","Sterculia apetala (Jacq.) H.Karst.","Sterculia apetala"
"Stewartia malacodendron L.","Stewartia malacodendron L.","Stewartia malacodendron"
"Stewartia sp.","Stewartia sp.","Stewartia sp."
"Sticherus owhyensis (Hook.) Ching","Sticherus owhyhensis (Hook.) Ching","Sticherus owhyhensis"
"Sticta sylvatica (Huds.) Ach.","Sticta sylvatica (Huds.) Ach.","Sticta sylvatica"
"Stigmaphyllon emarginatum (Cav.) A. Juss.","Stigmaphyllon emarginatum (Cav.) A.Juss.","Stigmaphyllon emarginatum"
"Stigmaphyllon floribundum (DC.) C.E. Anderson","Stigmaphyllon floribundum (DC.) C.E.Anderson","Stigmaphyllon floribundum"
"Stillingia sylvatica L.","Stillingia sylvatica L.","Stillingia sylvatica"
"Stillingia texana I.M. Johnst.","Stillingia texana I.M.Johnst.","Stillingia texana"
"Stipulicida setacea Michx.","Stipulicida setacea Michx.","Stipulicida setacea"
"Streptanthella longirostris (S. Watson) Rydb.","Streptanthella longirostris (S.Watson) Rydb.","Streptanthella longirostris"
"Streptanthus carinatus C. Wright ex A. Gray","Streptanthus carinatus C.Wright ex A.Gray","Streptanthus carinatus"
"Streptanthus carinatus C. Wright ex A. Gray ssp. arizonicus (S. Watson) Kruckeb., Rodman & Worthington","Streptanthus carinatus subsp. arizonicus (S.Watson) Kruckeb., Rodman & Worth.","Streptanthus carinatus"
"Streptanthus cordatus Nutt.","Streptanthus cordatus Nutt.","Streptanthus cordatus"
"Streptanthus cordatus Nutt. var. cordatus","Streptanthus cordatus var. cordatus","Streptanthus cordatus"
"Caulanthus coulteri S. Watson","Streptanthus coulteri (S.Watson) Greene","Streptanthus coulteri"
"Streptanthus diversifolius S. Watson","Streptanthus diversifolius S.Watson","Streptanthus diversifolius"
"Guillenia lasiophylla (Hook. & Arn.) Greene","Streptanthus lasiophyllus (Hook. & Arn.) Hoover","Streptanthus lasiophyllus"
"Streptanthus sp.","Streptanthus sp.","Streptanthus sp."
"Streptanthus tortuosus Kellogg","Streptanthus tortuosus Kellogg","Streptanthus tortuosus"
"Streptopus amplexifolius (L.) DC.","Streptopus amplexifolius (L.) DC.","Streptopus amplexifolius"
"Streptopus amplexifolius (L.) DC. var. amplexifolius","Streptopus amplexifolius (L.) DC. var. amplexifolius","Streptopus amplexifolius"
"Streptopus lanceolatus (Aiton) Reveal","Streptopus lanceolatus (Aiton) Reveal","Streptopus lanceolatus"
"Streptopus lanceolatus (Aiton) Reveal var. lanceolatus","Streptopus lanceolatus (Aiton) Reveal var. lanceolatus","Streptopus lanceolatus"
"Streptopus sp.","Streptopus sp.","Streptopus sp."
"Striga asiatica (L.) Kuntze","Striga asiatica (L.) Kuntze","Striga asiatica"
"Malcolmia africana (L.) W.T. Aiton","Strigosella africana (L.) Botsch.","Strigosella africana"
"Prosopis pubescens Benth.","Strombocarpa pubescens (Benth.) A.Gray","Strombocarpa pubescens"
"Strophostyles helvola (L.) Elliott","Strophostyles helvola (L.) Elliott","Strophostyles helvola"
"Strophostyles leiosperma (Torr. & A. Gray) Piper","Strophostyles leiosperma (Torr. & A.Gray) Piper","Strophostyles leiosperma"
"Strophostyles sp.","Strophostyles sp.","Strophostyles sp."
"Strophostyles umbellata (Muhl. ex Willd.) Britton","Strophostyles umbellata (Muhl. ex Willd.) Britton","Strophostyles umbellata"
"Stylisma abdita Myint","Stylisma abdita Myint","Stylisma abdita"
"Stylisma patens (Desr.) Myint ssp. angustifolia (Nash) Myint","Stylisma angustifolia (Nash) House","Stylisma angustifolia"
"Stylisma humistrata (Walter) Chapm.","Stylisma humistrata (Walter) Chapm.","Stylisma humistrata"
"Stylisma patens (Desr.) Myint","Stylisma patens (Desr.) Myint","Stylisma patens"
"Stylisma patens (Desr.) Myint ssp. patens","Stylisma patens (Desr.) Myint ssp. patens","Stylisma patens"
"Stylisma sp.","Stylisma sp.","Stylisma sp."
"Stylocline micropoides A. Gray","Stylocline micropoides A.Gray","Stylocline micropoides"
"Stylocline sp.","Stylocline sp.","Stylocline sp."
"Stylosanthes biflora (L.) Britton, Sterns & Poggenb.","Stylosanthes biflora (L.) Britton, Sterns & Poggenb.","Stylosanthes biflora"
"Stylosanthes hamata (L.) Taubert","Stylosanthes hamata (L.) Taub.","Stylosanthes hamata"
"Stylosanthes sp.","Stylosanthes sp.","Stylosanthes sp."
"Styphnolobium affine (Torr. & A. Gray) Walp.","Styphnolobium affine (Torr. & A.Gray) Walp.","Styphnolobium affine"
"Styrax americanus Lam.","Styrax americanus Lam.","Styrax americanus"
"Swietenia mahagoni (L.) Jacq.","Swietenia mahagoni (L.) Jacq.","Swietenia mahagoni"
"Symphoricarpos albus (L.) S.F. Blake","Symphoricarpos albus (L.) S.F.Blake","Symphoricarpos albus"
"Symphoricarpos albus (L.) S.F. Blake var. albus","Symphoricarpos albus var. albus","Symphoricarpos albus"
"Symphoricarpos mollis Nutt.","Symphoricarpos mollis Nutt.","Symphoricarpos mollis"
"Symphoricarpos occidentalis Hook.","Symphoricarpos occidentalis (R.Br.) Hook.","Symphoricarpos occidentalis"
"Symphoricarpos orbiculatus Moench","Symphoricarpos orbiculatus Moench","Symphoricarpos orbiculatus"
"Symphoricarpos oreophilus A. Gray","Symphoricarpos oreophilus A.Gray","Symphoricarpos oreophilus"
"Symphoricarpos rotundifolius A. Gray var. parishii (Rydb.) Dempster","Symphoricarpos parishii Rydb.","Symphoricarpos parishii"
"Symphoricarpos sp.","Symphoricarpos sp.","Symphoricarpos sp."
"Symphoricarpos spp.","Symphoricarpos spp.","Symphoricarpos sp."
"Symphyotrichum adnatum (Nutt.) G.L. Nesom","Symphyotrichum adnatum (Nutt.) G.L.Nesom","Symphyotrichum adnatum"
"Symphyotrichum ascendens (Lindl.) G.L. Nesom","Symphyotrichum ascendens (Lindl.) G.L.Nesom","Symphyotrichum ascendens"
"Symphyotrichum bahamense (Britton) G.L. Nesom","Symphyotrichum bahamense (Britton) G.L.Nesom","Symphyotrichum bahamense"
"Symphyotrichum boreale (Torr. & A. Gray) Á. Löve & D. Löve","Symphyotrichum boreale (Torr. & A.Gray) Á.Löve & D.Löve","Symphyotrichum boreale"
"Symphyotrichum campestre (Nutt.) G.L. Nesom","Symphyotrichum campestre (Nutt.) G.L.Nesom","Symphyotrichum campestre"
"Symphyotrichum ciliatum (Ledeb.) G.L. Nesom","Symphyotrichum ciliatum (Ledeb.) G.L.Nesom","Symphyotrichum ciliatum"
"Symphyotrichum ciliolatum (Lindl.) Á. Löve & D. Löve","Symphyotrichum ciliolatum (Lindl.) Á.Löve & D.Löve","Symphyotrichum ciliolatum"
"Symphyotrichum concolor (L.) G.L. Nesom","Symphyotrichum concolor (L.) G.L.Nesom","Symphyotrichum concolor"
"Symphyotrichum cordifolium (L.) G.L. Nesom","Symphyotrichum cordifolium (L.) G.L.Nesom","Symphyotrichum cordifolium"
"Symphyotrichum divaricatum (Nutt.) G.L. Nesom","Symphyotrichum divaricatum (Nutt.) G.L.Nesom","Symphyotrichum divaricatum"
"Symphyotrichum drummondii (Lindl.) G.L. Nesom","Symphyotrichum drummondii (Lindl.) G.L.Nesom","Symphyotrichum drummondii"
"Symphyotrichum drummondii (Lindl.) G.L. Nesom var. texanum (Burgess) G.L. Nesom","Symphyotrichum drummondii var. texanum (E.S.Burgess) G.L.Nesom","Symphyotrichum drummondii"
"Symphyotrichum drummondii (Lindl.) G.L. Nesom var. drummondii","Symphyotrichum drummondii var. drummondii","Symphyotrichum drummondii"
"Symphyotrichum dumosum (L.) G.L. Nesom","Symphyotrichum dumosum (L.) G.L.Nesom","Symphyotrichum dumosum"
"Symphyotrichum dumosum (L.) G.L. Nesom var. dumosum","Symphyotrichum dumosum (L.) G.L. Nesom var. dumosum","Symphyotrichum dumosum"
"Symphyotrichum ericoides (L.) G.L. Nesom","Symphyotrichum ericoides (L.) G.L.Nesom","Symphyotrichum ericoides"
"Symphyotrichum ericoides (L.) G.L. Nesom var. ericoides","Symphyotrichum ericoides var. ericoides","Symphyotrichum ericoides"
"Symphyotrichum expansum (Poepp. ex Spreng.) G.L. Nesom","Symphyotrichum expansum (Poepp. ex Spreng.) G.L.Nesom","Symphyotrichum expansum"
"Symphyotrichum falcatum (Lindl.) G.L. Nesom","Symphyotrichum falcatum (Lindl.) G.L.Nesom","Symphyotrichum falcatum"
"Symphyotrichum falcatum (Lindl.) G.L. Nesom var. commutatum (Torr. & A. Gray) G.L. Nesom","Symphyotrichum falcatum var. commutatum (Torr. & A.Gray) G.L.Nesom","Symphyotrichum falcatum"
"Symphyotrichum foliaceum (Lindl. ex DC.) G.L. Nesom","Symphyotrichum foliaceum (Lindl. ex DC.) G.L.Nesom","Symphyotrichum foliaceum"
"Symphyotrichum georgianum (Alexander) G.L. Nesom","Symphyotrichum georgianum (Alexander ex Small) G.L.Nesom","Symphyotrichum georgianum"
"Symphyotrichum laeve (L.) Á. Löve & D. Löve","Symphyotrichum laeve (L.) Á.Löve & D.Löve","Symphyotrichum laeve"
"Symphyotrichum laeve (L.) Á. Löve & D. Löve var. geyeri (A. Gray) G.L. Nesom","Symphyotrichum laeve var. geyeri (A.Gray) G.L.Nesom","Symphyotrichum laeve"
"Symphyotrichum lanceolatum (Willd.) G.L. Nesom ssp. lanceolatum var. lanceolatum","Symphyotrichum lanceolatum (Willd.) G.L.Nesom","Symphyotrichum lanceolatum"
"Symphyotrichum lanceolatum (Willd.) G.L. Nesom","Symphyotrichum lanceolatum (Willd.) G.L.Nesom","Symphyotrichum lanceolatum"
"Symphyotrichum lanceolatum (Willd.) G.L. Nesom ssp. lanceolatum","Symphyotrichum lanceolatum subsp. lanceolatum","Symphyotrichum lanceolatum"
"Symphyotrichum lanceolatum (Willd.) G.L. Nesom ssp. hesperium (A. Gray) G.L. Nesom","Symphyotrichum lanceolatum var. hesperium (A.Gray) G.L.Nesom","Symphyotrichum lanceolatum"
"Symphyotrichum lanceolatum (Willd.) G.L. Nesom ssp. hesperium (A. Gray) G.L. Nesom var. hesperium","Symphyotrichum lanceolatum (Willd.) G.L.Nesom","Symphyotrichum lanceolatum"
"Symphyotrichum lanceolatum (Willd.) G.L. Nesom ssp. lanceolatum var. interior (Wiegand) G.L. Nesom","Symphyotrichum lanceolatum (Willd.) G.L.Nesom","Symphyotrichum lanceolatum"
"Symphyotrichum lateriflorum (L.) Á. Löve & D. Löve","Symphyotrichum lateriflorum (L.) Á.Löve & D.Löve","Symphyotrichum lateriflorum"
"Symphyotrichum lateriflorum (L.) Á. Löve & D. Löve var. lateriflorum","Symphyotrichum lateriflorum (L.) Á. Löve & D. Löve var. lateriflorum","Symphyotrichum lateriflorum"
"Symphyotrichum novae-angliae (L.) G.L. Nesom","Symphyotrichum novae-angliae (L.) G.L.Nesom","Symphyotrichum novae-angliae"
"Symphyotrichum oblongifolium (Nutt.) G.L. Nesom","Symphyotrichum oblongifolium (Nutt.) G.L.Nesom","Symphyotrichum oblongifolium"
"Symphyotrichum oolentangiense (Riddell) G.L. Nesom","Symphyotrichum oolentangiense (Riddell) G.L.Nesom","Symphyotrichum oolentangiense"
"Symphyotrichum patens (Aiton) G.L. Nesom","Symphyotrichum patens (Aiton) G.L.Nesom","Symphyotrichum patens"
"Symphyotrichum patens (Aiton) G.L. Nesom var. patens","Symphyotrichum patens var. patens","Symphyotrichum patens"
"Symphyotrichum patens (Aiton) G.L. Nesom var. patentissimum (Lindl. ex DC.) G.L. Nesom","Symphyotrichum patens var. patentissimum (Lindl.) G.L.Nesom","Symphyotrichum patens"
"Symphyotrichum pilosum (Willd.) G.L. Nesom","Symphyotrichum pilosum (Willd.) G.L.Nesom","Symphyotrichum pilosum"
"Symphyotrichum pilosum (Willd.) G.L. Nesom var. pilosum","Symphyotrichum pilosum var. pilosum","Symphyotrichum pilosum"
"Symphyotrichum porteri (A. Gray) G.L. Nesom","Symphyotrichum porteri (A.Gray) G.L.Nesom","Symphyotrichum porteri"
"Symphyotrichum praealtum (Poir.) G.L. Nesom","Symphyotrichum praealtum (Poir.) G.L.Nesom","Symphyotrichum praealtum"
"Symphyotrichum praealtum (Poir.) G.L. Nesom var. nebraskense (Britton) G.L. Nesom","Symphyotrichum praealtum (Poir.) G.L.Nesom","Symphyotrichum praealtum"
"Symphyotrichum prenanthoides (Muhl. ex Willd.) G.L. Nesom","Symphyotrichum prenanthoides (Muhl. ex Willd.) G.L.Nesom","Symphyotrichum prenanthoides"
"Symphyotrichum puniceum (L.) Á. Löve & D. Löve","Symphyotrichum puniceum (L.) Á.Löve & D.Löve","Symphyotrichum puniceum"
"Symphyotrichum puniceum (L.) Á. Löve & D. Löve var. puniceum","Symphyotrichum puniceum var. puniceum","Symphyotrichum puniceum"
"Symphyotrichum racemosum (Elliott) G.L. Nesom","Symphyotrichum racemosum (Elliott) G.L.Nesom","Symphyotrichum racemosum"
"Symphyotrichum robynsianum (Rouss.) L. Brouillet & Labrecque","Symphyotrichum robynsianum (J.Rousseau) Brouillet & Labrecque","Symphyotrichum robynsianum"
"Symphyotrichum sericeum (Vent.) G.L. Nesom","Symphyotrichum sericeum (Vent.) G.L.Nesom","Symphyotrichum sericeum"
"Symphyotrichum shortii (Lindl.) G.L. Nesom","Symphyotrichum shortii (Lindl.) G.L.Nesom","Symphyotrichum shortii"
"Symphyotrichum sp.","Symphyotrichum sp.","Symphyotrichum sp."
"Symphyotrichum spp.","Symphyotrichum spp.","Symphyotrichum sp."
"Symphyotrichum spathulatum (Lindl.) G.L. Nesom","Symphyotrichum spathulatum (Lindl.) G.L.Nesom","Symphyotrichum spathulatum"
"Symphyotrichum subulatum (Michx.) G.L. Nesom","Symphyotrichum subulatum (Michx.) G.L.Nesom","Symphyotrichum subulatum"
"Symphyotrichum undulatum (L.) G.L. Nesom","Symphyotrichum undulatum (L.) G.L.Nesom","Symphyotrichum undulatum"
"Symphyotrichum urophyllum (Lindl.) G.L. Nesom","Symphyotrichum urophyllum (Lindl.) G.L.Nesom","Symphyotrichum urophyllum"
"Symphytum sp.","Symphytum sp.","Symphytum sp."
"Symplocarpus foetidus (L.) Salisb. ex W.P.C. Barton","Symplocarpus foetidus (L.) Salisb. ex W.P.C.Barton","Symplocarpus foetidus"
"Symplocos tinctoria (L.) L'Hér.","Symplocos tinctoria (L.) L'Hér.","Symplocos tinctoria"
"Synedrella nodiflora (L.) Gaertn.","Synedrella nodiflora (L.) Gaertn.","Synedrella nodiflora"
"Syngonanthus flavidulus (Michx.) Ruhl.","Syngonanthus flavidulus (Michx.) Ruhland","Syngonanthus flavidulus"
"Syngonanthus sp.","Syngonanthus sp.","Syngonanthus sp."
"Syringa vulgaris L.","Syringa vulgaris L.","Syringa vulgaris"
"Cymodocea filiformis (Kütz.) Correll","Syringodium filiforme Kütz.","Syringodium filiforme"
"Tabebuia heterophylla (DC.) Britton","Tabebuia heterophylla (DC.) Britton","Tabebuia heterophylla"
"Phemeranthus aurantiacus (Engelm.) Kiger","Talinum aurantiacum Engelm.","Talinum aurantiacum"
"Talinum triangulare (Jacq.) Willd.","Talinum fruticosum (L.) Juss.","Talinum fruticosum"
"Talinum paniculatum (Jacq.) Gaertn.","Talinum paniculatum (Jacq.) Gaertn.","Talinum paniculatum"
"Persea borbonia (L.) Spreng.","Tamala borbonia (L.) Raf.","Tamala borbonia"
"Persea palustris (Raf.) Sarg.","Tamala palustris Raf.","Tamala palustris"
"Tamarindus indica L.","Tamarindus indica L.","Tamarindus indica"
"Tamonea boxiana (Moldenke) Howard","Tamonea boxiana (Moldenke) R.A.Howard","Tamonea boxiana"
"Tanacetum vulgare L.","Tanacetum vulgare L.","Tanacetum vulgare"
"Taraxacum laevigatum (Willd.) DC.","Taraxacum erythrospermum Andrz. ex Besser","Taraxacum erythrospermum"
"Taraxacum officinale F.H. Wigg. ssp. officinale","Taraxacum officinale F.H. Wigg. ssp. officinale","Taraxacum officinale"
"Taraxacum officinale F.H. Wigg. ssp. ceratophorum (Ledeb.) Schinz ex Thell.","Taraxacum officinale F.H. Wigg. ssp. ceratophorum (Ledeb.) Schinz ex Thell.","Taraxacum officinale"
"Taraxacum phymatocarpum J. Vahl","Taraxacum phymatocarpum J.Vahl","Taraxacum phymatocarpum"
"Taraxacum officinale F.H. Wigg.","Taraxacum sect. Taraxacum F.H.Wigg.","Taraxacum sect."
"Taraxacum sp.","Taraxacum sp.","Taraxacum sp."
"Taraxacum spp.","Taraxacum spp.","Taraxacum sp."
"Taxiphyllum taxirameum (Mitt.) Fleisch.","Taxiphyllum taxirameum (Mitt.) Fleisch.","Taxiphyllum taxirameum"
"Taxodium distichum (L.) Rich.","Taxodium distichum (L.) Rich.","Taxodium distichum"
"Taxus brevifolia Nutt.","Taxus brevifolia Nutt.","Taxus brevifolia"
"Taxus canadensis Marshall","Taxus canadensis Marshall","Taxus canadensis"
"Tectaria fimbriata (Willd.) Proctor & Lourteig","Tectaria fimbriata (Willd.) Proctor & Lourteig","Tectaria fimbriata"
"Tellima grandiflora (Pursh) Douglas ex Lindl.","Tellima grandiflora (Pursh) Douglas ex Lindl.","Tellima grandiflora"
"Tellima sp.","Tellima sp.","Tellima sp."
"Tephroseris atropurpurea (Ledeb.) Holub ssp. atropurpurea","Tephroseris atropurpurea (Ledeb.) Holub ssp. atropurpurea","Tephroseris atropurpurea"
"Tephroseris atropurpurea (Ledeb.) Holub ssp. frigida (Richardson) Á. Löve & D. Löve","Tephroseris frigida (Richardson) Holub","Tephroseris frigida"
"Tephroseris atropurpurea (Ledeb.) Holub","Tephroseris integrifolia subsp. atropurpurea (Ledeb.) B.Nord.","Tephroseris integrifolia"
"Tephroseris sp.","Tephroseris sp.","Tephroseris sp."
"Tephrosia angustissima Shuttlw. ex Chapm. var. curtissii (Small ex Rydb.) Isely","Tephrosia angustissima var. curtissii (Small ex Rydb.) Isely","Tephrosia angustissima"
"Tephrosia chrysophylla Pursh","Tephrosia chrysophylla Pursh","Tephrosia chrysophylla"
"Tephrosia florida (F.G. Dietr.) C.E. Wood","Tephrosia florida (F.Dietr.) C.E.Wood","Tephrosia florida"
"Tephrosia hispidula (Michx.) Pers.","Tephrosia hispidula (Michx.) Pers.","Tephrosia hispidula"
"Tephrosia lindheimeri A. Gray","Tephrosia lindheimeri A.Gray","Tephrosia lindheimeri"
"Tephrosia mysteriosa","Tephrosia mysteriosa DeLaney","Tephrosia mysteriosa"
"Tephrosia rugelii Shuttlw. ex B.L. Rob.","Tephrosia rugelii Shuttlew. ex B.L.Rob.","Tephrosia rugelii"
"Tephrosia senna Kunth","Tephrosia senna Kunth","Tephrosia senna"
"Tephrosia sp.","Tephrosia sp.","Tephrosia sp."
"Tephrosia spicata (Walter) Torr. & A. Gray","Tephrosia spicata (Walter) Torr. & A.Gray","Tephrosia spicata"
"Tephrosia virginiana (L.) Pers.","Tephrosia virginiana (L.) Pers.","Tephrosia virginiana"
"Tephrosia ×floridana (Vail) Isely","Tephrosia × intermedia (Small) G.L.Nesom & Zarucchi","Tephrosia × intermedia"
"Teramnus labialis (L. f.) Spreng.","Teramnus labialis (L.f.) Spreng.","Teramnus labialis"
"Bucida buceras L.","Terminalia buceras (L.) C.Wright","Terminalia buceras"
"Terminalia catappa L.","Terminalia catappa L.","Terminalia catappa"
"Tetraclea coulteri A. Gray","Tetraclea coulteri A.Gray","Tetraclea coulteri"
"Tetradium daniellii (Benn.) T.G. Hartley","Tetradium daniellii (Benn.) T.G.Hartley","Tetradium daniellii"
"Tetradymia canescens DC.","Tetradymia canescens DC.","Tetradymia canescens"
"Tetradymia glabrata Torr. & A. Gray","Tetradymia glabrata Torr. & A.Gray","Tetradymia glabrata"
"Tetradymia nuttallii Torr. & A. Gray","Tetradymia nuttallii Torr. & A.Gray","Tetradymia nuttallii"
"Tetradymia sp.","Tetradymia sp.","Tetradymia sp."
"Tetradymia spp.","Tetradymia spp.","Tetradymia sp."
"Tetradymia spinosa Hook. & Arn.","Tetradymia spinosa Hook. & Arn.","Tetradymia spinosa"
"Tetragonotheca helianthoides L.","Tetragonotheca helianthoides L.","Tetragonotheca helianthoides"
"Tetramerium nervosum Nees","Tetramerium nervosum Nees","Tetramerium nervosum"
"Tetraneuris acaulis (Pursh) Greene var. caespitosa A. Nelson","Tetraneuris acaulis var. caespitosa A.Nelson","Tetraneuris acaulis"
"Tetraneuris acaulis (Pursh) Greene var. arizonica (Greene) K.F. Parker","Tetraneuris acaulis var. arizonica (Greene) K.F.Parker","Tetraneuris acaulis"
"Tetraneuris acaulis (Pursh) Greene","Tetraneuris acaulis Greene","Tetraneuris acaulis"
"Tetraneuris acaulis (Pursh) Greene var. acaulis","Tetraneuris acaulis var. acaulis","Tetraneuris acaulis"
"Tetraneuris linearifolia (Hook.) Greene","Tetraneuris linearifolia Greene","Tetraneuris linearifolia"
"Teucrium canadense L.","Teucrium canadense L.","Teucrium canadense"
"Teucrium canadense L. var. occidentale (A. Gray) E.M. McClint. & Epling","Teucrium canadense var. occidentale (A.Gray) E.M.McClint. & Epling","Teucrium canadense"
"Teucrium sp.","Teucrium sp.","Teucrium sp."
"Thalictrum alpinum L.","Thalictrum alpinum L.","Thalictrum alpinum"
"Thalictrum dasycarpum Fisch. & Avé-Lall.","Thalictrum dasycarpum Fisch., C.A.Mey. & Avé-Lall.","Thalictrum dasycarpum"
"Thalictrum dioicum L.","Thalictrum dioicum L.","Thalictrum dioicum"
"Thalictrum fendleri Engelm. ex A. Gray","Thalictrum fendleri Engelm. ex A.Gray","Thalictrum fendleri"
"Thalictrum fendleri Engelm. ex A. Gray var. fendleri","Thalictrum fendleri Engelm. ex A. Gray var. fendleri","Thalictrum fendleri"
"Thalictrum occidentale A. Gray","Thalictrum occidentale A.Gray","Thalictrum occidentale"
"Thalictrum pubescens Pursh","Thalictrum pubescens Pursh","Thalictrum pubescens"
"Thalictrum revolutum DC.","Thalictrum pubescens Pursh","Thalictrum pubescens"
"Thalictrum sp.","Thalictrum sp.","Thalictrum sp."
"Thalictrum spp.","Thalictrum spp.","Thalictrum sp."
"Thelesperma filifolium (Hook.) A. Gray","Thelesperma filifolium (Hook.) A.Gray","Thelesperma filifolium"
"Thelesperma filifolium (Hook.) A. Gray var. filifolium","Thelesperma filifolium (Hook.) A. Gray var. filifolium","Thelesperma filifolium"
"Thelesperma filifolium (Hook.) A. Gray var. intermedium (Rydb.) Shinners","Thelesperma filifolium (Hook.) A.Gray","Thelesperma filifolium"
"Thelesperma megapotamicum (Spreng.) Kuntze","Thelesperma megapotamicum (Spreng.) Herter","Thelesperma megapotamicum"
"Thelesperma ambiguum A. Gray","Thelesperma megapotamicum var. ambiguum (A.Gray) Shinners","Thelesperma megapotamicum"
"Thelesperma sp.","Thelesperma sp.","Thelesperma sp."
"Thelypodiopsis elegans (M.E. Jones) Rydb.","Thelypodiopsis elegans (M.E.Jones) Rydb.","Thelypodiopsis elegans"
"Thelypteris kunthii (Desv.) Morton","Thelypteris kunthii (Desv.) C.V.Morton","Thelypteris kunthii"
"Thelypteris noveboracensis (L.) Nieuwl.","Thelypteris noveboracensis (L.) Nieuwl.","Thelypteris noveboracensis"
"Thelypteris palustris Schott var. pubescens (G. Lawson) Fernald","Thelypteris palustris subsp. pubescens (G.Lawson) Fraser-Jenk.","Thelypteris palustris"
"Thelypteris palustris Schott","Thelypteris palustris Schott","Thelypteris palustris"
"Thelypteris parasitica (L.) Fosberg","Thelypteris parasitica (L.) Tardieu","Thelypteris parasitica"
"Thelypteris simulata (Davenport) Nieuwl.","Thelypteris simulata (Davenp.) Nieuwl.","Thelypteris simulata"
"Pneumatopteris sandwicensis (Brack.) Holttum","Thelypteris stegnogrammoides (Baker) Fosberg","Thelypteris stegnogrammoides"
"Themeda villosa (Poir.) A. Camus","Themeda villosa (Poir.) A.Camus","Themeda villosa"
"Thermopsis divaricarpa A. Nelson","Thermopsis divaricarpa A.Nelson","Thermopsis divaricarpa"
"Thermopsis montana Nutt.","Thermopsis montana Nutt.","Thermopsis montana"
"Thinopyrum intermedium (Host) Barkworth & D.R. Dewey","Thinopyrum intermedium (Host) Barkworth & D.R.Dewey","Thinopyrum intermedium"
"Thlaspi arvense L.","Thlaspi arvense L.","Thlaspi arvense"
"Thlaspi sp.","Thlaspi sp.","Thlaspi sp."
"Thouinia striata Radlk. var. portoricensis (Radlk.) Votava & Alain","Thouinia striata var. portoricensis (Radlk.) Votava & Alain","Thouinia striata"
"Thouinia striata Radlk. var. striata","Thouinia striata var. striata","Thouinia striata"
"Thuja occidentalis L.","Thuja occidentalis L.","Thuja occidentalis"
"Thuja plicata Donn ex D. Don","Thuja plicata Donn ex D.Don","Thuja plicata"
"Thunbergia fragrans Roxb.","Thunbergia fragrans Roxb.","Thunbergia fragrans"
"Thymophylla acerosa (DC.) Strother","Thymophylla acerosa (DC.) Strother","Thymophylla acerosa"
"Thymophylla pentachaeta (DC.) Small","Thymophylla pentachaeta (DC.) Small","Thymophylla pentachaeta"
"Thymophylla sp.","Thymophylla sp.","Thymophylla sp."
"Trachelospermum difforme (Walter) A. Gray","Thyrsanthella difformis (Walter) Pichon","Thyrsanthella difformis"
"Thysanocarpus curvipes Hook.","Thysanocarpus curvipes Hook.","Thysanocarpus curvipes"
"Thysanocarpus sp.","Thysanocarpus sp.","Thysanocarpus sp."
"Tiarella cordifolia L. var. cordifolia","Tiarella cordifolia L. var. cordifolia","Tiarella cordifolia"
"Tiarella cordifolia L.","Tiarella cordifolia L.","Tiarella cordifolia"
"Tiarella cordifolia L. var. collina Wherry","Tiarella cordifolia L.","Tiarella cordifolia"
"Tiarella sp.","Tiarella sp.","Tiarella sp."
"Tiarella trifoliata L. var. trifoliata","Tiarella trifoliata var. trifoliata","Tiarella trifoliata"
"Tiarella trifoliata L. var. unifoliata (Hook.) Kurtz","Tiarella trifoliata var. unifoliata (Hook.) Kurtz","Tiarella trifoliata"
"Tiarella trifoliata L.","Tiarella trifoliata L.","Tiarella trifoliata"
"Tidestromia lanuginosa (Nutt.) Standl.","Tidestromia lanuginosa (Nutt.) Standl.","Tidestromia lanuginosa"
"Tidestromia sp.","Tidestromia sp.","Tidestromia sp."
"Oxypolis filiformis (Walter) Britton","Tiedemannia filiformis (Walter) Feist & S.R.Downie","Tiedemannia filiformis"
"Tilia americana L.","Tilia americana L.","Tilia americana"
"Tilia americana L. var. caroliniana (Mill.) Castigl.","Tilia americana L.","Tilia americana"
"Tilia cordata Mill.","Tilia cordata Mill.","Tilia cordata"
"Tilia americana L. var. americana","Tilia mexicana Schltdl.","Tilia mexicana"
"Tilia sp.","Tilia sp.","Tilia sp."
"Tillandsia bartramii Elliott","Tillandsia bartramii Elliott","Tillandsia bartramii"
"Tillandsia fasciculata Sw.","Tillandsia fasciculata Sw.","Tillandsia fasciculata"
"Tillandsia recurvata (L.) L.","Tillandsia recurvata (L.) L.","Tillandsia recurvata"
"Tillandsia setacea Sw.","Tillandsia setacea Sw.","Tillandsia setacea"
"Tillandsia sp.","Tillandsia sp.","Tillandsia sp."
"Tillandsia spp.","Tillandsia spp.","Tillandsia sp."
"Tillandsia usneoides (L.) L.","Tillandsia usneoides (L.) L.","Tillandsia usneoides"
"Tillandsia utriculata L.","Tillandsia utriculata L.","Tillandsia utriculata"
"Tipularia discolor (Pursh) Nutt.","Tipularia discolor (Pursh) Nutt.","Tipularia discolor"
"Tiquilia canescens (DC.) A.T. Richardson","Tiquilia canescens (DC.) A.T.Richardson","Tiquilia canescens"
"Tiquilia canescens (DC.) A.T. Richardson var. canescens","Tiquilia canescens var. canescens","Tiquilia canescens"
"Tiquilia hispidissima (Torr. & A. Gray) A.T. Richardson","Tiquilia hispidissima (Torr. & A.Gray) A.T.Richardson","Tiquilia hispidissima"
"Tithonia rotundifolia (Mill.) S.F. Blake","Tithonia rotundifolia (Mill.) S.F.Blake","Tithonia rotundifolia"
"Tofieldia coccinea Richardson","Tofieldia coccinea Richardson","Tofieldia coccinea"
"Tofieldia pusilla (Michx.) Pers.","Tofieldia pusilla (Michx.) Pers.","Tofieldia pusilla"
"Tofieldia sp.","Tofieldia sp.","Tofieldia sp."
"Tolmiea menziesii (Pursh) Torr. & A. Gray","Tolmiea menziesii (Pursh) Torr. & A.Gray","Tolmiea menziesii"
"Draba cuneifolia Nutt. ex Torr. & A. Gray","Tomostima cuneifolia (Nutt.) Al-Shehbaz, M.Koch & Jordon-Thaden","Tomostima cuneifolia"
"Draba reptans (Lam.) Fernald","Tomostima reptans (Lam.) Al-Shehbaz, M.Koch & Jordon-Thaden","Tomostima reptans"
"Tonestus pygmaeus (Torr. & A. Gray) A. Nelson","Tonestus pygmaeus A.Nelson","Tonestus pygmaeus"
"Torilis arvensis (Huds.) Link","Torilis arvensis (Huds.) Link","Torilis arvensis"
"Torilis arvensis (Huds.) Link ssp. arvensis","Torilis arvensis subsp. arvensis","Torilis arvensis"
"Torilis sp.","Torilis sp.","Torilis sp."
"Torreyochloa sp.","Torreyochloa sp.","Torreyochloa sp."
"Pseudostellaria jamesiana (Torr.) W.A. Weber & R.L. Hartm.","Torreyostellaria jamesiana (Torr.) Gang Yao, B.Xue & Z.Q.Song","Torreyostellaria jamesiana"
"Urera glabra (Hook. & Arn.) Weddell","Touchardia sandwicensis (Wedd.) ined.","Touchardia sandwicensis"
"Townsendia annua Beaman","Townsendia annua Beaman","Townsendia annua"
"Townsendia grandiflora Nutt.","Townsendia grandiflora Nutt.","Townsendia grandiflora"
"Townsendia hookeri Beaman","Townsendia hookeri Beaman","Townsendia hookeri"
"Townsendia incana Nutt.","Townsendia incana Nutt.","Townsendia incana"
"Townsendia jonesii (Beaman) Reveal","Townsendia jonesii (Beaman) Reveal","Townsendia jonesii"
"Townsendia parryi D.C. Eaton","Townsendia parryi Eaton","Townsendia parryi"
"Townsendia sp.","Townsendia sp.","Townsendia sp."
"Townsendia spp.","Townsendia spp.","Townsendia sp."
"Toxicodendron diversilobum (Torr. & A. Gray) Greene","Toxicodendron diversilobum (Torr. & A.Gray) Greene","Toxicodendron diversilobum"
"Toxicodendron pubescens Mill.","Toxicodendron pubescens Mill.","Toxicodendron pubescens"
"Toxicodendron radicans (L.) Kuntze","Toxicodendron radicans (L.) Kuntze","Toxicodendron radicans"
"Toxicodendron radicans (L.) Kuntze ssp. radicans","Toxicodendron radicans subsp. radicans","Toxicodendron radicans"
"Toxicodendron radicans (L.) Kuntze ssp. negundo (Greene) Gillis","Toxicodendron radicans subsp. negundo (Greene) Gillis","Toxicodendron radicans"
"Toxicodendron rydbergii (Small ex Rydb.) Greene","Toxicodendron rydbergii (Small ex Rydb.) Greene","Toxicodendron rydbergii"
"Toxicodendron sp.","Toxicodendron sp.","Toxicodendron sp."
"Toxicodendron spp.","Toxicodendron spp.","Toxicodendron sp."
"Toxicodendron vernix (L.) Kuntze","Toxicodendron vernix (L.) Kuntze","Toxicodendron vernix"
"Zigadenus paniculatus (Nutt.) S. Watson","Toxicoscordion paniculatum (Nutt.) Rydb.","Toxicoscordion paniculatum"
"Zigadenus venenosus S. Watson","Toxicoscordion venenosum (S.Watson) Rydb.","Toxicoscordion venenosum"
"Trachypogon spicatus (L. f.) Kuntze","Trachypogon spicatus (L.f.) Kuntze","Trachypogon spicatus"
"Tradescantia hirsutiflora Bush","Tradescantia hirsutiflora Bush","Tradescantia hirsutiflora"
"Tradescantia occidentalis (Britton) Smyth","Tradescantia occidentalis (Britton) Smyth","Tradescantia occidentalis"
"Tradescantia ohiensis Raf.","Tradescantia ohiensis Raf.","Tradescantia ohiensis"
"Tradescantia roseolens Small","Tradescantia roseolens Small","Tradescantia roseolens"
"Tradescantia sp.","Tradescantia sp.","Tradescantia sp."
"Tradescantia subaspera Ker Gawl.","Tradescantia subaspera Ker Gawl.","Tradescantia subaspera"
"Tradescantia virginiana L.","Tradescantia virginiana L.","Tradescantia virginiana"
"Tragia betonicifolia Nutt.","Tragia betonicifolia Nutt.","Tragia betonicifolia"
"Tragia betonicifolia/ramosa","Tragia betonicifolia","Tragia betonicifolia"
"Tragia ramosa Torr.","Tragia ramosa Torr.","Tragia ramosa"
"Tragia smallii Shinners","Tragia smallii Shinners","Tragia smallii"
"Tragia sp.","Tragia sp.","Tragia sp."
"Tragia spp.","Tragia spp.","Tragia sp."
"Tragia urens L.","Tragia urens L.","Tragia urens"
"Tragia urticifolia Michx.","Tragia urticifolia Michx.","Tragia urticifolia"
"Tragia volubilis L.","Tragia volubilis L.","Tragia volubilis"
"Tragopogon dubius Scop.","Tragopogon dubius Scop.","Tragopogon dubius"
"Tragopogon dubius/pratensis","Tragopogon dubius","Tragopogon dubius"
"Tragopogon lamottei Rouy","Tragopogon lamottei Rouy","Tragopogon lamottei"
"Tragopogon sp.","Tragopogon sp.","Tragopogon sp."
"Tragopogon spp.","Tragopogon spp.","Tragopogon sp."
"Tragus berteronianus Schult.","Tragus berteronianus Schult.","Tragus berteronianus"
"Trautvetteria caroliniensis (Walter) Vail","Trautvetteria caroliniensis (Walter) Vail","Trautvetteria caroliniensis"
"Trepocarpus aethusae Nutt. ex DC.","Trepocarpus aethusae Nutt. ex DC.","Trepocarpus aethusae"
"Triadica sebifera (L.) Small","Triadica sebifera (L.) Small","Triadica sebifera"
"Triantha racemosa (Walter) Small","Triantha racemosa (Walter) Small","Triantha racemosa"
"Trianthema portulacastrum L.","Trianthema portulacastrum L.","Trianthema portulacastrum"
"Tribulus terrestris L.","Tribulus terrestris L.","Tribulus terrestris"
"Trichomanes bauerianum Endl.","Trichomanes bauerianum Endl.","Trichomanes bauerianum"
"Trichomanes davallioides Gaudich.","Trichomanes davallioides Gaudich.","Trichomanes davallioides"
"Trichomanes petersii A. Gray","Trichomanes petersii A.Gray","Trichomanes petersii"
"Trichophorum cespitosum (L.) Hartm.","Trichophorum cespitosum (L.) Hartm.","Trichophorum cespitosum"
"Trichophorum planifolium (Spreng.) Palla","Trichophorum planifolium (Spreng.) Palla","Trichophorum planifolium"
"Trichostema dichotomum L.","Trichostema dichotomum L.","Trichostema dichotomum"
"Trichostema brachiatum L.","Trichostema dichotomum L.","Trichostema dichotomum"
"Trichostema lanceolatum Benth.","Trichostema lanceolatum Benth.","Trichostema lanceolatum"
"Trichostema micranthum A. Gray","Trichostema micranthum A.Gray","Trichostema micranthum"
"Trichostema oblongum Benth.","Trichostema oblongum Benth.","Trichostema oblongum"
"Trichostema setaceum Houtt.","Trichostema setaceum Houtt.","Trichostema setaceum"
"Trichostema sp.","Trichostema sp.","Trichostema sp."
"Trichostigma octandrum (L.) H. Walt.","Trichostigma octandrum (L.) H.Walter","Trichostigma octandrum"
"Trichostomum brachydontium Bruch","Trichostomum brachydontium Bruch","Trichostomum brachydontium"
"Tridax procumbens L.","Tridax procumbens L.","Tridax procumbens"
"Tridax sp.","Tridax sp.","Tridax sp."
"Tridens albescens (Vasey) Woot. & Standl.","Tridens albescens (Vasey) Wooton & Standl.","Tridens albescens"
"Tridens carolinianus (Steud.) Henr.","Tridens carolinianus (Steud.) Henrard","Tridens carolinianus"
"Tridens flavus (L.) Hitchc. var. chapmanii (Small) Shinners","Tridens chapmanii (Small) Chase","Tridens chapmanii"
"Tridens congestus (L.H. Dewey) Nash","Tridens congestus (L.H.Dewey) Nash","Tridens congestus"
"Tridens flavus (L.) Hitchc.","Tridens flavus (L.) Hitchc.","Tridens flavus"
"Tridens flavus (L.) Hitchc. var. flavus","Tridens flavus (L.) Hitchc. var. flavus","Tridens flavus"
"Tridens sp.","Tridens sp.","Tridens sp."
"Tridens spp.","Tridens spp.","Tridens sp."
"Tridens strictus (Nutt.) Nash","Tridens strictus (Nutt.) Nash","Tridens strictus"
"Tridens muticus (Torr.) Nash","Tridentopsis mutica (Torr.) P.M.Peterson","Tridentopsis mutica"
"Trientalis borealis Raf. ssp. borealis","Trientalis borealis Raf. ssp. borealis","Trientalis borealis"
"Trifolium arvense L.","Trifolium arvense L.","Trifolium arvense"
"Trifolium bejariense Moric.","Trifolium bejariense Moric.","Trifolium bejariense"
"Trifolium campestre Schreb.","Trifolium campestre Schreb.","Trifolium campestre"
"Trifolium ciliolatum Benth.","Trifolium ciliolatum Benth.","Trifolium ciliolatum"
"Trifolium dasyphyllum Torr. & A. Gray","Trifolium dasyphyllum Torr. & A.Gray","Trifolium dasyphyllum"
"Trifolium dubium Sibth.","Trifolium dubium Sibth.","Trifolium dubium"
"Trifolium hirtum All.","Trifolium hirtum All.","Trifolium hirtum"
"Trifolium hybridum L.","Trifolium hybridum L.","Trifolium hybridum"
"Trifolium incarnatum L.","Trifolium incarnatum L.","Trifolium incarnatum"
"Trifolium longipes Nutt.","Trifolium longipes Nutt.","Trifolium longipes"
"Trifolium macrocephalum (Pursh) Poir.","Trifolium macrocephalum (Pursh) Poir.","Trifolium macrocephalum"
"Trifolium microcephalum Pursh","Trifolium microcephalum Pursh","Trifolium microcephalum"
"Trifolium nanum Torr.","Trifolium nanum Torr.","Trifolium nanum"
"Trifolium obtusiflorum Hook. f.","Trifolium obtusiflorum Hook.","Trifolium obtusiflorum"
"Trifolium parryi A. Gray","Trifolium parryi A.Gray","Trifolium parryi"
"Trifolium pratense L.","Trifolium pratense L.","Trifolium pratense"
"Trifolium reflexum L.","Trifolium reflexum L.","Trifolium reflexum"
"Trifolium repens L.","Trifolium repens L.","Trifolium repens"
"Trifolium sp.","Trifolium sp.","Trifolium sp."
"Trifolium spp.","Trifolium spp.","Trifolium sp."
"Trifolium subterraneum L.","Trifolium subterraneum L.","Trifolium subterraneum"
"Trifolium variegatum Nutt.","Trifolium variegatum Nutt.","Trifolium variegatum"
"Trifolium vesiculosum Savi","Trifolium vesiculosum Savi","Trifolium vesiculosum"
"Trifolium willdenovii Spreng.","Trifolium willdenovii Spreng.","Trifolium willdenovii"
"Triglochin striata Ruiz & Pav.","Triglochin striata Ruiz & Pav.","Triglochin striata"
"Carphephorus odoratissimus (J.F. Gmel.) Herb.","Trilisa odoratissima (J.F.Gmel.) Cass.","Trilisa odoratissima"
"Carphephorus paniculatus (J.F. Gmel.) Herb.","Trilisa paniculata (J.F.Gmel.) Cass.","Trilisa paniculata"
"Trilisa subtropicana","Trilisa subtropicana (DeLaney, N.Bissett & Weidenh.) E.L.Bridges & Orzell","Trilisa subtropicana"
"Trillium cernuum L.","Trillium cernuum L.","Trillium cernuum"
"Trillium erectum L.","Trillium erectum L.","Trillium erectum"
"Trillium grandiflorum (Michx.) Salisb.","Trillium grandiflorum (Michx.) Salisb.","Trillium grandiflorum"
"Trillium luteum (Muhl.) Harbison","Trillium luteum (Muhl.) Harb.","Trillium luteum"
"Trillium ovatum Pursh","Trillium ovatum Pursh","Trillium ovatum"
"Trillium recurvatum Beck","Trillium recurvatum L.C.Beck","Trillium recurvatum"
"Trillium sessile L.","Trillium sessile L.","Trillium sessile"
"Trillium simile Gleason","Trillium simile Gleason","Trillium simile"
"Trillium sp.","Trillium sp.","Trillium sp."
"Trillium undulatum Willd.","Trillium undulatum Willd.","Trillium undulatum"
"Trillium vaseyi Harbison","Trillium vaseyi Harb.","Trillium vaseyi"
"Triodanis leptocarpa (Nutt.) Nieuwl.","Triodanis leptocarpa (Nutt.) Nieuwl.","Triodanis leptocarpa"
"Triodanis perfoliata (L.) Nieuwl.","Triodanis perfoliata (L.) Nieuwl.","Triodanis perfoliata"
"Triodanis biflora (Ruiz & Pav.) Greene","Triodanis perfoliata subsp. biflora (Ruiz & Pav.) Lammers","Triodanis perfoliata"
"Triodanis sp.","Triodanis sp.","Triodanis sp."
"Triosteum angustifolium L.","Triosteum angustifolium L.","Triosteum angustifolium"
"Triosteum perfoliatum L.","Triosteum perfoliatum L.","Triosteum perfoliatum"
"Triosteum sp.","Triosteum sp.","Triosteum sp."
"Triphora trianthophora (Sw.) Rydb.","Triphora trianthophoros (Sw.) Rydb.","Triphora trianthophoros"
"Triplasis americana P. Beauv.","Triplasis americana P.Beauv.","Triplasis americana"
"Triplasis sp.","Triplasis sp.","Triplasis sp."
"Tripsacum dactyloides (L.) L.","Tripsacum dactyloides (L.) L.","Tripsacum dactyloides"
"Tripterocalyx micranthus (Torr.) Hook.","Tripterocalyx micranthus (Torr.) Hook.","Tripterocalyx micranthus"
"Trisetum sp.","Trisetum sp.","Trisetum sp."
"Triteleia grandiflora Lindl. var. howellii (S. Watson) Hoover","Triteleia grandiflora Lindl.","Triteleia grandiflora"
"Triteleia hyacinthina (Lindl.) Greene","Triteleia hyacinthina (Lindl.) Greene","Triteleia hyacinthina"
"Triteleia ixioides (W.T. Aiton) Greene","Triteleia ixioides (Dryand. ex W.T.Aiton) Greene","Triteleia ixioides"
"Triteleia ixioides (W.T. Aiton) Greene ssp. scabra (Greene) Lenz","Triteleia ixioides subsp. scabra (Greene) L.W.Lenz","Triteleia ixioides"
"Triteleia ixioides (W.T. Aiton) Greene ssp. anilina (Greene) Lenz","Triteleia ixioides subsp. anilina (Greene) L.W.Lenz","Triteleia ixioides"
"Triteleia laxa Benth.","Triteleia laxa Benth.","Triteleia laxa"
"Triteleia sp.","Triteleia sp.","Triteleia sp."
"Triticum aestivum L.","Triticum aestivum L.","Triticum aestivum"
"Triticum sp.","Triticum sp.","Triticum sp."
"Triumfetta semitriloba Jacq.","Triumfetta semitriloba Jacq.","Triumfetta semitriloba"
"Trixis californica Kellogg","Trixis californica Kellogg","Trixis californica"
"Trollius laxus Salisb. ssp. albiflorus (A. Gray) Á. Löve & D. Löve & Kapoor","Trollius laxus subsp. albiflorus (A.Gray) Á.Löve, D.Löve & B.M.Kapoor","Trollius laxus"
"Tropidocarpum gracile Hook.","Tropidocarpum gracile Hook.","Tropidocarpum gracile"
"Tsuga canadensis (L.) Carrière","Tsuga canadensis (L.) Carrière","Tsuga canadensis"
"Tsuga heterophylla (Raf.) Sarg.","Tsuga heterophylla (Raf.) Sarg.","Tsuga heterophylla"
"Tsuga sp.","Tsuga sp.","Tsuga sp."
"Turnera diffusa Willd. ex Schult.","Turnera diffusa Willd. ex Schult.","Turnera diffusa"
"Arabis glabra (L.) Bernh.","Turritis glabra L.","Turritis glabra"
"Typha angustifolia L.","Typha angustifolia L.","Typha angustifolia"
"Typha latifolia L.","Typha latifolia L.","Typha latifolia"
"Typha sp.","Typha sp.","Typha sp."
"Typha ×glauca Godr. (pro sp.)","Typha × glauca Godr.","Typha × glauca"
"Ulmus alata Michx.","Ulmus alata Michx.","Ulmus alata"
"Ulmus americana L.","Ulmus americana L.","Ulmus americana"
"Ulmus crassifolia Nutt.","Ulmus crassifolia Nutt.","Ulmus crassifolia"
"Ulmus parvifolia Jacq.","Ulmus parvifolia Jacq.","Ulmus parvifolia"
"Ulmus pumila L.","Ulmus pumila L.","Ulmus pumila"
"Ulmus rubra Muhl.","Ulmus rubra Muhl.","Ulmus rubra"
"Ulmus sp.","Ulmus sp.","Ulmus sp."
"Ulmus spp.","Ulmus spp.","Ulmus sp."
"Ulmus thomasii Sarg.","Ulmus thomasii Sarg.","Ulmus thomasii"
"Umbellularia californica (Hook. & Arn.) Nutt.","Umbellularia californica (Hook. & Arn.) Nutt.","Umbellularia californica"
"Urena lobata L.","Urena lobata L.","Urena lobata"
"Urena sp.","Urena sp.","Urena sp."
"Urochloa arizonica (Scribn. & Merr.) O. Morrone & F. Zuloaga","Urochloa arizonica (Scribn. & Merr.) Morrone & Zuloaga","Urochloa arizonica"
"Urochloa distachya (L.) T.Q. Nguyen","Urochloa distachyos (L.) T.Q.Nguyen","Urochloa distachyos"
"Urochloa fusca (Sw.) B.F. Hansen & Wunderlin","Urochloa fusca (Sw.) B.F.Hansen & Wunderlin","Urochloa fusca"
"Urochloa mutica (Forssk.) T.Q. Nguyen","Urochloa mutica (Forssk.) T.Q.Nguyen","Urochloa mutica"
"Urochloa platyphylla (Munro ex C. Wright) R.D. Webster","Urochloa platyphylla (Munro ex C.Wright) R.D.Webster","Urochloa platyphylla"
"Eriochloa polystachya Kunth","Urochloa polystachya (Kunth) Mabb.","Urochloa polystachya"
"Urochloa ramosa (L.) Nguyen","Urochloa ramosa (L.) T.Q.Nguyen","Urochloa ramosa"
"Urochloa reptans (L.) Stapf","Urochloa reptans (L.) Stapf","Urochloa reptans"
"Urochloa sp.","Urochloa sp.","Urochloa sp."
"Urochloa spp.","Urochloa spp.","Urochloa sp."
"Urochloa texana (Buckley) R. Webster","Urochloa texana (Buckley) R.D.Webster","Urochloa texana"
"Urtica dioica L.","Urtica dioica L.","Urtica dioica"
"Urtica sp.","Urtica sp.","Urtica sp."
"Utricularia macrorhiza Leconte","Utricularia macrorhiza Leconte","Utricularia macrorhiza"
"Utricularia purpurea Walter","Utricularia purpurea Walter","Utricularia purpurea"
"Utricularia resupinata B.D. Greene ex Bigelow","Utricularia resupinata B.D.Greene ex Bigelow","Utricularia resupinata"
"Utricularia sp.","Utricularia sp.","Utricularia sp."
"Utricularia subulata L.","Utricularia subulata L.","Utricularia subulata"
"Uvularia grandiflora Sm.","Uvularia grandiflora Sm.","Uvularia grandiflora"
"Uvularia perfoliata L.","Uvularia perfoliata L.","Uvularia perfoliata"
"Uvularia puberula Michx.","Uvularia puberula Michx.","Uvularia puberula"
"Uvularia sessilifolia L.","Uvularia sessilifolia L.","Uvularia sessilifolia"
"Uvularia sp.","Uvularia sp.","Uvularia sp."
"Vaccaria sp.","Vaccaria sp.","Vaccaria sp."
"Vaccinium angustifolium Aiton","Vaccinium angustifolium Aiton","Vaccinium angustifolium"
"Vaccinium arboreum Marshall","Vaccinium arboreum Marshall","Vaccinium arboreum"
"Vaccinium calycinum Sm.","Vaccinium calycinum Sm.","Vaccinium calycinum"
"Vaccinium cespitosum Michx.","Vaccinium cespitosum Michx.","Vaccinium cespitosum"
"Vaccinium corymbosum L.","Vaccinium corymbosum L.","Vaccinium corymbosum"
"Vaccinium elliottii Chapm.","Vaccinium corymbosum L.","Vaccinium corymbosum"
"Vaccinium simulatum Small","Vaccinium corymbosum L.","Vaccinium corymbosum"
"Vaccinium virgatum Aiton","Vaccinium corymbosum L.","Vaccinium corymbosum"
"Vaccinium darrowii Camp","Vaccinium darrowii Camp","Vaccinium darrowii"
"Vaccinium darrowii/myrsinites","Vaccinium darrowii","Vaccinium darrowii"
"Vaccinium erythrocarpum Michx.","Vaccinium erythrocarpum Michx.","Vaccinium erythrocarpum"
"Vaccinium fuscatum Aiton","Vaccinium fuscatum Aiton","Vaccinium fuscatum"
"Vaccinium macrocarpon Aiton","Vaccinium macrocarpon Aiton","Vaccinium macrocarpon"
"Vaccinium membranaceum Douglas ex Torr.","Vaccinium membranaceum Douglas ex Torr.","Vaccinium membranaceum"
"Vaccinium myrsinites Lam.","Vaccinium myrsinites Lam.","Vaccinium myrsinites"
"Vaccinium myrtilloides Michx.","Vaccinium myrtilloides Michx.","Vaccinium myrtilloides"
"Vaccinium myrtillus/scoparium","Vaccinium myrtillus","Vaccinium myrtillus"
"Vaccinium myrtillus L.","Vaccinium myrtillus L.","Vaccinium myrtillus"
"Vaccinium ovalifolium Sm.","Vaccinium ovalifolium Sm.","Vaccinium ovalifolium"
"Vaccinium oxycoccos L.","Vaccinium oxycoccos L.","Vaccinium oxycoccos"
"Vaccinium pallidum Aiton","Vaccinium pallidum Aiton","Vaccinium pallidum"
"Vaccinium parvifolium Sm.","Vaccinium parvifolium Sm.","Vaccinium parvifolium"
"Vaccinium reticulatum Sm.","Vaccinium reticulatum Sm.","Vaccinium reticulatum"
"Vaccinium scoparium Leiberg ex Coville","Vaccinium scoparium Leiberg ex Coville","Vaccinium scoparium"
"Vaccinium spp.","Vaccinium spp.","Vaccinium sp."
"Vaccinium sp.","Vaccinium sp.","Vaccinium sp."
"Vaccinium stamineum L.","Vaccinium stamineum L.","Vaccinium stamineum"
"Vaccinium tenellum Aiton","Vaccinium tenellum Aiton","Vaccinium tenellum"
"Vaccinium uliginosum L.","Vaccinium uliginosum L.","Vaccinium uliginosum"
"Vaccinium vitis-idaea L.","Vaccinium vitis-idaea L.","Vaccinium vitis-idaea"
"Vachellia constricta (Benth.) Seigler & Ebinger","Vachellia constricta (Benth.) Seigler & Ebinger","Vachellia constricta"
"Acacia farnesiana (L.) Willd.","Vachellia farnesiana (L.) Wight & Arn.","Vachellia farnesiana"
"Acacia macracantha Humb. & Bonpl. ex Willd.","Vachellia macracantha (Humb. & Bonpl. ex Willd.) Seigler & Ebinger","Vachellia macracantha"
"Vachellia vernicosa (Britton & Rose) Seigler & Ebinger","Vachellia vernicosa (Britton & Rose) Seigler & Ebinger","Vachellia vernicosa"
"Valerianella amarella (Lindh. ex Engelm.) Krok","Valeriana amarella (Lindh. ex Engelm.) Christenh. & Byng","Valeriana amarella"
"Valeriana capitata Pall. ex Link","Valeriana capitata Pall. ex Link","Valeriana capitata"
"Plectritis ciliosa (Greene) Jeps.","Valeriana ciliosa (Greene) Byng & Christenh.","Valeriana ciliosa"
"Valeriana dioica L.","Valeriana dioica L.","Valeriana dioica"
"Valeriana edulis Nutt. ex Torr. & A. Gray","Valeriana edulis Nutt.","Valeriana edulis"
"Valeriana occidentalis A. Heller","Valeriana occidentalis A.Heller","Valeriana occidentalis"
"Valeriana sp.","Valeriana sp.","Valeriana sp."
"Valerianella radiata (L.) Dufr.","Valeriana woodsiana (Torr. & A.Gray) Christenh. & Byng","Valeriana woodsiana"
"Vallisneria americana Michx.","Vallisneria americana Michx.","Vallisneria americana"
"Vancouveria hexandra (Hook.) C. Morren & Decne.","Vancouveria hexandra C.Morren & Decne.","Vancouveria hexandra"
"Vanilla barbellata Rchb. f.","Vanilla barbellata Rchb.f.","Vanilla barbellata"
"Cordia bahamensis Urb.","Varronia bahamensis (Urb.) Millsp.","Varronia bahamensis"
"Cordia rupicola Urb.","Varronia rupicola (Urb.) Britton","Varronia rupicola"
"Veratrum californicum Durand","Veratrum californicum Durand","Veratrum californicum"
"Veratrum viride Aiton","Veratrum viride Aiton","Veratrum viride"
"Verbascum blattaria L.","Verbascum blattaria L.","Verbascum blattaria"
"Verbascum thapsus L.","Verbascum thapsus L.","Verbascum thapsus"
"Glandularia bipinnatifida (Nutt.) Nutt.","Verbena bipinnatifida Schauer","Verbena bipinnatifida"
"Glandularia bipinnatifida (Nutt.) Nutt. var. ciliata (Benth.) B.L. Turner","Verbena bipinnatifida var. nepetifolia (Tidestr.) Jeps.","Verbena bipinnatifida"
"Verbena bracteata Cav. ex Lag. & Rodr.","Verbena bracteata Cav. ex Lag. & Rodr.","Verbena bracteata"
"Verbena brasiliensis Vell.","Verbena brasiliensis Vell.","Verbena brasiliensis"
"Glandularia canadensis (L.) Nutt.","Verbena canadensis (L.) Britton","Verbena canadensis"
"Stylodon carneus (Medik.) Moldenke","Verbena carnea Medik.","Verbena carnea"
"Verbena halei Small","Verbena halei Small","Verbena halei"
"Verbena hastata L.","Verbena hastata L.","Verbena hastata"
"Verbena incompta P.W. Michael","Verbena incompta P.W.Michael","Verbena incompta"
"Verbena officinalis L.","Verbena officinalis L.","Verbena officinalis"
"Glandularia pumila (Rydb.) Umber","Verbena pumila Rydb.","Verbena pumila"
"Verbena scabra Vahl","Verbena scabra Vahl","Verbena scabra"
"Verbena simplex Lehm.","Verbena simplex Lehm.","Verbena simplex"
"Verbena sp.","Verbena sp.","Verbena sp."
"Verbena stricta Vent.","Verbena stricta Vent.","Verbena stricta"
"Glandularia tenera (Spreng.) Cabrera","Verbena tenera Spreng.","Verbena tenera"
"Verbena urticifolia L.","Verbena urticifolia L.","Verbena urticifolia"
"Verbesina alternifolia (L.) Britton ex Kearney","Verbesina alternifolia (L.) Britton ex Kearney","Verbesina alternifolia"
"Verbesina aristata (Elliott) A. Heller","Verbesina aristata A.Heller","Verbesina aristata"
"Verbesina encelioides (Cav.) Benth. & Hook. f. ex A. Gray","Verbesina encelioides (Cav.) Benth. & Hook.f. ex A.Gray","Verbesina encelioides"
"Verbesina helianthoides Michx.","Verbesina helianthoides Michx.","Verbesina helianthoides"
"Verbesina heterophylla (Chapm.) A. Gray","Verbesina heterophylla A.Gray","Verbesina heterophylla"
"Verbesina occidentalis (L.) Walter","Verbesina occidentalis Walter","Verbesina occidentalis"
"Verbesina sp.","Verbesina sp.","Verbesina sp."
"Verbesina virginica L.","Verbesina virginica L.","Verbesina virginica"
"Vernicia fordii (Hemsl.) Airy-Shaw","Vernicia fordii (Hemsl.) Airy Shaw","Vernicia fordii"
"Vernonia angustifolia Michx.","Vernonia angustifolia Michx.","Vernonia angustifolia"
"Vernonia arkansana DC.","Vernonia arkansana DC.","Vernonia arkansana"
"Vernonia baldwinii Torr.","Vernonia baldwinii Torr.","Vernonia baldwinii"
"Vernonia baldwinii Torr. ssp. interior (Small) Faust","Vernonia baldwinii var. interior (Small) B.G.Schub.","Vernonia baldwinii"
"Vernonia fasciculata Michx.","Vernonia fasciculata Michx.","Vernonia fasciculata"
"Vernonia gigantea (Walter) Trel.","Vernonia gigantea (Walter) Trel.","Vernonia gigantea"
"Vernonia sp.","Vernonia sp.","Vernonia sp."
"Veronica agrestis L.","Veronica agrestis L.","Veronica agrestis"
"Veronica americana Schwein. ex Benth.","Veronica americana (Raf.) Schwein. ex Benth.","Veronica americana"
"Veronica arvensis L.","Veronica arvensis L.","Veronica arvensis"
"Veronica biloba L.","Veronica biloba Schreb. ex L.","Veronica biloba"
"Veronica chamaedrys L.","Veronica chamaedrys L.","Veronica chamaedrys"
"Veronica hederifolia L.","Veronica hederifolia L.","Veronica hederifolia"
"Veronica officinalis L.","Veronica officinalis L.","Veronica officinalis"
"Veronica officinalis L. var. officinalis","Veronica officinalis L. var. officinalis","Veronica officinalis"
"Veronica peregrina L.","Veronica peregrina L.","Veronica peregrina"
"Veronica persica Poir.","Veronica persica Poir.","Veronica persica"
"Veronica polita Fr.","Veronica polita Fr.","Veronica polita"
"Veronica scutellata L.","Veronica scutellata L.","Veronica scutellata"
"Veronica serpyllifolia L.","Veronica serpyllifolia L.","Veronica serpyllifolia"
"Veronica sp.","Veronica sp.","Veronica sp."
"Veronica wormskjoldii Roem. & Schult. var. wormskjoldii","Veronica wormskjoldii Roem. & Schult. var. wormskjoldii","Veronica wormskjoldii"
"Veronica wormskjoldii Roem. & Schult.","Veronica wormskjoldii Roem. & Schult.","Veronica wormskjoldii"
"Besseya wyomingensis (A. Nelson) Rydb.","Veronica wyomingensis (A.Nelson) M.M.Mart.Ort. & Albach","Veronica wyomingensis"
"Veronicastrum virginicum (L.) Farw.","Veronicastrum virginicum (L.) Farw.","Veronicastrum virginicum"
"Cymopterus macrorhizus Buckley","Vesper macrorhizus (Buckley) R.L.Hartm. & G.L.Nesom","Vesper macrorhizus"
"Cymopterus montanus Nutt. ex Torr. & A. Gray","Vesper montanus (Torr. & A.Gray) R.L.Hartm. & G.L.Nesom","Vesper montanus"
"Cymopterus purpurascens (A. Gray) M.E. Jones","Vesper purpurascens (A.Gray) R.L.Hartm. & G.L.Nesom","Vesper purpurascens"
"Viburnum acerifolium L.","Viburnum acerifolium L.","Viburnum acerifolium"
"Viburnum nudum L. var. cassinoides (L.) Torr. & A. Gray","Viburnum cassinoides L.","Viburnum cassinoides"
"Viburnum dentatum L.","Viburnum dentatum L.","Viburnum dentatum"
"Viburnum dilatatum Thunb.","Viburnum dilatatum Thunb.","Viburnum dilatatum"
"Viburnum edule (Michx.) Raf.","Viburnum edule (Michx.) Raf.","Viburnum edule"
"Viburnum lantana L.","Viburnum lantana L.","Viburnum lantana"
"Viburnum lantanoides Michx.","Viburnum lantanoides Michx.","Viburnum lantanoides"
"Viburnum lentago L.","Viburnum lentago L.","Viburnum lentago"
"Viburnum nudum L.","Viburnum nudum L.","Viburnum nudum"
"Viburnum obovatum Walter","Viburnum obovatum Walter","Viburnum obovatum"
"Viburnum opulus L.","Viburnum opulus L.","Viburnum opulus"
"Viburnum prunifolium L.","Viburnum prunifolium L.","Viburnum prunifolium"
"Viburnum rafinesqueanum Schult.","Viburnum rafinesqueanum Schult.","Viburnum rafinesqueanum"
"Viburnum recognitum Fernald","Viburnum recognitum Fernald","Viburnum recognitum"
"Viburnum rufidulum Raf.","Viburnum rufidulum Raf.","Viburnum rufidulum"
"Viburnum sp.","Viburnum sp.","Viburnum sp."
"Viburnum opulus L. var. americanum Aiton","Viburnum trilobum Marshall","Viburnum trilobum"
"Viburnum dentatum L. var. venosum (Britton) Gleason","Viburnum venosum Britton","Viburnum venosum"
"Vicia americana Muhl. ex Willd.","Vicia americana Muhl. ex Willd.","Vicia americana"
"Vicia caroliniana Walter","Vicia caroliniana Walter","Vicia caroliniana"
"Vicia floridana S. Watson","Vicia floridana S.Watson","Vicia floridana"
"Vicia ludoviciana Nutt.","Vicia ludoviciana Nutt.","Vicia ludoviciana"
"Vicia americana Muhl. ex Willd. ssp. americana","Vicia mulleriana B.L.Turner","Vicia mulleriana"
"Vicia sativa L.","Vicia sativa L.","Vicia sativa"
"Vicia sativa L. ssp. nigra (L.) Ehrh.","Vicia sativa subsp. nigra Ehrh.","Vicia sativa"
"Vicia sp.","Vicia sp.","Vicia sp."
"Vicia spp.","Vicia spp.","Vicia sp."
"Vicia tetrasperma (L.) Schreb.","Vicia tetrasperma (L.) Schreb.","Vicia tetrasperma"
"Vicia villosa Roth","Vicia villosa Roth","Vicia villosa"
"Vicia villosa Roth ssp. varia (Host) Corb.","Vicia villosa subsp. varia (Host) Corb.","Vicia villosa"
"Viguiera dentata (Cav.) Spreng.","Viguiera dentata (Cav.) Spreng.","Viguiera dentata"
"Vinca minor L.","Vinca minor L.","Vinca minor"
"Vinca sp.","Vinca sp.","Vinca sp."
"Viola adunca Sm.","Viola adunca Sm.","Viola adunca"
"Viola adunca Sm. var. adunca","Viola adunca Sm. var. adunca","Viola adunca"
"Viola affinis Leconte","Viola affinis Leconte","Viola affinis"
"Viola arvensis Murray","Viola arvensis Murray","Viola arvensis"
"Viola blanda Willd.","Viola blanda Willd.","Viola blanda"
"Viola canadensis L.","Viola canadensis L.","Viola canadensis"
"Viola cucullata Aiton","Viola cucullata Aiton","Viola cucullata"
"Viola glabella Nutt.","Viola glabella Nutt.","Viola glabella"
"Viola hastata Michx.","Viola hastata Michx.","Viola hastata"
"Viola hirsutula Brainerd","Viola hirsutula Brainerd","Viola hirsutula"
"Viola labradorica Schrank","Viola labradorica Schrank","Viola labradorica"
"Viola lanceolata L.","Viola lanceolata L.","Viola lanceolata"
"Viola langloisii Greene, nom. inq.","Viola langloisii Greene","Viola langloisii"
"Viola macloskeyi Lloyd","Viola macloskeyi F.E.Lloyd","Viola macloskeyi"
"Viola missouriensis Greene","Viola missouriensis Greene","Viola missouriensis"
"Viola nephrophylla Greene","Viola nephrophylla Greene","Viola nephrophylla"
"Viola nuttallii Pursh","Viola nuttallii Pursh","Viola nuttallii"
"Viola ×palmata L. (pro sp.)","Viola palmata L.","Viola palmata"
"Viola triloba Schwein.","Viola palmata L.","Viola palmata"
"Viola ×primulifolia L. (pro sp.)","Viola patrinii Ging.","Viola patrinii"
"Viola pedata L.","Viola pedata L.","Viola pedata"
"Viola pedatifida G. Don","Viola pedatifida G.Don","Viola pedatifida"
"Viola pinetorum Greene","Viola pinetorum Greene","Viola pinetorum"
"Viola praemorsa Douglas ex Lindl.","Viola praemorsa Douglas","Viola praemorsa"
"Viola praemorsa Douglas ex Lindl. ssp. linguifolia (Nutt.) M.S. Baker & J.C. Clausen ex M. Peck","Viola praemorsa var. major (Hook.) M.Peck","Viola praemorsa"
"Viola pubescens Aiton","Viola pubescens Aiton","Viola pubescens"
"Viola pubescens Aiton var. pubescens","Viola pubescens Aiton var. pubescens","Viola pubescens"
"Viola purpurea Kellogg","Viola purpurea Kellogg","Viola purpurea"
"Viola aurea Kellogg","Viola purpurea var. aurea (Kellogg) M.S.Baker ex Jeps.","Viola purpurea"
"Viola bicolor Pursh","Viola rafinesquei Greene","Viola rafinesquei"
"Viola renifolia A. Gray","Viola renifolia A.Gray","Viola renifolia"
"Viola rostrata Pursh","Viola rostrata Muhl. ex Pursh","Viola rostrata"
"Viola rotundifolia Michx.","Viola rotundifolia Michx.","Viola rotundifolia"
"Viola sagittata Aiton","Viola sagittata Aiton","Viola sagittata"
"Viola sempervirens Greene","Viola sempervirens Greene","Viola sempervirens"
"Viola septemloba Leconte","Viola septemloba Leconte","Viola septemloba"
"Viola sororia Willd.","Viola sororia Willd.","Viola sororia"
"Viola sp.","Viola sp.","Viola sp."
"Viola spp.","Viola spp.","Viola sp."
"Viola striata Aiton","Viola striata Aiton","Viola striata"
"Viola tricolor L.","Viola tricolor L.","Viola tricolor"
"Viola triloba Schwein. var. triloba","Viola triloba Schwein. var. triloba","Viola triloba"
"Viola vallicola A. Nelson","Viola vallicola A.Nelson","Viola vallicola"
"Ammi visnaga (L.) Lam.","Visnaga daucoides Gaertn.","Visnaga daucoides"
"Vitex rotundifolia L. f.","Vitex rotundifolia L.f.","Vitex rotundifolia"
"Vitis aestivalis Michx.","Vitis aestivalis Michx.","Vitis aestivalis"
"Vitis aestivalis Michx. var. aestivalis","Vitis aestivalis Michx. var. aestivalis","Vitis aestivalis"
"Vitis cinerea (Engelm.) Engelm. ex Millard","Vitis cinerea (Engelm.) Millardet","Vitis cinerea"
"Vitis cinerea (Engelm.) Engelm. ex Millard var. floridana Munson","Vitis cinerea var. floridana Munson","Vitis cinerea"
"Vitis labrusca L.","Vitis labrusca L.","Vitis labrusca"
"Vitis mustangensis Buckley","Vitis mustangensis Buckley","Vitis mustangensis"
"Vitis palmata Vahl","Vitis palmata Vahl","Vitis palmata"
"Vitis riparia Michx.","Vitis riparia Michx.","Vitis riparia"
"Vitis rotundifolia Michx.","Vitis rotundifolia Michx.","Vitis rotundifolia"
"Vitis rotundifolia Michx. var. rotundifolia","Vitis rotundifolia var. rotundifolia","Vitis rotundifolia"
"Vitis sp.","Vitis sp.","Vitis sp."
"Vitis spp.","Vitis spp.","Vitis sp."
"Vitis vinifera L.","Vitis vinifera L.","Vitis vinifera"
"Vitis vulpina L.","Vitis vulpina L.","Vitis vulpina"
"Vittaria sp.","Vittaria sp.","Vittaria sp."
"Vulpia bromoides/elliotea","Vulpia bromoides","Vulpia bromoides"
"Vulpia microstachys/Vulpia myuros","Vulpia microstachys","Vulpia microstachys"
"Vulpia microstachys (Nutt.) Munro var. microstachys","Vulpia microstachys (Nutt.) Munro var. microstachys","Vulpia microstachys"
"Vulpia octoflora (Walter) Rydb. var. octoflora","Vulpia octoflora (Walter) Rydb. var. octoflora","Vulpia octoflora"
"Vulpia sp.","Vulpia sp.","Vulpia sp."
"Vulpia spp.","Vulpia spp.","Vulpia sp."
"Wahlenbergia marginata (Thunb.) A. DC.","Wahlenbergia marginata (Thunb.) A.DC.","Wahlenbergia marginata"
"Waldsteinia fragarioides (Michx.) Tratt.","Waldsteinia fragarioides (Michx.) Tratt.","Waldsteinia fragarioides"
"Waltheria calcicola Urb.","Waltheria calcicola Urb.","Waltheria calcicola"
"Waltheria indica L.","Waltheria indica L.","Waltheria indica"
"Wedelia fruticosa Jacq.","Wedelia fruticosa Jacq.","Wedelia fruticosa"
"Wedelia lanceolata DC.","Wedelia lanceolata DC.","Wedelia lanceolata"
"Wikstroemia sandwicensis Meisn.","Wikstroemia sandwicensis Meisn.","Wikstroemia sandwicensis"
"Wissadula amplissima (L.) R.E. Fries","Wissadula amplissima (L.) R.E.Fr.","Wissadula amplissima"
"Wissadula sp.","Wissadula sp.","Wissadula sp."
"Wisteria frutescens (L.) Poir.","Wisteria frutescens (L.) Poir.","Wisteria frutescens"
"Wisteria sinensis (Sims) DC.","Wisteria sinensis (Sims) DC.","Wisteria sinensis"
"Wisteria sp.","Wisteria sp.","Wisteria sp."
"Woodsia obtusa (Spreng.) Torr.","Woodsia obtusa (Spreng.) Torr.","Woodsia obtusa"
"Woodsia scopulina D.C. Eaton","Woodsia scopulina D.C.Eaton","Woodsia scopulina"
"Woodsia sp.","Woodsia sp.","Woodsia sp."
"Woodwardia areolata (L.) T. Moore","Woodwardia areolata (L.) T.Moore","Woodwardia areolata"
"Woodwardia fimbriata Sm.","Woodwardia fimbriata Sm.","Woodwardia fimbriata"
"Woodwardia sp.","Woodwardia sp.","Woodwardia sp."
"Woodwardia virginica (L.) Sm.","Woodwardia virginica (L.) Sm.","Woodwardia virginica"
"Balsamorhiza sagittata (Pursh) Nutt.","Wyethia sagittata (Pursh) Mabb.","Wyethia sagittata"
"Wyethia spp.","Wyethia spp.","Wyethia sp."
"Machaeranthera gracilis (Nutt.) Shinners","Xanthisma gracile (Nutt.) D.R.Morgan & R.L.Hartm.","Xanthisma gracile"
"Xanthisma sp.","Xanthisma sp.","Xanthisma sp."
"Machaeranthera pinnatifida (Hook.) Shinners ssp. pinnatifida var. pinnatifida","Xanthisma spinulosum var. spinulosum","Xanthisma spinulosum"
"Machaeranthera pinnatifida (Hook.) Shinners","Xanthisma spinulosum var. spinulosum","Xanthisma spinulosum"
"Xanthisma texanum DC.","Xanthisma texanum DC.","Xanthisma texanum"
"Xanthisma texanum DC. ssp. drummondii (Torr. & A. Gray) Semple","Xanthisma texanum var. drummondii (Torr. & A.Gray) A.Gray","Xanthisma texanum"
"Xanthium strumarium L. var. glabratum (DC.) Cronquist","Xanthium chinense Mill.","Xanthium chinense"
"Xanthium sp.","Xanthium sp.","Xanthium sp."
"Xanthium spinosum L.","Xanthium spinosum L.","Xanthium spinosum"
"Xanthium strumarium L.","Xanthium strumarium L.","Xanthium strumarium"
"Xerophyllum tenax (Pursh) Nutt.","Xerophyllum tenax (Pursh) Nutt.","Xerophyllum tenax"
"Ximenia americana L.","Ximenia americana L.","Ximenia americana"
"Xyris ambigua Bey. ex Kunth","Xyris ambigua Beyr. ex Kunth","Xyris ambigua"
"Xyris baldwiniana Schult.","Xyris baldwiniana Schult.","Xyris baldwiniana"
"Xyris brevifolia Michx.","Xyris brevifolia Michx.","Xyris brevifolia"
"Xyris calcicola E.L. Bridges & Orzell","Xyris calcicola E.L.Bridges & Orzell","Xyris calcicola"
"Xyris caroliniana Walter","Xyris caroliniana Walter","Xyris caroliniana"
"Xyris caroliniana/platylepis","Xyris caroliniana","Xyris caroliniana"
"Xyris drummondii Malme","Xyris drummondii Malme","Xyris drummondii"
"Xyris elliottii Chapm.","Xyris elliottii Chapm.","Xyris elliottii"
"Xyris fimbriata Elliott","Xyris fimbriata Elliott","Xyris fimbriata"
"Xyris floridana (Kral) E.L. Bridges & Orzell","Xyris floridana (Kral) E.L.Bridges & Orzell","Xyris floridana"
"Xyris jupicai Rich.","Xyris jupicai Rich.","Xyris jupicai"
"Xyris smalliana Nash","Xyris smalliana Nash","Xyris smalliana"
"Xyris sp.","Xyris sp.","Xyris sp."
"Xyris spp.","Xyris spp.","Xyris sp."
"Yabea microcarpa (Hook. & Arn.) Koso-Pol.","Yabea microcarpa (Hook. & Arn.) Koso-Pol.","Yabea microcarpa"
"Yeatesia viridiflora (Nees) Small","Yeatesia viridiflora (Nees) Small","Yeatesia viridiflora"
"Youngia japonica (L.) DC.","Youngia japonica (L.) DC.","Youngia japonica"
"Yucca aloifolia L.","Yucca aloifolia L.","Yucca aloifolia"
"Yucca arkansana Trel.","Yucca arkansana Trel.","Yucca arkansana"
"Yucca elata (Engelm.) Engelm.","Yucca elata (Engelm.) Engelm.","Yucca elata"
"Yucca filamentosa L.","Yucca filamentosa L.","Yucca filamentosa"
"Yucca flaccida Haw.","Yucca flaccida Haw.","Yucca flaccida"
"Yucca glauca Nutt.","Yucca glauca Nutt.","Yucca glauca"
"Yucca sp.","Yucca sp.","Yucca sp."
"Yucca spp.","Yucca spp.","Yucca sp."
"Zamia portoricensis Urb.","Zamia portoricensis Urb.","Zamia portoricensis"
"Zanthoxylum americanum Mill.","Zanthoxylum americanum Mill.","Zanthoxylum americanum"
"Zanthoxylum clava-herculis L.","Zanthoxylum clava-herculis L.","Zanthoxylum clava-herculis"
"Zanthoxylum hirsutum Buckley","Zanthoxylum clava-herculis subsp. fruticosum (A.Gray) Reynel","Zanthoxylum clava-herculis"
"Zanthoxylum flavum Vahl","Zanthoxylum flavum Vahl","Zanthoxylum flavum"
"Zanthoxylum monophyllum (Lam.) P. Wilson","Zanthoxylum schreberi (J.F.Gmel.) Reynel ex C.Nelson","Zanthoxylum schreberi"
"Zanthoxylum sp.","Zanthoxylum sp.","Zanthoxylum sp."
"Zapoteca portoricensis (Jacq.) H.M. Hern.","Zapoteca portoricensis (Jacq.) H.M.Hern.","Zapoteca portoricensis"
"Zea mays L.","Zea mays L.","Zea mays"
"Centaurium beyrichii (Torr. & A. Gray ex Torr.) B.L. Rob.","Zeltnera beyrichii (Torr.) G.Mans.","Zeltnera beyrichii"
"Centaurium texense (Griseb.) Fernald","Zeltnera texensis (Griseb.) G.Mans. ex J.S.Pringle","Zeltnera texensis"
"Centaurium venustum (A. Gray) B.L. Rob.","Zeltnera venusta (A.Gray) G.Mans.","Zeltnera venusta"
"Cooperia drummondii Herb.","Zephyranthes chlorosolen (Herb.) D.Dietr.","Zephyranthes chlorosolen"
"Zephyranthes longifolia Hemsl.","Zephyranthes longifolia Hemsl.","Zephyranthes longifolia"
"Zigadenus elegans Pursh ssp. elegans","Zigadenus elegans Pursh ssp. elegans","Zigadenus elegans"
"Zigadenus sp.","Zigadenus sp.","Zigadenus sp."
"Zigadenus spp.","Zigadenus spp.","Zigadenus sp."
"Zinnia acerosa (DC.) A. Gray","Zinnia acerosa (DC.) A.Gray","Zinnia acerosa"
"Zinnia grandiflora Nutt.","Zinnia grandiflora Nutt.","Zinnia grandiflora"
"Zinnia sp.","Zinnia sp.","Zinnia sp."
"Zizia aptera (A. Gray) Fernald","Zizia aptera (A.Gray) Fernald","Zizia aptera"
"Zizia aurea (L.) W.D.J. Koch","Zizia aurea (L.) W.D.J.Koch","Zizia aurea"
"Zizia sp.","Zizia sp.","Zizia sp."
"Zornia bracteata Walter ex J.F. Gmel.","Zornia bracteata J.F.Gmel.","Zornia bracteata"
"Zornia sp.","Zornia sp.","Zornia sp."
"×Triticosecale","×Triticosecale",NA
